debugt73ZG:debug7Tng0,prolific_ID1,sdfaefquygqefygifygqigfy
debugt73ZG:debug7Tng0,prolific_ID2,sdfaefquygqefygifygqigfy
debugNwt81:debugZVS5r,prolific_ID1,sdfaefquygqefygifygqigfy
debugNwt81:debugZVS5r,prolific_ID2,sdfaefquygqefygifygqigfy
debugDCQwd:debugwldIF,prolific_ID1,613f4cc02c68dc6980c4c7c0
debugDCQwd:debugwldIF,prolific_ID2,613f4cc02c68dc6980c4c7c0
debugDCQwd:debugwldIF,Audio_Catch,99
debugDCQwd:debugwldIF,Comp_Q1,1
debugDCQwd:debugwldIF,Comp_Q2,3
debugDCQwd:debugwldIF,Comp_Q3,4
debugDCQwd:debugwldIF,Comp_Q4,1
debugDCQwd:debugwldIF,subj_strategy,When things went wrong for keith
debugDCQwd:debugwldIF,subj_purpose,How people predict things happening in fims.
debugDCQwd:debugwldIF,subj_engage,7
debugDCQwd:debugwldIF,subj_interest,7
debugDCQwd:debugwldIF,subj_enjoy,5
debugDCQwd:debugwldIF,subj_predict,4
debugDCQwd:debugwldIF,subj_seen,N
debugDCQwd:debugwldIF,demographics_age,20-24
debugDCQwd:debugwldIF,demographics_gender,F
debugDCQwd:debugwldIF,demographics_hand,Right
debugDCQwd:debugwldIF,demographics_nativelang,Y
debugDCQwd:debugwldIF,demographics_fluency,Y
debugDCQwd:debugwldIF,demographics_race,White
debugDCQwd:debugwldIF,demographics_hispanic,N
debugDCQwd:debugwldIF,demographics_education,2
debugDCQwd:debugwldIF,demographics_nativelang_text,
debugDCQwd:debugwldIF,demographics_fluency_text,
debugDCQwd:debugwldIF,subj_spoiler_text,There should be build up and you should not be expecting it.
debugDCQwd:debugwldIF,subj_trailer_text,It can define whether I will be interested in the movie
debugDCQwd:debugwldIF,subj_spoiler_addtltext,
debugDCQwd:debugwldIF,subj_feedback,
debugDCQwd:debugwldIF,subj_attention,N
debugDCQwd:debugwldIF,subj_spoiler_use,AlwaysAvoid
debugDCQwd:debugwldIF,subj_trailer_use,SometimesSeek
debugDCQwd:debugwldIF,subj_attention_text,
debug57Gcy:debugGjd5e,prolific_ID1,613cf3d42de25ee7fb536163
debug57Gcy:debugGjd5e,prolific_ID2,613cf3d42de25ee7fb536163
debug57Gcy:debugGjd5e,Audio_Catch,98
debug57Gcy:debugGjd5e,Comp_Q1,1
debug57Gcy:debugGjd5e,Comp_Q2,3
debug57Gcy:debugGjd5e,Comp_Q3,4
debug57Gcy:debugGjd5e,Comp_Q4,1
debug57Gcy:debugGjd5e,subj_strategy,Common sense I guess 
debug57Gcy:debugGjd5e,subj_purpose,Use of context clues? 
debug57Gcy:debugGjd5e,subj_engage,5
debug57Gcy:debugGjd5e,subj_interest,7
debug57Gcy:debugGjd5e,subj_enjoy,6
debug57Gcy:debugGjd5e,subj_predict,3
debug57Gcy:debugGjd5e,subj_seen,N
debug57Gcy:debugGjd5e,demographics_age,20-24
debug57Gcy:debugGjd5e,demographics_gender,F
debug57Gcy:debugGjd5e,demographics_hand,Right
debug57Gcy:debugGjd5e,demographics_nativelang,Y
debug57Gcy:debugGjd5e,demographics_fluency,Y
debug57Gcy:debugGjd5e,demographics_race,White
debug57Gcy:debugGjd5e,demographics_hispanic,Y
debug57Gcy:debugGjd5e,demographics_education,2
debug57Gcy:debugGjd5e,demographics_nativelang_text,
debug57Gcy:debugGjd5e,demographics_fluency_text,
debug57Gcy:debugGjd5e,subj_spoiler_text,I like predictability and knowing what will happen. 
debug57Gcy:debugGjd5e,subj_trailer_text,"If it is a movie I am really excited about, I will look for it. If not, I usually just see them online or because of TV ads. "
debug57Gcy:debugGjd5e,subj_spoiler_addtltext,N/A
debug57Gcy:debugGjd5e,subj_feedback,N/A
debug57Gcy:debugGjd5e,subj_attention,N
debug57Gcy:debugGjd5e,subj_spoiler_use,SometimesSeek
debug57Gcy:debugGjd5e,subj_trailer_use,Neutral
debug57Gcy:debugGjd5e,subj_attention_text,N/A
debug8Sxwt:debugcThcM,prolific_ID1,sdfaefquygqefygifygqigfy
debug8Sxwt:debugcThcM,prolific_ID2,sdfaefquygqefygifygqigfy
debugQzI5Q:debugQKvgq,prolific_ID1,iudusgfiugawdiofdgofiasg
debugQzI5Q:debugQKvgq,prolific_ID2,iudusgfiugawdiofdgofiasg
debugIWQL3:debugBBExs,prolific_ID1,60643609392011e61880900d
debugIWQL3:debugBBExs,prolific_ID2,60643609392011e61880900d
debugIWQL3:debugBBExs,Audio_Catch,99
debugIWQL3:debugBBExs,Comp_Q1,1
debugIWQL3:debugBBExs,Comp_Q2,3
debugIWQL3:debugBBExs,Comp_Q3,4
debugIWQL3:debugBBExs,Comp_Q4,1
debugIWQL3:debugBBExs,subj_strategy,I feel like I did not necessarily have a strategy - rather I just tried to think somewhat rationally about what may happen. 
debugIWQL3:debugBBExs,subj_purpose,Rational thinking. 
debugIWQL3:debugBBExs,subj_engage,5
debugIWQL3:debugBBExs,subj_interest,5
debugIWQL3:debugBBExs,subj_enjoy,5
debugIWQL3:debugBBExs,subj_predict,4
debugIWQL3:debugBBExs,subj_seen,N
debugIWQL3:debugBBExs,demographics_age,20-24
debugIWQL3:debugBBExs,demographics_gender,F
debugIWQL3:debugBBExs,demographics_hand,Right
debugIWQL3:debugBBExs,demographics_nativelang,Y
debugIWQL3:debugBBExs,demographics_fluency,Y
debugIWQL3:debugBBExs,demographics_race,White
debugIWQL3:debugBBExs,demographics_hispanic,N
debugIWQL3:debugBBExs,demographics_education,4
debugIWQL3:debugBBExs,demographics_nativelang_text,
debugIWQL3:debugBBExs,demographics_fluency_text,
debugIWQL3:debugBBExs,subj_spoiler_text,Because I often want to watch the media. 
debugIWQL3:debugBBExs,subj_trailer_text,Because I am interested in the media and would like to see a little segment of it. 
debugIWQL3:debugBBExs,subj_spoiler_addtltext,
debugIWQL3:debugBBExs,subj_feedback,
debugIWQL3:debugBBExs,subj_attention,N
debugIWQL3:debugBBExs,subj_spoiler_use,SometimesAvoid
debugIWQL3:debugBBExs,subj_trailer_use,SometimesSeek
debugIWQL3:debugBBExs,subj_attention_text,
debug3RVKx:debugpNBsm,prolific_ID1,610818b0e42298de20bcf64c
debug3RVKx:debugpNBsm,prolific_ID2,610818b0e42298de20bcf64c
debug3RVKx:debugpNBsm,Audio_Catch,4
debug3RVKx:debugpNBsm,Comp_Q1,1
debug3RVKx:debugpNBsm,Comp_Q2,3
debug3RVKx:debugpNBsm,Comp_Q3,4
debug3RVKx:debugpNBsm,Comp_Q4,1
debug3RVKx:debugpNBsm,subj_strategy,watching it without interruptions (stop and go)
debug3RVKx:debugpNBsm,subj_purpose,"Attention and Foresight, being able to predict outcome."
debug3RVKx:debugpNBsm,subj_engage,4
debug3RVKx:debugpNBsm,subj_interest,4
debug3RVKx:debugpNBsm,subj_enjoy,4
debug3RVKx:debugpNBsm,subj_predict,3
debug3RVKx:debugpNBsm,subj_seen,N
debug3RVKx:debugpNBsm,demographics_age,55-59
debug3RVKx:debugpNBsm,demographics_gender,F
debug3RVKx:debugpNBsm,demographics_hand,Right
debug3RVKx:debugpNBsm,demographics_nativelang,Y
debug3RVKx:debugpNBsm,demographics_fluency,Y
debug3RVKx:debugpNBsm,demographics_race,White
debug3RVKx:debugpNBsm,demographics_hispanic,N
debug3RVKx:debugpNBsm,demographics_education,2
debug3RVKx:debugpNBsm,demographics_nativelang_text,
debug3RVKx:debugpNBsm,demographics_fluency_text,
debug3RVKx:debugpNBsm,subj_spoiler_text,"I enjoy being teased. I like knowing a little about what's going to happen, it's the deciding factor of whether I want to commit to watching or not."
debug3RVKx:debugpNBsm,subj_trailer_text,It gives me something to get excited about and I can decide whether I want to commit to the particular show or not. I usually can tell if something is going to interest me or not by the trailer.
debug3RVKx:debugpNBsm,subj_spoiler_addtltext,none.
debug3RVKx:debugpNBsm,subj_feedback,I enjoyed it and thought it was kind of fun.
debug3RVKx:debugpNBsm,subj_attention,N
debug3RVKx:debugpNBsm,subj_spoiler_use,SometimesSeek
debug3RVKx:debugpNBsm,subj_trailer_use,AlwaysSeek
debug3RVKx:debugpNBsm,subj_attention_text,
debugQxZ4B:debuga7Twa,prolific_ID1,6127db7443fb930ee540e944
debugQxZ4B:debuga7Twa,prolific_ID2,6127db7443fb930ee540e944
debugQxZ4B:debuga7Twa,Audio_Catch,0
debugQxZ4B:debuga7Twa,Comp_Q1,1
debugQxZ4B:debuga7Twa,Comp_Q2,3
debugQxZ4B:debuga7Twa,Comp_Q3,4
debugQxZ4B:debuga7Twa,Comp_Q4,1
debugQxZ4B:debuga7Twa,subj_strategy,watched and thought
debugQxZ4B:debuga7Twa,subj_purpose,predictability and comprehension
debugQxZ4B:debuga7Twa,subj_engage,7
debugQxZ4B:debuga7Twa,subj_interest,7
debugQxZ4B:debuga7Twa,subj_enjoy,7
debugQxZ4B:debuga7Twa,subj_predict,5
debugQxZ4B:debuga7Twa,subj_seen,N
debugQxZ4B:debuga7Twa,demographics_age,30-34
debugQxZ4B:debuga7Twa,demographics_gender,M
debugQxZ4B:debuga7Twa,demographics_hand,Right
debugQxZ4B:debuga7Twa,demographics_nativelang,Y
debugQxZ4B:debuga7Twa,demographics_fluency,Y
debugQxZ4B:debuga7Twa,demographics_race,White
debugQxZ4B:debuga7Twa,demographics_hispanic,N
debugQxZ4B:debuga7Twa,demographics_education,3
debugQxZ4B:debuga7Twa,demographics_nativelang_text,
debugQxZ4B:debuga7Twa,demographics_fluency_text,
debugQxZ4B:debuga7Twa,subj_spoiler_text,ruins the movie or whatever youre doing
debugQxZ4B:debuga7Twa,subj_trailer_text,To get an idea what its about
debugQxZ4B:debuga7Twa,subj_spoiler_addtltext,.
debugQxZ4B:debuga7Twa,subj_feedback,.
debugQxZ4B:debuga7Twa,subj_attention,Y
debugQxZ4B:debuga7Twa,subj_spoiler_use,Neutral
debugQxZ4B:debuga7Twa,subj_trailer_use,AlwaysSeek
debugQxZ4B:debuga7Twa,subj_attention_text,
debugdMAVU:debugnpaP0,prolific_ID1,610371cac4468adfe775fcf7
debugdMAVU:debugnpaP0,prolific_ID2,610371cac4468adfe775fcf7
debugdMAVU:debugnpaP0,Audio_Catch,4
debugdMAVU:debugnpaP0,Comp_Q1,1
debugdMAVU:debugnpaP0,Comp_Q2,3
debugdMAVU:debugnpaP0,Comp_Q3,4
debugdMAVU:debugnpaP0,Comp_Q4,1
debugdMAVU:debugnpaP0,subj_strategy,"I tried to use logic, but as the video went on, less logic could be applied"
debugdMAVU:debugnpaP0,subj_purpose,Predictions 
debugdMAVU:debugnpaP0,subj_engage,7
debugdMAVU:debugnpaP0,subj_interest,3
debugdMAVU:debugnpaP0,subj_enjoy,2
debugdMAVU:debugnpaP0,subj_predict,1
debugdMAVU:debugnpaP0,subj_seen,N
debugdMAVU:debugnpaP0,demographics_age,30-34
debugdMAVU:debugnpaP0,demographics_gender,M
debugdMAVU:debugnpaP0,demographics_hand,Left
debugdMAVU:debugnpaP0,demographics_nativelang,Y
debugdMAVU:debugnpaP0,demographics_fluency,Y
debugdMAVU:debugnpaP0,demographics_race,White
debugdMAVU:debugnpaP0,demographics_hispanic,N
debugdMAVU:debugnpaP0,demographics_education,2
debugdMAVU:debugnpaP0,demographics_nativelang_text,
debugdMAVU:debugnpaP0,demographics_fluency_text,
debugdMAVU:debugnpaP0,subj_spoiler_text,I like to watch something for the first time without knowing what happens. If I know what happens then the suspense is taken away.
debugdMAVU:debugnpaP0,subj_trailer_text,Some trailers only show the good parts of the movie. Sometimes trailers spoil big parts of the movie when the part finally does come up.
debugdMAVU:debugnpaP0,subj_spoiler_addtltext,
debugdMAVU:debugnpaP0,subj_feedback,Thank you
debugdMAVU:debugnpaP0,subj_attention,N
debugdMAVU:debugnpaP0,subj_spoiler_use,SometimesAvoid
debugdMAVU:debugnpaP0,subj_trailer_use,SometimesSeek
debugdMAVU:debugnpaP0,subj_attention_text,
debughf9hC:debugeWSix,prolific_ID1,5fd6885b3764783af6af6e74
debughf9hC:debugeWSix,prolific_ID2,5fd6885b3764783af6af6e74
debugFWBDn:debugoK4Mt,prolific_ID1,6131be3d1eecf730b0029229
debugFWBDn:debugoK4Mt,prolific_ID2,6131be3d1eecf730b0029229
debugFWBDn:debugoK4Mt,Audio_Catch,3
debugFWBDn:debugoK4Mt,Comp_Q1,1
debugFWBDn:debugoK4Mt,Comp_Q2,3
debugFWBDn:debugoK4Mt,Comp_Q3,4
debugFWBDn:debugoK4Mt,Comp_Q4,1
debugFWBDn:debugoK4Mt,subj_strategy,I would use whatever the narrator said right before the clip ends and also the information which was given in the movie to predict the outcome.
debugFWBDn:debugoK4Mt,subj_purpose,This experiment is trying to measure people's concentration and awareness whilst watching a movie. It also measures their ability the predict outcomes when they are given a small amount of information.
debugFWBDn:debugoK4Mt,subj_engage,6
debugFWBDn:debugoK4Mt,subj_interest,6
debugFWBDn:debugoK4Mt,subj_enjoy,5
debugFWBDn:debugoK4Mt,subj_predict,4
debugFWBDn:debugoK4Mt,subj_seen,N
debugFWBDn:debugoK4Mt,demographics_age,18-19
debugFWBDn:debugoK4Mt,demographics_gender,M
debugFWBDn:debugoK4Mt,demographics_hand,Right
debugFWBDn:debugoK4Mt,demographics_nativelang,Y
debugFWBDn:debugoK4Mt,demographics_fluency,Y
debugFWBDn:debugoK4Mt,demographics_race,Asian
debugFWBDn:debugoK4Mt,demographics_hispanic,N
debugFWBDn:debugoK4Mt,demographics_education,1
debugFWBDn:debugoK4Mt,demographics_nativelang_text,
debugFWBDn:debugoK4Mt,demographics_fluency_text,
debugFWBDn:debugoK4Mt,subj_spoiler_text,"Spoilers, which are called spoilers. Pretty much spoils the plot and ruins the entertainment level. I don't like being spoiled as I like to be surprised when watching television"
debugFWBDn:debugoK4Mt,subj_trailer_text,"Trailers usually don't have spoilers, I like watching them to know what I'm about to watch"
debugFWBDn:debugoK4Mt,subj_spoiler_addtltext,
debugFWBDn:debugoK4Mt,subj_feedback,
debugFWBDn:debugoK4Mt,subj_attention,N
debugFWBDn:debugoK4Mt,subj_spoiler_use,SometimesAvoid
debugFWBDn:debugoK4Mt,subj_trailer_use,SometimesSeek
debugFWBDn:debugoK4Mt,subj_attention_text,
debugt7GiM:debugosNtG,prolific_ID1,6137f825ed38ccffff7f4b21
debugt7GiM:debugosNtG,prolific_ID2,6137f825ed38ccffff7f4b21
debugt7GiM:debugosNtG,Audio_Catch,1
debugt7GiM:debugosNtG,Comp_Q1,1
debugt7GiM:debugosNtG,Comp_Q2,3
debugt7GiM:debugosNtG,Comp_Q3,4
debugt7GiM:debugosNtG,Comp_Q4,1
debugt7GiM:debugosNtG,subj_strategy,"I figured it would not be a murder video, so I always gave Keith the benefit of the doubt."
debugt7GiM:debugosNtG,subj_purpose,How well you do with inferring. 
debugt7GiM:debugosNtG,subj_engage,6
debugt7GiM:debugosNtG,subj_interest,6
debugt7GiM:debugosNtG,subj_enjoy,5
debugt7GiM:debugosNtG,subj_predict,2
debugt7GiM:debugosNtG,subj_seen,N
debugt7GiM:debugosNtG,demographics_age,20-24
debugt7GiM:debugosNtG,demographics_gender,M
debugt7GiM:debugosNtG,demographics_hand,Right
debugt7GiM:debugosNtG,demographics_nativelang,Y
debugt7GiM:debugosNtG,demographics_fluency,Y
debugt7GiM:debugosNtG,demographics_race,White
debugt7GiM:debugosNtG,demographics_hispanic,N
debugt7GiM:debugosNtG,demographics_education,3
debugt7GiM:debugosNtG,demographics_nativelang_text,
debugt7GiM:debugosNtG,demographics_fluency_text,
debugt7GiM:debugosNtG,subj_spoiler_text,It makes the video not worth watching because the end is the best part usually.
debugt7GiM:debugosNtG,subj_trailer_text,Because it can tell you if you would enjoy the movie or not.
debugt7GiM:debugosNtG,subj_spoiler_addtltext,
debugt7GiM:debugosNtG,subj_feedback,
debugt7GiM:debugosNtG,subj_attention,N
debugt7GiM:debugosNtG,subj_spoiler_use,AlwaysAvoid
debugt7GiM:debugosNtG,subj_trailer_use,SometimesSeek
debugt7GiM:debugosNtG,subj_attention_text,
debugoWJQy:debugu99C7,prolific_ID1,5a56bfa0acc75b00017a15f2
debugoWJQy:debugu99C7,prolific_ID2,5a56bfa0acc75b00017a15f2
debugoWJQy:debugu99C7,Audio_Catch,0
debugoWJQy:debugu99C7,Comp_Q1,1
debugoWJQy:debugu99C7,Comp_Q2,3
debugoWJQy:debugu99C7,Comp_Q3,4
debugoWJQy:debugu99C7,Comp_Q4,1
debugoWJQy:debugu99C7,subj_strategy, I tried to find a pattern in the events. I also followed social norms and tropes from TV.
debugoWJQy:debugu99C7,subj_purpose,  I think this experiment is trying to measure the viewers ability to predict unusual events such as death. 
debugoWJQy:debugu99C7,subj_engage,5
debugoWJQy:debugu99C7,subj_interest,5
debugoWJQy:debugu99C7,subj_enjoy,4
debugoWJQy:debugu99C7,subj_predict,3
debugoWJQy:debugu99C7,subj_seen,N
debugoWJQy:debugu99C7,demographics_age,20-24
debugoWJQy:debugu99C7,demographics_gender,F
debugoWJQy:debugu99C7,demographics_hand,Right
debugoWJQy:debugu99C7,demographics_nativelang,Y
debugoWJQy:debugu99C7,demographics_fluency,Y
debugoWJQy:debugu99C7,demographics_race,White
debugoWJQy:debugu99C7,demographics_hispanic,N
debugoWJQy:debugu99C7,demographics_education,5
debugoWJQy:debugu99C7,demographics_nativelang_text,
debugoWJQy:debugu99C7,demographics_fluency_text,
debugoWJQy:debugu99C7,subj_spoiler_text, Spoilers ruin the point of entertainment for me; I like to predict what will happen and how. 
debugoWJQy:debugu99C7,subj_trailer_text," Recently, I feel movie trailers have begun to reveal more and more of the film. If they reveal too much, I don't like to watch the film. "
debugoWJQy:debugu99C7,subj_spoiler_addtltext,
debugoWJQy:debugu99C7,subj_feedback,
debugoWJQy:debugu99C7,subj_attention,N
debugoWJQy:debugu99C7,subj_spoiler_use,SometimesAvoid
debugoWJQy:debugu99C7,subj_trailer_use,SometimesAvoid
debugoWJQy:debugu99C7,subj_attention_text,
debugsljEA:debugyTjgn,prolific_ID1,613b548f2df7df50aa13733b
debugsljEA:debugyTjgn,prolific_ID2,613b548f2df7df50aa13733b
debugsljEA:debugyTjgn,Audio_Catch,0
debugsljEA:debugyTjgn,Comp_Q1,1
debugsljEA:debugyTjgn,Comp_Q2,3
debugsljEA:debugyTjgn,Comp_Q3,4
debugsljEA:debugyTjgn,Comp_Q4,1
debugsljEA:debugyTjgn,subj_strategy,Tried to think what had happened previously to predict the next step
debugsljEA:debugyTjgn,subj_purpose,How well people are a judging situations and predicting what is likely to happen. 
debugsljEA:debugyTjgn,subj_engage,5
debugsljEA:debugyTjgn,subj_interest,4
debugsljEA:debugyTjgn,subj_enjoy,4
debugsljEA:debugyTjgn,subj_predict,3
debugsljEA:debugyTjgn,subj_seen,N
debugsljEA:debugyTjgn,demographics_age,45-49
debugsljEA:debugyTjgn,demographics_gender,F
debugsljEA:debugyTjgn,demographics_hand,Right
debugsljEA:debugyTjgn,demographics_nativelang,Y
debugsljEA:debugyTjgn,demographics_fluency,Y
debugsljEA:debugyTjgn,demographics_race,White
debugsljEA:debugyTjgn,demographics_hispanic,N
debugsljEA:debugyTjgn,demographics_education,1
debugsljEA:debugyTjgn,demographics_nativelang_text,
debugsljEA:debugyTjgn,demographics_fluency_text,
debugsljEA:debugyTjgn,subj_spoiler_text,I like spoilers as I sometimes can't wait to find out what is going to happen.
debugsljEA:debugyTjgn,subj_trailer_text,I watch them if I come across them as it may make me decide to watch 
debugsljEA:debugyTjgn,subj_spoiler_addtltext,I would rather spoilers didnt exist as I can't help seek them out and ruining the element of surprise. 
debugsljEA:debugyTjgn,subj_feedback,
debugsljEA:debugyTjgn,subj_attention,N
debugsljEA:debugyTjgn,subj_spoiler_use,SometimesSeek
debugsljEA:debugyTjgn,subj_trailer_use,Neutral
debugsljEA:debugyTjgn,subj_attention_text,
debugFIoZy:debugT0y7i,prolific_ID1,sdfaefquygqefygifygqigfy
debugFIoZy:debugT0y7i,prolific_ID2,sdfaefquygqefygifygqigfy
debugPcJwU:debugPRXjl,prolific_ID1,5d9d0150c17dcf0016529af7
debugPcJwU:debugPRXjl,prolific_ID2,5d9d0150c17dcf0016529af7
debugPcJwU:debugPRXjl,Audio_Catch,4
debugPcJwU:debugPRXjl,Comp_Q1,1
debugPcJwU:debugPRXjl,Comp_Q2,3
debugPcJwU:debugPRXjl,Comp_Q3,4
debugPcJwU:debugPRXjl,Comp_Q4,1
debugPcJwU:debugPRXjl,subj_strategy,I just tried to be ridiculous
debugPcJwU:debugPRXjl,subj_purpose,Whether this movie was predictable
debugPcJwU:debugPRXjl,subj_engage,1
debugPcJwU:debugPRXjl,subj_interest,1
debugPcJwU:debugPRXjl,subj_enjoy,2
debugPcJwU:debugPRXjl,subj_predict,1
debugPcJwU:debugPRXjl,subj_seen,N
debugPcJwU:debugPRXjl,demographics_age,25-29
debugPcJwU:debugPRXjl,demographics_gender,F
debugPcJwU:debugPRXjl,demographics_hand,Right
debugPcJwU:debugPRXjl,demographics_nativelang,Y
debugPcJwU:debugPRXjl,demographics_fluency,Y
debugPcJwU:debugPRXjl,demographics_race,White
debugPcJwU:debugPRXjl,demographics_hispanic,N
debugPcJwU:debugPRXjl,demographics_education,5
debugPcJwU:debugPRXjl,demographics_nativelang_text,
debugPcJwU:debugPRXjl,demographics_fluency_text,
debugPcJwU:debugPRXjl,subj_spoiler_text,Because what's the point of watching or reading something if you already know what is going to happen
debugPcJwU:debugPRXjl,subj_trailer_text,Sometimes trailers help prompt me to watch a film however sometimes trailers are too indepth and give too much away
debugPcJwU:debugPRXjl,subj_spoiler_addtltext,
debugPcJwU:debugPRXjl,subj_feedback,
debugPcJwU:debugPRXjl,subj_attention,N
debugPcJwU:debugPRXjl,subj_spoiler_use,AlwaysAvoid
debugPcJwU:debugPRXjl,subj_trailer_use,Neutral
debugPcJwU:debugPRXjl,subj_attention_text,None
debugdoVtY:debugsmeTU,prolific_ID1,610058f21b82dddf45b44009
debugdoVtY:debugsmeTU,prolific_ID2,610058f21b82dddf45b44009
debugdoVtY:debugsmeTU,Audio_Catch,1
debugdoVtY:debugsmeTU,Comp_Q1,1
debugdoVtY:debugsmeTU,Comp_Q2,3
debugdoVtY:debugsmeTU,Comp_Q3,4
debugdoVtY:debugsmeTU,Comp_Q4,1
debugdoVtY:debugsmeTU,subj_strategy,i just assumed the most extreme thing would happen 
debugdoVtY:debugsmeTU,subj_purpose,ability to predict events or seeing how predictible this video was to viewers  
debugdoVtY:debugsmeTU,subj_engage,7
debugdoVtY:debugsmeTU,subj_interest,7
debugdoVtY:debugsmeTU,subj_enjoy,7
debugdoVtY:debugsmeTU,subj_predict,5
debugdoVtY:debugsmeTU,subj_seen,N
debugdoVtY:debugsmeTU,demographics_age,20-24
debugdoVtY:debugsmeTU,demographics_gender,M
debugdoVtY:debugsmeTU,demographics_hand,Right
debugdoVtY:debugsmeTU,demographics_nativelang,Y
debugdoVtY:debugsmeTU,demographics_fluency,Y
debugdoVtY:debugsmeTU,demographics_race,White
debugdoVtY:debugsmeTU,demographics_hispanic,N
debugdoVtY:debugsmeTU,demographics_education,2
debugdoVtY:debugsmeTU,demographics_nativelang_text,English 
debugdoVtY:debugsmeTU,demographics_fluency_text,
debugdoVtY:debugsmeTU,subj_spoiler_text,"I feel this way because , if it is a piece of media like a really good movie ive been anticipating watching then I would defintelty avoid spoilers to preserve my initial experience and see a good piece of film as intented by who created it "
debugdoVtY:debugsmeTU,subj_trailer_text,"i only watch trailers of highly anticipated mopvies or tv shows that appeal to me , but i rarely seek out random trailers other than that "
debugdoVtY:debugsmeTU,subj_spoiler_addtltext,
debugdoVtY:debugsmeTU,subj_feedback,
debugdoVtY:debugsmeTU,subj_attention,N
debugdoVtY:debugsmeTU,subj_spoiler_use,SometimesAvoid
debugdoVtY:debugsmeTU,subj_trailer_use,SometimesSeek
debugdoVtY:debugsmeTU,subj_attention_text,
debug7t8f6:debugZPvBC,prolific_ID1,61364d250433ee40764f71b4
debug7t8f6:debugZPvBC,prolific_ID2,61364d250433ee40764f71b4
debug7t8f6:debugZPvBC,Audio_Catch,5
debug7t8f6:debugZPvBC,Comp_Q1,1
debug7t8f6:debugZPvBC,Comp_Q2,3
debug7t8f6:debugZPvBC,Comp_Q3,4
debug7t8f6:debugZPvBC,Comp_Q4,1
debug7t8f6:debugZPvBC,subj_strategy,Previous movies? 
debug7t8f6:debugZPvBC,subj_purpose,Predictability 
debug7t8f6:debugZPvBC,subj_engage,7
debug7t8f6:debugZPvBC,subj_interest,7
debug7t8f6:debugZPvBC,subj_enjoy,1
debug7t8f6:debugZPvBC,subj_predict,1
debug7t8f6:debugZPvBC,subj_seen,N
debug7t8f6:debugZPvBC,demographics_age,30-34
debug7t8f6:debugZPvBC,demographics_gender,F
debug7t8f6:debugZPvBC,demographics_hand,Right
debug7t8f6:debugZPvBC,demographics_nativelang,Y
debug7t8f6:debugZPvBC,demographics_fluency,Y
debug7t8f6:debugZPvBC,demographics_race,Asian
debug7t8f6:debugZPvBC,demographics_hispanic,N
debug7t8f6:debugZPvBC,demographics_education,5
debug7t8f6:debugZPvBC,demographics_nativelang_text,
debug7t8f6:debugZPvBC,demographics_fluency_text,
debug7t8f6:debugZPvBC,subj_spoiler_text,To avoid being shocked at unpredictable scenes 
debug7t8f6:debugZPvBC,subj_trailer_text,To see how good the movie is 
debug7t8f6:debugZPvBC,subj_spoiler_addtltext,
debug7t8f6:debugZPvBC,subj_feedback,
debug7t8f6:debugZPvBC,subj_attention,N
debug7t8f6:debugZPvBC,subj_spoiler_use,AlwaysSeek
debug7t8f6:debugZPvBC,subj_trailer_use,AlwaysSeek
debug7t8f6:debugZPvBC,subj_attention_text,
debugjqAen:debugiKrDT,prolific_ID1,61075db370c52aecce78618b
debugjqAen:debugiKrDT,prolific_ID2,61075db370c52aecce78618b
debugjqAen:debugiKrDT,Audio_Catch,3
debugjqAen:debugiKrDT,Comp_Q1,1
debugjqAen:debugiKrDT,Comp_Q2,3
debugjqAen:debugiKrDT,Comp_Q3,4
debugjqAen:debugiKrDT,Comp_Q4,1
debugjqAen:debugiKrDT,subj_strategy,"Logic, emotions"
debugjqAen:debugiKrDT,subj_purpose,"Whether people are optimistic or pessimistic, how they would respond in situations"
debugjqAen:debugiKrDT,subj_engage,5
debugjqAen:debugiKrDT,subj_interest,5
debugjqAen:debugiKrDT,subj_enjoy,4
debugjqAen:debugiKrDT,subj_predict,3
debugjqAen:debugiKrDT,subj_seen,N
debugjqAen:debugiKrDT,demographics_age,30-34
debugjqAen:debugiKrDT,demographics_gender,M
debugjqAen:debugiKrDT,demographics_hand,Right
debugjqAen:debugiKrDT,demographics_nativelang,Y
debugjqAen:debugiKrDT,demographics_fluency,Y
debugjqAen:debugiKrDT,demographics_race,White
debugjqAen:debugiKrDT,demographics_hispanic,N
debugjqAen:debugiKrDT,demographics_education,2
debugjqAen:debugiKrDT,demographics_nativelang_text,
debugjqAen:debugiKrDT,demographics_fluency_text,
debugjqAen:debugiKrDT,subj_spoiler_text,I enjoy experiencing the story with as little prior knowledge as possible
debugjqAen:debugiKrDT,subj_trailer_text,"Sometimes, if a movie is intriguing enough I would prefer to experience it with almost no information"
debugjqAen:debugiKrDT,subj_spoiler_addtltext,
debugjqAen:debugiKrDT,subj_feedback,
debugjqAen:debugiKrDT,subj_attention,N
debugjqAen:debugiKrDT,subj_spoiler_use,SometimesAvoid
debugjqAen:debugiKrDT,subj_trailer_use,SometimesAvoid
debugjqAen:debugiKrDT,subj_attention_text,
debug21z3S:debug86nzG,prolific_ID1,610bd035f652bf4f1c072534
debug21z3S:debug86nzG,prolific_ID2,610bd035f652bf4f1c072534
debug21z3S:debug86nzG,Audio_Catch,3
debug21z3S:debug86nzG,Comp_Q1,1
debug21z3S:debug86nzG,Comp_Q2,3
debug21z3S:debug86nzG,Comp_Q3,4
debug21z3S:debug86nzG,Comp_Q4,1
debug21z3S:debug86nzG,subj_strategy,Went through in my head what I thought would happen
debug21z3S:debug86nzG,subj_purpose,The predictability of the clip
debug21z3S:debug86nzG,subj_engage,7
debug21z3S:debug86nzG,subj_interest,6
debug21z3S:debug86nzG,subj_enjoy,6
debug21z3S:debug86nzG,subj_predict,3
debug21z3S:debug86nzG,subj_seen,N
debug21z3S:debug86nzG,demographics_age,18-19
debug21z3S:debug86nzG,demographics_gender,M
debug21z3S:debug86nzG,demographics_hand,Right
debug21z3S:debug86nzG,demographics_nativelang,Y
debug21z3S:debug86nzG,demographics_fluency,Y
debug21z3S:debug86nzG,demographics_race,White
debug21z3S:debug86nzG,demographics_hispanic,N
debug21z3S:debug86nzG,demographics_education,1
debug21z3S:debug86nzG,demographics_nativelang_text,
debug21z3S:debug86nzG,demographics_fluency_text,
debug21z3S:debug86nzG,subj_spoiler_text,It ruins the film as you know what's going to happen
debug21z3S:debug86nzG,subj_trailer_text,They are good to see if you will like the film
debug21z3S:debug86nzG,subj_spoiler_addtltext,
debug21z3S:debug86nzG,subj_feedback,
debug21z3S:debug86nzG,subj_attention,N
debug21z3S:debug86nzG,subj_spoiler_use,AlwaysAvoid
debug21z3S:debug86nzG,subj_trailer_use,AlwaysSeek
debug21z3S:debug86nzG,subj_attention_text,
debugtN3Y3:debugl7EEv,prolific_ID1,61448dfe5ec18d063d315875
debugtN3Y3:debugl7EEv,prolific_ID2,61448dfe5ec18d063d315875
debugtN3Y3:debugl7EEv,Audio_Catch,2
debugtN3Y3:debugl7EEv,Comp_Q1,1
debugtN3Y3:debugl7EEv,Comp_Q2,3
debugtN3Y3:debugl7EEv,Comp_Q3,4
debugtN3Y3:debugl7EEv,Comp_Q4,1
debugtN3Y3:debugl7EEv,subj_strategy,think of what would happen in a normal short movie
debugtN3Y3:debugl7EEv,subj_purpose,to see how people would react to these situations
debugtN3Y3:debugl7EEv,subj_engage,4
debugtN3Y3:debugl7EEv,subj_interest,2
debugtN3Y3:debugl7EEv,subj_enjoy,2
debugtN3Y3:debugl7EEv,subj_predict,5
debugtN3Y3:debugl7EEv,subj_seen,N
debugtN3Y3:debugl7EEv,demographics_age,20-24
debugtN3Y3:debugl7EEv,demographics_gender,M
debugtN3Y3:debugl7EEv,demographics_hand,Right
debugtN3Y3:debugl7EEv,demographics_nativelang,Y
debugtN3Y3:debugl7EEv,demographics_fluency,Y
debugtN3Y3:debugl7EEv,demographics_race,Asian
debugtN3Y3:debugl7EEv,demographics_hispanic,N
debugtN3Y3:debugl7EEv,demographics_education,1
debugtN3Y3:debugl7EEv,demographics_nativelang_text,
debugtN3Y3:debugl7EEv,demographics_fluency_text,
debugtN3Y3:debugl7EEv,subj_spoiler_text,I sometimes dont want to know and other times I like to know what to expect so I can keep an eye out for clues
debugtN3Y3:debugl7EEv,subj_trailer_text,I like to have an overview of the movie plot without spoilers
debugtN3Y3:debugl7EEv,subj_spoiler_addtltext,
debugtN3Y3:debugl7EEv,subj_feedback,
debugtN3Y3:debugl7EEv,subj_attention,N
debugtN3Y3:debugl7EEv,subj_spoiler_use,SometimesSeek
debugtN3Y3:debugl7EEv,subj_trailer_use,AlwaysSeek
debugtN3Y3:debugl7EEv,subj_attention_text,
debugXTXes:debugRwSBv,prolific_ID1,6138a4fc66e19055f386f711
debugXTXes:debugRwSBv,prolific_ID2,6138a4fc66e19055f386f711
debugXTXes:debugRwSBv,Audio_Catch,4
debugXTXes:debugRwSBv,Comp_Q1,1
debugXTXes:debugRwSBv,Comp_Q2,3
debugXTXes:debugRwSBv,Comp_Q3,4
debugXTXes:debugRwSBv,Comp_Q4,1
debugXTXes:debugRwSBv,subj_strategy,Previous films.
debugXTXes:debugRwSBv,subj_purpose,How different people predict different events.
debugXTXes:debugRwSBv,subj_engage,3
debugXTXes:debugRwSBv,subj_interest,3
debugXTXes:debugRwSBv,subj_enjoy,3
debugXTXes:debugRwSBv,subj_predict,3
debugXTXes:debugRwSBv,subj_seen,N
debugXTXes:debugRwSBv,demographics_age,45-49
debugXTXes:debugRwSBv,demographics_gender,F
debugXTXes:debugRwSBv,demographics_hand,Right
debugXTXes:debugRwSBv,demographics_nativelang,Y
debugXTXes:debugRwSBv,demographics_fluency,Y
debugXTXes:debugRwSBv,demographics_race,White
debugXTXes:debugRwSBv,demographics_hispanic,N
debugXTXes:debugRwSBv,demographics_education,4
debugXTXes:debugRwSBv,demographics_nativelang_text,
debugXTXes:debugRwSBv,demographics_fluency_text,
debugXTXes:debugRwSBv,subj_spoiler_text,"I like to have a surprise, but sometimes, if it has been hyped enough, I need to know sooner!"
debugXTXes:debugRwSBv,subj_trailer_text,I like to get excited about the film.
debugXTXes:debugRwSBv,subj_spoiler_addtltext,N/A
debugXTXes:debugRwSBv,subj_feedback,N/A
debugXTXes:debugRwSBv,subj_attention,Y
debugXTXes:debugRwSBv,subj_spoiler_use,Neutral
debugXTXes:debugRwSBv,subj_trailer_use,SometimesSeek
debugXTXes:debugRwSBv,subj_attention_text,Dealing with a poorly child who came through part way through.
debugDFIBX:debugq0Y73,prolific_ID1,6131057db82458b8609961c1
debugDFIBX:debugq0Y73,prolific_ID2,6131057db82458b8609961c1
debugDFIBX:debugq0Y73,Audio_Catch,1
debugDFIBX:debugq0Y73,Comp_Q1,1
debugDFIBX:debugq0Y73,Comp_Q2,3
debugDFIBX:debugq0Y73,Comp_Q3,4
debugDFIBX:debugq0Y73,Comp_Q4,1
debugDFIBX:debugq0Y73,subj_strategy,I wondered how much worse it could get for Keith.
debugDFIBX:debugq0Y73,subj_purpose,It could be optimism versus pessimism.
debugDFIBX:debugq0Y73,subj_engage,6
debugDFIBX:debugq0Y73,subj_interest,5
debugDFIBX:debugq0Y73,subj_enjoy,4
debugDFIBX:debugq0Y73,subj_predict,2
debugDFIBX:debugq0Y73,subj_seen,N
debugDFIBX:debugq0Y73,demographics_age,40-44
debugDFIBX:debugq0Y73,demographics_gender,F
debugDFIBX:debugq0Y73,demographics_hand,Right
debugDFIBX:debugq0Y73,demographics_nativelang,Y
debugDFIBX:debugq0Y73,demographics_fluency,Y
debugDFIBX:debugq0Y73,demographics_race,White
debugDFIBX:debugq0Y73,demographics_hispanic,N
debugDFIBX:debugq0Y73,demographics_education,4
debugDFIBX:debugq0Y73,demographics_nativelang_text,
debugDFIBX:debugq0Y73,demographics_fluency_text,
debugDFIBX:debugq0Y73,subj_spoiler_text,"It depends on the show, movie or book; usually I like to wait to see things develop in real time. However, if I have grown frustrated with a plot I will read or listen to spoilers."
debugDFIBX:debugq0Y73,subj_trailer_text,I feel like I see most trailers accidentally while waiting to watch something else.
debugDFIBX:debugq0Y73,subj_spoiler_addtltext,I knew Jon Snow had been killed before I knew who Jon Snow was because I had not yet watched an episode of Game of Thrones.
debugDFIBX:debugq0Y73,subj_feedback,
debugDFIBX:debugq0Y73,subj_attention,N
debugDFIBX:debugq0Y73,subj_spoiler_use,SometimesAvoid
debugDFIBX:debugq0Y73,subj_trailer_use,Neutral
debugDFIBX:debugq0Y73,subj_attention_text,
debugRl5wZ:debugBEuIb,prolific_ID1,sdfaefquygqefygifygqigfy
debugRl5wZ:debugBEuIb,prolific_ID2,sdfaefquygqefygifygqigfy
debugRl5wZ:debugBEuIb,Audio_Catch,3
debugRl5wZ:debugBEuIb,Comp_Q1,3
debugRl5wZ:debugBEuIb,Comp_Q2,1
debugRl5wZ:debugBEuIb,Comp_Q3,2
debugRl5wZ:debugBEuIb,Comp_Q4,3
debugRl5wZ:debugBEuIb,subj_strategy,j oij oij ioj oij
debugRl5wZ:debugBEuIb,subj_purpose,j oij oij ioj oij
debugRl5wZ:debugBEuIb,subj_engage,1
debugRl5wZ:debugBEuIb,subj_interest,1
debugRl5wZ:debugBEuIb,subj_enjoy,1
debugRl5wZ:debugBEuIb,subj_predict,1
debugRl5wZ:debugBEuIb,subj_seen,N
debugRl5wZ:debugBEuIb,demographics_age,NONE
debugRl5wZ:debugBEuIb,demographics_gender,NONE
debugRl5wZ:debugBEuIb,demographics_hand,NONE
debugRl5wZ:debugBEuIb,demographics_nativelang,N
debugRl5wZ:debugBEuIb,demographics_fluency,N
debugRl5wZ:debugBEuIb,demographics_race,NONE
debugRl5wZ:debugBEuIb,demographics_hispanic,NONE
debugRl5wZ:debugBEuIb,demographics_education,6
debugRl5wZ:debugBEuIb,demographics_nativelang_text,
debugRl5wZ:debugBEuIb,demographics_fluency_text,
debugRl5wZ:debugBEuIb,subj_spoiler_text,a dsf ad das f
debugRl5wZ:debugBEuIb,subj_trailer_text,ij isjij odsijoijo sdf sfs
debugRl5wZ:debugBEuIb,subj_spoiler_addtltext,
debugRl5wZ:debugBEuIb,subj_feedback,
debugRl5wZ:debugBEuIb,subj_attention,N
debugRl5wZ:debugBEuIb,subj_spoiler_use,Neutral
debugRl5wZ:debugBEuIb,subj_trailer_use,Neutral
debugRl5wZ:debugBEuIb,subj_attention_text,a sdfaf a dfaf d
debugGpc6j:debug62lsN,prolific_ID1,60fd10c732b8b8975b595649
debugGpc6j:debug62lsN,prolific_ID2,60fd10c732b8b8975b595649
debugGpc6j:debug62lsN,Audio_Catch,5
debugGpc6j:debug62lsN,Comp_Q1,1
debugGpc6j:debug62lsN,Comp_Q2,3
debugGpc6j:debug62lsN,Comp_Q3,4
debugGpc6j:debug62lsN,Comp_Q4,1
debugGpc6j:debug62lsN,subj_strategy,i just thought of dark predictions and they seemed to work
debugGpc6j:debug62lsN,subj_purpose,"i am not sure, potentially how people think about certain things?"
debugGpc6j:debug62lsN,subj_engage,5
debugGpc6j:debug62lsN,subj_interest,7
debugGpc6j:debug62lsN,subj_enjoy,6
debugGpc6j:debug62lsN,subj_predict,4
debugGpc6j:debug62lsN,subj_seen,N
debugGpc6j:debug62lsN,demographics_age,25-29
debugGpc6j:debug62lsN,demographics_gender,F
debugGpc6j:debug62lsN,demographics_hand,Left
debugGpc6j:debug62lsN,demographics_nativelang,Y
debugGpc6j:debug62lsN,demographics_fluency,Y
debugGpc6j:debug62lsN,demographics_race,White
debugGpc6j:debug62lsN,demographics_hispanic,N
debugGpc6j:debug62lsN,demographics_education,1
debugGpc6j:debug62lsN,demographics_nativelang_text,
debugGpc6j:debug62lsN,demographics_fluency_text,
debugGpc6j:debug62lsN,subj_spoiler_text,because i am impatient and do not like surprises 
debugGpc6j:debug62lsN,subj_trailer_text,i like to know background as to what has happened 
debugGpc6j:debug62lsN,subj_spoiler_addtltext,
debugGpc6j:debug62lsN,subj_feedback,
debugGpc6j:debug62lsN,subj_attention,N
debugGpc6j:debug62lsN,subj_spoiler_use,AlwaysSeek
debugGpc6j:debug62lsN,subj_trailer_use,AlwaysSeek
debugGpc6j:debug62lsN,subj_attention_text,
debugyvVTd:debug3PuaJ,prolific_ID1,6133cf43ddda4cd0cfb73509
debugyvVTd:debug3PuaJ,prolific_ID2,6133cf43ddda4cd0cfb73509
debug3YVEe:debugqUNJa,prolific_ID1,61370ce87943ff42b9cc1be4
debug3YVEe:debugqUNJa,prolific_ID2,61370ce87943ff42b9cc1be4
debugy1Pvh:debugoeOkl,prolific_ID1,612f7d53264293791722f9ba
debugy1Pvh:debugoeOkl,prolific_ID2,612f7d53264293791722f9ba
debugy1Pvh:debugoeOkl,Audio_Catch,3
debugy1Pvh:debugoeOkl,Comp_Q1,1
debugy1Pvh:debugoeOkl,Comp_Q2,3
debugy1Pvh:debugoeOkl,Comp_Q3,4
debugy1Pvh:debugoeOkl,Comp_Q4,1
debugy1Pvh:debugoeOkl,subj_strategy,I don't know. It's just feelings based off previous movies I've seen
debugy1Pvh:debugoeOkl,subj_purpose,How predictable media is 
debugy1Pvh:debugoeOkl,subj_engage,5
debugy1Pvh:debugoeOkl,subj_interest,5
debugy1Pvh:debugoeOkl,subj_enjoy,4
debugy1Pvh:debugoeOkl,subj_predict,4
debugy1Pvh:debugoeOkl,subj_seen,N
debugy1Pvh:debugoeOkl,demographics_age,20-24
debugy1Pvh:debugoeOkl,demographics_gender,F
debugy1Pvh:debugoeOkl,demographics_hand,Right
debugy1Pvh:debugoeOkl,demographics_nativelang,Y
debugy1Pvh:debugoeOkl,demographics_fluency,Y
debugy1Pvh:debugoeOkl,demographics_race,White
debugy1Pvh:debugoeOkl,demographics_hispanic,N
debugy1Pvh:debugoeOkl,demographics_education,5
debugy1Pvh:debugoeOkl,demographics_nativelang_text,English
debugy1Pvh:debugoeOkl,demographics_fluency_text,Yes
debugy1Pvh:debugoeOkl,subj_spoiler_text,"Because what's the point in seeking out spoilers, it ruins the whole experience"
debugy1Pvh:debugoeOkl,subj_trailer_text,"I dont mind them too much, at least you get an idea if you would enjoy the movie or not "
debugy1Pvh:debugoeOkl,subj_spoiler_addtltext,
debugy1Pvh:debugoeOkl,subj_feedback,
debugy1Pvh:debugoeOkl,subj_attention,N
debugy1Pvh:debugoeOkl,subj_spoiler_use,Neutral
debugy1Pvh:debugoeOkl,subj_trailer_use,SometimesAvoid
debugy1Pvh:debugoeOkl,subj_attention_text,
debugEedUw:debugprZhe,prolific_ID1,5ff1bad5f4e23360cade1455
debugEedUw:debugprZhe,prolific_ID2,5ff1bad5f4e23360cade1455
debugEedUw:debugprZhe,Audio_Catch,1
debugEedUw:debugprZhe,Comp_Q1,1
debugEedUw:debugprZhe,Comp_Q2,3
debugEedUw:debugprZhe,Comp_Q3,4
debugEedUw:debugprZhe,Comp_Q4,1
debugEedUw:debugprZhe,subj_strategy,"I just guessed, I think it's actually hard to predict anything"
debugEedUw:debugprZhe,subj_purpose,How predictable we think we are
debugEedUw:debugprZhe,subj_engage,6
debugEedUw:debugprZhe,subj_interest,6
debugEedUw:debugprZhe,subj_enjoy,5
debugEedUw:debugprZhe,subj_predict,4
debugEedUw:debugprZhe,subj_seen,N
debugEedUw:debugprZhe,demographics_age,30-34
debugEedUw:debugprZhe,demographics_gender,F
debugEedUw:debugprZhe,demographics_hand,Right
debugEedUw:debugprZhe,demographics_nativelang,Y
debugEedUw:debugprZhe,demographics_fluency,Y
debugEedUw:debugprZhe,demographics_race,White
debugEedUw:debugprZhe,demographics_hispanic,N
debugEedUw:debugprZhe,demographics_education,4
debugEedUw:debugprZhe,demographics_nativelang_text,
debugEedUw:debugprZhe,demographics_fluency_text,
debugEedUw:debugprZhe,subj_spoiler_text,I prefer to be surprised
debugEedUw:debugprZhe,subj_trailer_text,I like to be teased with what could happen in the film. However I don't like it when all the good parts are in the trailer
debugEedUw:debugprZhe,subj_spoiler_addtltext,
debugEedUw:debugprZhe,subj_feedback,
debugEedUw:debugprZhe,subj_attention,N
debugEedUw:debugprZhe,subj_spoiler_use,SometimesAvoid
debugEedUw:debugprZhe,subj_trailer_use,AlwaysSeek
debugEedUw:debugprZhe,subj_attention_text,
debugCDXnX:debugSL141,prolific_ID1,5d67476c0ca617001699fe7a
debugCDXnX:debugSL141,prolific_ID2,5d67476c0ca617001699fe7a
debugCDXnX:debugSL141,Audio_Catch,1
debugCDXnX:debugSL141,Comp_Q1,1
debugCDXnX:debugSL141,Comp_Q2,3
debugCDXnX:debugSL141,Comp_Q3,4
debugCDXnX:debugSL141,Comp_Q4,1
debugCDXnX:debugSL141,subj_strategy,I tried to imagine what Keith would be like in real life and what someone like hiim would do.
debugCDXnX:debugSL141,subj_purpose,I think the experiment is trying to measure how well people can make predictions.
debugCDXnX:debugSL141,subj_engage,7
debugCDXnX:debugSL141,subj_interest,7
debugCDXnX:debugSL141,subj_enjoy,6
debugCDXnX:debugSL141,subj_predict,3
debugCDXnX:debugSL141,subj_seen,N
debugCDXnX:debugSL141,demographics_age,30-34
debugCDXnX:debugSL141,demographics_gender,F
debugCDXnX:debugSL141,demographics_hand,Right
debugCDXnX:debugSL141,demographics_nativelang,Y
debugCDXnX:debugSL141,demographics_fluency,Y
debugCDXnX:debugSL141,demographics_race,White
debugCDXnX:debugSL141,demographics_hispanic,N
debugCDXnX:debugSL141,demographics_education,1
debugCDXnX:debugSL141,demographics_nativelang_text,
debugCDXnX:debugSL141,demographics_fluency_text,
debugCDXnX:debugSL141,subj_spoiler_text,"I always want to experience the content in the way it was intended, without knowing what is going to happen."
debugCDXnX:debugSL141,subj_trailer_text,I like to get a general idea of what the movie will be like.
debugCDXnX:debugSL141,subj_spoiler_addtltext,
debugCDXnX:debugSL141,subj_feedback,I understood everything being asked of me. Thank you!
debugCDXnX:debugSL141,subj_attention,N
debugCDXnX:debugSL141,subj_spoiler_use,AlwaysAvoid
debugCDXnX:debugSL141,subj_trailer_use,SometimesSeek
debugCDXnX:debugSL141,subj_attention_text,
debug5790t:debugxHBSQ,prolific_ID1,6146f124bb2e80c27e8b5797
debug5790t:debugxHBSQ,prolific_ID2,6146f124bb2e80c27e8b5797
debug5790t:debugxHBSQ,Audio_Catch,2
debug5790t:debugxHBSQ,Comp_Q1,1
debug5790t:debugxHBSQ,Comp_Q2,3
debug5790t:debugxHBSQ,Comp_Q3,4
debug5790t:debugxHBSQ,Comp_Q4,1
debug5790t:debugxHBSQ,subj_strategy,"Based upon the character so far and the way he was acting. Tone of voice of narrator was also negative, hinting something negative would happen."
debug5790t:debugxHBSQ,subj_purpose,Morality
debug5790t:debugxHBSQ,subj_engage,1
debug5790t:debugxHBSQ,subj_interest,3
debug5790t:debugxHBSQ,subj_enjoy,3
debug5790t:debugxHBSQ,subj_predict,2
debug5790t:debugxHBSQ,subj_seen,N
debug5790t:debugxHBSQ,demographics_age,25-29
debug5790t:debugxHBSQ,demographics_gender,F
debug5790t:debugxHBSQ,demographics_hand,Left
debug5790t:debugxHBSQ,demographics_nativelang,Y
debug5790t:debugxHBSQ,demographics_fluency,N
debug5790t:debugxHBSQ,demographics_race,White
debug5790t:debugxHBSQ,demographics_hispanic,N
debug5790t:debugxHBSQ,demographics_education,5
debug5790t:debugxHBSQ,demographics_nativelang_text,
debug5790t:debugxHBSQ,demographics_fluency_text,
debug5790t:debugxHBSQ,subj_spoiler_text,I like to know what happens before I see it. 
debug5790t:debugxHBSQ,subj_trailer_text,So I know what I am in for - whether I will enjoy it etc.
debug5790t:debugxHBSQ,subj_spoiler_addtltext,
debug5790t:debugxHBSQ,subj_feedback,
debug5790t:debugxHBSQ,subj_attention,N
debug5790t:debugxHBSQ,subj_spoiler_use,SometimesSeek
debug5790t:debugxHBSQ,subj_trailer_use,SometimesSeek
debug5790t:debugxHBSQ,subj_attention_text,
debugsL5GE:debugL5cya,prolific_ID1,612e309706778a2e8d27df01
debugsL5GE:debugL5cya,prolific_ID2,612e309706778a2e8d27df01
debugsL5GE:debugL5cya,Audio_Catch,0
debugsL5GE:debugL5cya,Comp_Q1,1
debugsL5GE:debugL5cya,Comp_Q2,3
debugsL5GE:debugL5cya,Comp_Q3,4
debugsL5GE:debugL5cya,Comp_Q4,1
debugsL5GE:debugL5cya,subj_strategy,Thinking about how the characters may have felt
debugsL5GE:debugL5cya,subj_purpose,Our responses to disappointment in work
debugsL5GE:debugL5cya,subj_engage,6
debugsL5GE:debugL5cya,subj_interest,6
debugsL5GE:debugL5cya,subj_enjoy,3
debugsL5GE:debugL5cya,subj_predict,2
debugsL5GE:debugL5cya,subj_seen,N
debugsL5GE:debugL5cya,demographics_age,30-34
debugsL5GE:debugL5cya,demographics_gender,F
debugsL5GE:debugL5cya,demographics_hand,Right
debugsL5GE:debugL5cya,demographics_nativelang,Y
debugsL5GE:debugL5cya,demographics_fluency,Y
debugsL5GE:debugL5cya,demographics_race,White
debugsL5GE:debugL5cya,demographics_hispanic,N
debugsL5GE:debugL5cya,demographics_education,5
debugsL5GE:debugL5cya,demographics_nativelang_text,
debugsL5GE:debugL5cya,demographics_fluency_text,
debugsL5GE:debugL5cya,subj_spoiler_text,I like to be surprised by any plot twists and not spoil them for myself
debugsL5GE:debugL5cya,subj_trailer_text,I will watch a trailer if I'm unsure about whether to watch a film
debugsL5GE:debugL5cya,subj_spoiler_addtltext,
debugsL5GE:debugL5cya,subj_feedback,
debugsL5GE:debugL5cya,subj_attention,N
debugsL5GE:debugL5cya,subj_spoiler_use,AlwaysAvoid
debugsL5GE:debugL5cya,subj_trailer_use,SometimesSeek
debugsL5GE:debugL5cya,subj_attention_text,
debugf4Q4a:debugxguMK,prolific_ID1,612e4beb040a04a82b16d4c3
debugf4Q4a:debugxguMK,prolific_ID2,612e4beb040a04a82b16d4c3
debugf4Q4a:debugxguMK,Audio_Catch,5
debugf4Q4a:debugxguMK,Comp_Q1,1
debugf4Q4a:debugxguMK,Comp_Q2,3
debugf4Q4a:debugxguMK,Comp_Q3,4
debugf4Q4a:debugxguMK,Comp_Q4,1
debugf4Q4a:debugxguMK,subj_strategy,Thought about what I might do (!!!)
debugf4Q4a:debugxguMK,subj_purpose,Measure violent thoughts?
debugf4Q4a:debugxguMK,subj_engage,7
debugf4Q4a:debugxguMK,subj_interest,6
debugf4Q4a:debugxguMK,subj_enjoy,6
debugf4Q4a:debugxguMK,subj_predict,2
debugf4Q4a:debugxguMK,subj_seen,N
debugf4Q4a:debugxguMK,demographics_age,35-39
debugf4Q4a:debugxguMK,demographics_gender,M
debugf4Q4a:debugxguMK,demographics_hand,Right
debugf4Q4a:debugxguMK,demographics_nativelang,Y
debugf4Q4a:debugxguMK,demographics_fluency,Y
debugf4Q4a:debugxguMK,demographics_race,Asian
debugf4Q4a:debugxguMK,demographics_hispanic,N
debugf4Q4a:debugxguMK,demographics_education,1
debugf4Q4a:debugxguMK,demographics_nativelang_text,
debugf4Q4a:debugxguMK,demographics_fluency_text,
debugf4Q4a:debugxguMK,subj_spoiler_text,"Life is about experiences to me and finding joy where you can, so I prefer to experience things myself and make my own mind up. I want to be surprised, elated, or feel happy about a revelation."
debugf4Q4a:debugxguMK,subj_trailer_text,"I feel that trailers these days try their best to not give away important plot points, and at the same time do a good job of giving me a rough idea of what a movie might be about. I prefer things that way, so when they are on I don't avoid them. "
debugf4Q4a:debugxguMK,subj_spoiler_addtltext,"I don't understand why people seek out spoilers. As mentioned earlier, I feel there is a lot of joy in discovering what will happen in a movie or TV show, so why do some people prefer to know these things beforehand? I also don't understand it when people intentionally spoil things, maybe they get joy by diminishing another person's experience? I wish more people enjoyed finding out things for themselves and also were happy for others to find out things for themselves."
debugf4Q4a:debugxguMK,subj_feedback,It was a fun experiment.
debugf4Q4a:debugxguMK,subj_attention,N
debugf4Q4a:debugxguMK,subj_spoiler_use,AlwaysAvoid
debugf4Q4a:debugxguMK,subj_trailer_use,Neutral
debugf4Q4a:debugxguMK,subj_attention_text,
debugYvHwS:debugmsMAM,prolific_ID1,6103adf779d6468e50941433
debugYvHwS:debugmsMAM,prolific_ID2,6103adf779d6468e50941433
debugYvHwS:debugmsMAM,Audio_Catch,3
debugYvHwS:debugmsMAM,Comp_Q1,1
debugYvHwS:debugmsMAM,Comp_Q2,3
debugYvHwS:debugmsMAM,Comp_Q3,4
debugYvHwS:debugmsMAM,Comp_Q4,1
debugYvHwS:debugmsMAM,subj_strategy,"I had no idea what to expect in the beginning because nothing was set except that he had work, otherwise I would just guess based on similar situations or shows I've seen or heard about before."
debugYvHwS:debugmsMAM,subj_purpose,How unpredictable things can be and how anything can happen in any instant.
debugYvHwS:debugmsMAM,subj_engage,3
debugYvHwS:debugmsMAM,subj_interest,5
debugYvHwS:debugmsMAM,subj_enjoy,1
debugYvHwS:debugmsMAM,subj_predict,1
debugYvHwS:debugmsMAM,subj_seen,N
debugYvHwS:debugmsMAM,demographics_age,20-24
debugYvHwS:debugmsMAM,demographics_gender,M
debugYvHwS:debugmsMAM,demographics_hand,Left
debugYvHwS:debugmsMAM,demographics_nativelang,Y
debugYvHwS:debugmsMAM,demographics_fluency,Y
debugYvHwS:debugmsMAM,demographics_race,White
debugYvHwS:debugmsMAM,demographics_hispanic,N
debugYvHwS:debugmsMAM,demographics_education,2
debugYvHwS:debugmsMAM,demographics_nativelang_text,
debugYvHwS:debugmsMAM,demographics_fluency_text,
debugYvHwS:debugmsMAM,subj_spoiler_text,"I don't like spoilers because I feel like it can ruin a whole show, book or movie and make reading everything leading up to it completely obsolete. So hearing spoilers just makes me not want to see everything before."
debugYvHwS:debugmsMAM,subj_trailer_text,"Trailers can build a lot of hype so I watch them sometimes, but I think having the most raw genuine reaction to a movie or game without seeing ANY clips at all is always the most satisfying way to watch a movie."
debugYvHwS:debugmsMAM,subj_spoiler_addtltext,
debugYvHwS:debugmsMAM,subj_feedback,
debugYvHwS:debugmsMAM,subj_attention,N
debugYvHwS:debugmsMAM,subj_spoiler_use,AlwaysAvoid
debugYvHwS:debugmsMAM,subj_trailer_use,SometimesAvoid
debugYvHwS:debugmsMAM,subj_attention_text,
debugYYmiZ:debugLbEsD,prolific_ID1,6107e84026cc1986b00e370f
debugYYmiZ:debugLbEsD,prolific_ID2,6107e84026cc1986b00e370f
debugYYmiZ:debugLbEsD,Audio_Catch,1
debugYYmiZ:debugLbEsD,Comp_Q1,1
debugYYmiZ:debugLbEsD,Comp_Q2,3
debugYYmiZ:debugLbEsD,Comp_Q3,4
debugYYmiZ:debugLbEsD,Comp_Q4,1
debugYYmiZ:debugLbEsD,subj_strategy,"I couldn't develop any, other than knowing people were going to die."
debugYYmiZ:debugLbEsD,subj_purpose,Strategies used to predict events.
debugYYmiZ:debugLbEsD,subj_engage,7
debugYYmiZ:debugLbEsD,subj_interest,7
debugYYmiZ:debugLbEsD,subj_enjoy,7
debugYYmiZ:debugLbEsD,subj_predict,2
debugYYmiZ:debugLbEsD,subj_seen,N
debugYYmiZ:debugLbEsD,demographics_age,45-49
debugYYmiZ:debugLbEsD,demographics_gender,F
debugYYmiZ:debugLbEsD,demographics_hand,Right
debugYYmiZ:debugLbEsD,demographics_nativelang,Y
debugYYmiZ:debugLbEsD,demographics_fluency,Y
debugYYmiZ:debugLbEsD,demographics_race,White
debugYYmiZ:debugLbEsD,demographics_hispanic,N
debugYYmiZ:debugLbEsD,demographics_education,2
debugYYmiZ:debugLbEsD,demographics_nativelang_text,
debugYYmiZ:debugLbEsD,demographics_fluency_text,
debugYYmiZ:debugLbEsD,subj_spoiler_text,I like to figure things out on my own.
debugYYmiZ:debugLbEsD,subj_trailer_text,I want to make sure I like the plot enough to watch a movie.
debugYYmiZ:debugLbEsD,subj_spoiler_addtltext,
debugYYmiZ:debugLbEsD,subj_feedback,Very enjoyable.
debugYYmiZ:debugLbEsD,subj_attention,N
debugYYmiZ:debugLbEsD,subj_spoiler_use,AlwaysAvoid
debugYYmiZ:debugLbEsD,subj_trailer_use,AlwaysSeek
debugYYmiZ:debugLbEsD,subj_attention_text,
debugF20J5:debugZrxY9,prolific_ID1,6140f1069fd9efe514646699
debugF20J5:debugZrxY9,prolific_ID2,6140f1069fd9efe514646699
debugF20J5:debugZrxY9,Audio_Catch,2
debugF20J5:debugZrxY9,Comp_Q1,1
debugF20J5:debugZrxY9,Comp_Q2,3
debugF20J5:debugZrxY9,Comp_Q3,4
debugF20J5:debugZrxY9,Comp_Q4,1
debugF20J5:debugZrxY9,subj_strategy,It was just the first thing that came into my mind about what may happen next
debugF20J5:debugZrxY9,subj_purpose,Something to with how your mind can predict things?
debugF20J5:debugZrxY9,subj_engage,7
debugF20J5:debugZrxY9,subj_interest,7
debugF20J5:debugZrxY9,subj_enjoy,7
debugF20J5:debugZrxY9,subj_predict,6
debugF20J5:debugZrxY9,subj_seen,N
debugF20J5:debugZrxY9,demographics_age,40-44
debugF20J5:debugZrxY9,demographics_gender,F
debugF20J5:debugZrxY9,demographics_hand,Right
debugF20J5:debugZrxY9,demographics_nativelang,Y
debugF20J5:debugZrxY9,demographics_fluency,Y
debugF20J5:debugZrxY9,demographics_race,White
debugF20J5:debugZrxY9,demographics_hispanic,N
debugF20J5:debugZrxY9,demographics_education,0
debugF20J5:debugZrxY9,demographics_nativelang_text,
debugF20J5:debugZrxY9,demographics_fluency_text,
debugF20J5:debugZrxY9,subj_spoiler_text,It ruins it for when you are watching a show as you already know what is going to happen.
debugF20J5:debugZrxY9,subj_trailer_text,"It gives me an idea if it's the kind of movie i would like or want to watch, Sometimes watching the trailer leaves you wanting to see more so you will naturally go and see the movie"
debugF20J5:debugZrxY9,subj_spoiler_addtltext,
debugF20J5:debugZrxY9,subj_feedback,
debugF20J5:debugZrxY9,subj_attention,N
debugF20J5:debugZrxY9,subj_spoiler_use,SometimesAvoid
debugF20J5:debugZrxY9,subj_trailer_use,SometimesSeek
debugF20J5:debugZrxY9,subj_attention_text,
debugeplf2:debugeHHBw,prolific_ID1,6120e3a34f6ad742437d6c95
debugeplf2:debugeHHBw,prolific_ID2,6120e3a34f6ad742437d6c95
debugeplf2:debugeHHBw,Audio_Catch,2
debugeplf2:debugeHHBw,Comp_Q1,1
debugeplf2:debugeHHBw,Comp_Q2,3
debugeplf2:debugeHHBw,Comp_Q3,4
debugeplf2:debugeHHBw,Comp_Q4,1
debugeplf2:debugeHHBw,subj_strategy,"As the events escalated, I escalated my predictions in terms of what is unlikey to happen in this situation and predicted that "
debugeplf2:debugeHHBw,subj_purpose,How predictions as more information is provided 
debugeplf2:debugeHHBw,subj_engage,6
debugeplf2:debugeHHBw,subj_interest,6
debugeplf2:debugeHHBw,subj_enjoy,7
debugeplf2:debugeHHBw,subj_predict,2
debugeplf2:debugeHHBw,subj_seen,N
debugeplf2:debugeHHBw,demographics_age,35-39
debugeplf2:debugeHHBw,demographics_gender,M
debugeplf2:debugeHHBw,demographics_hand,Right
debugeplf2:debugeHHBw,demographics_nativelang,Y
debugeplf2:debugeHHBw,demographics_fluency,Y
debugeplf2:debugeHHBw,demographics_race,White
debugeplf2:debugeHHBw,demographics_hispanic,N
debugeplf2:debugeHHBw,demographics_education,4
debugeplf2:debugeHHBw,demographics_nativelang_text,
debugeplf2:debugeHHBw,demographics_fluency_text,
debugeplf2:debugeHHBw,subj_spoiler_text,I like to be surprised and to understand how events reached a conclusion 
debugeplf2:debugeHHBw,subj_trailer_text,"If a trailer isnt good, I wont see the film. If it shows too much, I wont watch the films. Trailers are more likley to make me not watch a film "
debugeplf2:debugeHHBw,subj_spoiler_addtltext,
debugeplf2:debugeHHBw,subj_feedback,
debugeplf2:debugeHHBw,subj_attention,N
debugeplf2:debugeHHBw,subj_spoiler_use,AlwaysAvoid
debugeplf2:debugeHHBw,subj_trailer_use,AlwaysAvoid
debugeplf2:debugeHHBw,subj_attention_text,
debugNKLLx:debugw1yHh,prolific_ID1,611e4473b1bc14664b7aa068
debugNKLLx:debugw1yHh,prolific_ID2,611e4473b1bc14664b7aa068
debugNKLLx:debugw1yHh,Audio_Catch,1
debugNKLLx:debugw1yHh,Comp_Q1,1
debugNKLLx:debugw1yHh,Comp_Q2,3
debugNKLLx:debugw1yHh,Comp_Q3,4
debugNKLLx:debugw1yHh,Comp_Q4,1
debugNKLLx:debugw1yHh,subj_strategy,Just pure imagination of what it might happen next
debugNKLLx:debugw1yHh,subj_purpose,An IQ
debugNKLLx:debugw1yHh,subj_engage,7
debugNKLLx:debugw1yHh,subj_interest,6
debugNKLLx:debugw1yHh,subj_enjoy,5
debugNKLLx:debugw1yHh,subj_predict,5
debugNKLLx:debugw1yHh,subj_seen,N
debugNKLLx:debugw1yHh,demographics_age,30-34
debugNKLLx:debugw1yHh,demographics_gender,M
debugNKLLx:debugw1yHh,demographics_hand,Right
debugNKLLx:debugw1yHh,demographics_nativelang,Y
debugNKLLx:debugw1yHh,demographics_fluency,Y
debugNKLLx:debugw1yHh,demographics_race,White
debugNKLLx:debugw1yHh,demographics_hispanic,N
debugNKLLx:debugw1yHh,demographics_education,4
debugNKLLx:debugw1yHh,demographics_nativelang_text,
debugNKLLx:debugw1yHh,demographics_fluency_text,
debugNKLLx:debugw1yHh,subj_spoiler_text,So i know what i will be watching and if it is interesting enough to watch it all
debugNKLLx:debugw1yHh,subj_trailer_text,It's better to watch a trailer to know what is the movie about and if you will like it or not
debugNKLLx:debugw1yHh,subj_spoiler_addtltext,
debugNKLLx:debugw1yHh,subj_feedback,"Nice experiment, really enjoyed it"
debugNKLLx:debugw1yHh,subj_attention,N
debugNKLLx:debugw1yHh,subj_spoiler_use,AlwaysSeek
debugNKLLx:debugw1yHh,subj_trailer_use,AlwaysSeek
debugNKLLx:debugw1yHh,subj_attention_text,
debugO9YUO:debug5AitX,prolific_ID1,6057af5724bf330354397c6f
debugO9YUO:debug5AitX,prolific_ID2,6057af5724bf330354397c6f
debugO9YUO:debug5AitX,Audio_Catch,5
debugO9YUO:debug5AitX,Comp_Q1,1
debugO9YUO:debug5AitX,Comp_Q2,3
debugO9YUO:debug5AitX,Comp_Q3,4
debugO9YUO:debug5AitX,Comp_Q4,1
debugO9YUO:debug5AitX,subj_strategy,To be honest I had no idea what direction it was going to take and most answers were guesses. 
debugO9YUO:debug5AitX,subj_purpose,Social judgement 
debugO9YUO:debug5AitX,subj_engage,5
debugO9YUO:debug5AitX,subj_interest,5
debugO9YUO:debug5AitX,subj_enjoy,5
debugO9YUO:debug5AitX,subj_predict,1
debugO9YUO:debug5AitX,subj_seen,N
debugO9YUO:debug5AitX,demographics_age,25-29
debugO9YUO:debug5AitX,demographics_gender,F
debugO9YUO:debug5AitX,demographics_hand,Right
debugO9YUO:debug5AitX,demographics_nativelang,Y
debugO9YUO:debug5AitX,demographics_fluency,Y
debugO9YUO:debug5AitX,demographics_race,White
debugO9YUO:debug5AitX,demographics_hispanic,N
debugO9YUO:debug5AitX,demographics_education,1
debugO9YUO:debug5AitX,demographics_nativelang_text,
debugO9YUO:debug5AitX,demographics_fluency_text,
debugO9YUO:debug5AitX,subj_spoiler_text,I like to find out in the moment 
debugO9YUO:debug5AitX,subj_trailer_text,It's good to have a small taser 
debugO9YUO:debug5AitX,subj_spoiler_addtltext,
debugO9YUO:debug5AitX,subj_feedback,
debugO9YUO:debug5AitX,subj_attention,N
debugO9YUO:debug5AitX,subj_spoiler_use,SometimesAvoid
debugO9YUO:debug5AitX,subj_trailer_use,SometimesSeek
debugO9YUO:debug5AitX,subj_attention_text,
debug4Rlas:debugT7MlR,prolific_ID1,6127434524838af88552a744
debug4Rlas:debugT7MlR,prolific_ID2,6127434524838af88552a744
debug4Rlas:debugT7MlR,Audio_Catch,4
debug4Rlas:debugT7MlR,Comp_Q1,1
debug4Rlas:debugT7MlR,Comp_Q2,3
debug4Rlas:debugT7MlR,Comp_Q3,4
debug4Rlas:debugT7MlR,Comp_Q4,1
debug4Rlas:debugT7MlR,subj_strategy,None really. I did not think the story would be about killing though so that threw me off.
debug4Rlas:debugT7MlR,subj_purpose,How fast you would predict something bad or good.
debug4Rlas:debugT7MlR,subj_engage,7
debug4Rlas:debugT7MlR,subj_interest,7
debug4Rlas:debugT7MlR,subj_enjoy,7
debug4Rlas:debugT7MlR,subj_predict,3
debug4Rlas:debugT7MlR,subj_seen,N
debug4Rlas:debugT7MlR,demographics_age,40-44
debug4Rlas:debugT7MlR,demographics_gender,M
debug4Rlas:debugT7MlR,demographics_hand,Right
debug4Rlas:debugT7MlR,demographics_nativelang,Y
debug4Rlas:debugT7MlR,demographics_fluency,Y
debug4Rlas:debugT7MlR,demographics_race,White
debug4Rlas:debugT7MlR,demographics_hispanic,N
debug4Rlas:debugT7MlR,demographics_education,1
debug4Rlas:debugT7MlR,demographics_nativelang_text,
debug4Rlas:debugT7MlR,demographics_fluency_text,
debug4Rlas:debugT7MlR,subj_spoiler_text,I don't seek out spoilers on tv or movies as I don't really care enough about them.
debug4Rlas:debugT7MlR,subj_trailer_text,I don't personally watch many movies so trailers for me don't matter much as I've probably already decided what movies I want to watch without them.
debug4Rlas:debugT7MlR,subj_spoiler_addtltext,None
debug4Rlas:debugT7MlR,subj_feedback,Really interesting!
debug4Rlas:debugT7MlR,subj_attention,N
debug4Rlas:debugT7MlR,subj_spoiler_use,Neutral
debug4Rlas:debugT7MlR,subj_trailer_use,Neutral
debug4Rlas:debugT7MlR,subj_attention_text,
debug2aWr9:debug16rrc,prolific_ID1,613e19b189b05f24b6206290
debug2aWr9:debug16rrc,prolific_ID2,613e19b189b05f24b6206290
debug2aWr9:debug16rrc,Audio_Catch,2
debug2aWr9:debug16rrc,Comp_Q1,1
debug2aWr9:debug16rrc,Comp_Q2,3
debug2aWr9:debug16rrc,Comp_Q3,4
debug2aWr9:debug16rrc,Comp_Q4,1
debug2aWr9:debug16rrc,subj_strategy,guessed based on the character's previous behavior
debug2aWr9:debug16rrc,subj_purpose,how people predict things?
debug2aWr9:debug16rrc,subj_engage,4
debug2aWr9:debug16rrc,subj_interest,4
debug2aWr9:debug16rrc,subj_enjoy,5
debug2aWr9:debug16rrc,subj_predict,3
debug2aWr9:debug16rrc,subj_seen,N
debug2aWr9:debug16rrc,demographics_age,60-64
debug2aWr9:debug16rrc,demographics_gender,F
debug2aWr9:debug16rrc,demographics_hand,Right
debug2aWr9:debug16rrc,demographics_nativelang,Y
debug2aWr9:debug16rrc,demographics_fluency,Y
debug2aWr9:debug16rrc,demographics_race,White
debug2aWr9:debug16rrc,demographics_hispanic,N
debug2aWr9:debug16rrc,demographics_education,4
debug2aWr9:debug16rrc,demographics_nativelang_text,
debug2aWr9:debug16rrc,demographics_fluency_text,
debug2aWr9:debug16rrc,subj_spoiler_text,I like the element of surprise.
debug2aWr9:debug16rrc,subj_trailer_text,I want to be sure that I think the movie is one that I'll find interesting.
debug2aWr9:debug16rrc,subj_spoiler_addtltext,
debug2aWr9:debug16rrc,subj_feedback,
debug2aWr9:debug16rrc,subj_attention,N
debug2aWr9:debug16rrc,subj_spoiler_use,SometimesAvoid
debug2aWr9:debug16rrc,subj_trailer_use,AlwaysSeek
debug2aWr9:debug16rrc,subj_attention_text,
debug9o2jv:debugx5qw5,prolific_ID1,60892fe702789a871ccd8913
debug9o2jv:debugx5qw5,prolific_ID2,60892fe702789a871ccd8913
debug9o2jv:debugx5qw5,Audio_Catch,2
debug9o2jv:debugx5qw5,Comp_Q1,1
debug9o2jv:debugx5qw5,Comp_Q2,3
debug9o2jv:debugx5qw5,Comp_Q3,4
debug9o2jv:debugx5qw5,Comp_Q4,1
debug9o2jv:debugx5qw5,subj_strategy,"Logic, and stereotypes"
debug9o2jv:debugx5qw5,subj_purpose,to see the pourcentage of  people that would've done the same things if they were in Keith Reynolds
debug9o2jv:debugx5qw5,subj_engage,6
debug9o2jv:debugx5qw5,subj_interest,6
debug9o2jv:debugx5qw5,subj_enjoy,5
debug9o2jv:debugx5qw5,subj_predict,5
debug9o2jv:debugx5qw5,subj_seen,N
debug9o2jv:debugx5qw5,demographics_age,20-24
debug9o2jv:debugx5qw5,demographics_gender,M
debug9o2jv:debugx5qw5,demographics_hand,Right
debug9o2jv:debugx5qw5,demographics_nativelang,Y
debug9o2jv:debugx5qw5,demographics_fluency,N
debug9o2jv:debugx5qw5,demographics_race,White
debug9o2jv:debugx5qw5,demographics_hispanic,N
debug9o2jv:debugx5qw5,demographics_education,4
debug9o2jv:debugx5qw5,demographics_nativelang_text,
debug9o2jv:debugx5qw5,demographics_fluency_text,
debug9o2jv:debugx5qw5,subj_spoiler_text,Because there is no point to watch the moovie/story if you already know the end
debug9o2jv:debugx5qw5,subj_trailer_text,"I want to discover the story as i'm watching it, not before, for me it's a kind of spoilers"
debug9o2jv:debugx5qw5,subj_spoiler_addtltext,
debug9o2jv:debugx5qw5,subj_feedback,
debug9o2jv:debugx5qw5,subj_attention,N
debug9o2jv:debugx5qw5,subj_spoiler_use,AlwaysAvoid
debug9o2jv:debugx5qw5,subj_trailer_use,AlwaysAvoid
debug9o2jv:debugx5qw5,subj_attention_text,
debugWfc6s:debugxTw9S,prolific_ID1,5d6e20fa88fb4b0001e182e0
debugWfc6s:debugxTw9S,prolific_ID2,5d6e20fa88fb4b0001e182e0
debugWfc6s:debugxTw9S,Audio_Catch,5
debugWfc6s:debugxTw9S,Comp_Q1,1
debugWfc6s:debugxTw9S,Comp_Q2,3
debugWfc6s:debugxTw9S,Comp_Q3,4
debugWfc6s:debugxTw9S,Comp_Q4,1
debugWfc6s:debugxTw9S,subj_strategy,Tried to evaluate the tone of the video.
debugWfc6s:debugxTw9S,subj_purpose,How easily surprised people are.
debugWfc6s:debugxTw9S,subj_engage,5
debugWfc6s:debugxTw9S,subj_interest,5
debugWfc6s:debugxTw9S,subj_enjoy,6
debugWfc6s:debugxTw9S,subj_predict,3
debugWfc6s:debugxTw9S,subj_seen,N
debugWfc6s:debugxTw9S,demographics_age,30-34
debugWfc6s:debugxTw9S,demographics_gender,M
debugWfc6s:debugxTw9S,demographics_hand,Right
debugWfc6s:debugxTw9S,demographics_nativelang,Y
debugWfc6s:debugxTw9S,demographics_fluency,Y
debugWfc6s:debugxTw9S,demographics_race,White
debugWfc6s:debugxTw9S,demographics_hispanic,N
debugWfc6s:debugxTw9S,demographics_education,1
debugWfc6s:debugxTw9S,demographics_nativelang_text,
debugWfc6s:debugxTw9S,demographics_fluency_text,
debugWfc6s:debugxTw9S,subj_spoiler_text,It ruins the experience of seeing a film
debugWfc6s:debugxTw9S,subj_trailer_text,"I like to get excited about the film, seeing the characters and effects without giving too much away"
debugWfc6s:debugxTw9S,subj_spoiler_addtltext,
debugWfc6s:debugxTw9S,subj_feedback,
debugWfc6s:debugxTw9S,subj_attention,N
debugWfc6s:debugxTw9S,subj_spoiler_use,AlwaysAvoid
debugWfc6s:debugxTw9S,subj_trailer_use,AlwaysSeek
debugWfc6s:debugxTw9S,subj_attention_text,
debugT8Rj2:debugMUDgO,prolific_ID1,6144e4626a1ed9d6adff29e8
debugT8Rj2:debugMUDgO,prolific_ID2,6144e4626a1ed9d6adff29e8
debugT8Rj2:debugMUDgO,Audio_Catch,3
debugT8Rj2:debugMUDgO,Comp_Q1,2
debugT8Rj2:debugMUDgO,Comp_Q2,3
debugT8Rj2:debugMUDgO,Comp_Q3,4
debugT8Rj2:debugMUDgO,Comp_Q4,1
debugT8Rj2:debugMUDgO,subj_strategy,pay full attention
debugT8Rj2:debugMUDgO,subj_purpose,human perception ability
debugT8Rj2:debugMUDgO,subj_engage,5
debugT8Rj2:debugMUDgO,subj_interest,6
debugT8Rj2:debugMUDgO,subj_enjoy,6
debugT8Rj2:debugMUDgO,subj_predict,5
debugT8Rj2:debugMUDgO,subj_seen,N
debugT8Rj2:debugMUDgO,demographics_age,35-39
debugT8Rj2:debugMUDgO,demographics_gender,M
debugT8Rj2:debugMUDgO,demographics_hand,Right
debugT8Rj2:debugMUDgO,demographics_nativelang,Y
debugT8Rj2:debugMUDgO,demographics_fluency,Y
debugT8Rj2:debugMUDgO,demographics_race,White
debugT8Rj2:debugMUDgO,demographics_hispanic,N
debugT8Rj2:debugMUDgO,demographics_education,4
debugT8Rj2:debugMUDgO,demographics_nativelang_text,English
debugT8Rj2:debugMUDgO,demographics_fluency_text,Non
debugT8Rj2:debugMUDgO,subj_spoiler_text,It may spoil my enjoyment 
debugT8Rj2:debugMUDgO,subj_trailer_text,It helps to know what may likely happened in the future
debugT8Rj2:debugMUDgO,subj_spoiler_addtltext,no thought 
debugT8Rj2:debugMUDgO,subj_feedback,I think the experiment will actually help if efficiently used
debugT8Rj2:debugMUDgO,subj_attention,N
debugT8Rj2:debugMUDgO,subj_spoiler_use,SometimesAvoid
debugT8Rj2:debugMUDgO,subj_trailer_use,AlwaysSeek
debugT8Rj2:debugMUDgO,subj_attention_text,
debugmY30g:debugJvGg8,prolific_ID1,5f73ad2ae06cde12229564f1
debugmY30g:debugJvGg8,prolific_ID2,5f73ad2ae06cde12229564f1
debugmY30g:debugJvGg8,Audio_Catch,3
debugmY30g:debugJvGg8,Comp_Q1,1
debugmY30g:debugJvGg8,Comp_Q2,3
debugmY30g:debugJvGg8,Comp_Q3,4
debugmY30g:debugJvGg8,Comp_Q4,1
debugmY30g:debugJvGg8,subj_strategy,n/a.
debugmY30g:debugJvGg8,subj_purpose,How predictable we are.
debugmY30g:debugJvGg8,subj_engage,6
debugmY30g:debugJvGg8,subj_interest,5
debugmY30g:debugJvGg8,subj_enjoy,6
debugmY30g:debugJvGg8,subj_predict,3
debugmY30g:debugJvGg8,subj_seen,N
debugmY30g:debugJvGg8,demographics_age,25-29
debugmY30g:debugJvGg8,demographics_gender,F
debugmY30g:debugJvGg8,demographics_hand,Right
debugmY30g:debugJvGg8,demographics_nativelang,Y
debugmY30g:debugJvGg8,demographics_fluency,Y
debugmY30g:debugJvGg8,demographics_race,White
debugmY30g:debugJvGg8,demographics_hispanic,N
debugmY30g:debugJvGg8,demographics_education,4
debugmY30g:debugJvGg8,demographics_nativelang_text,
debugmY30g:debugJvGg8,demographics_fluency_text,
debugmY30g:debugJvGg8,subj_spoiler_text,Sometimes i can't wait for a show to air before finding out what happens.
debugmY30g:debugJvGg8,subj_trailer_text,I like to see if i will enjoy the movie.
debugmY30g:debugJvGg8,subj_spoiler_addtltext,n/a
debugmY30g:debugJvGg8,subj_feedback,n.a
debugmY30g:debugJvGg8,subj_attention,N
debugmY30g:debugJvGg8,subj_spoiler_use,SometimesSeek
debugmY30g:debugJvGg8,subj_trailer_use,AlwaysSeek
debugmY30g:debugJvGg8,subj_attention_text,n/a
debugTD2AD:debugS2JLT,Audio_Catch,1
debugTD2AD:debugS2JLT,Comp_Q1,1
debugTD2AD:debugS2JLT,Comp_Q2,3
debugTD2AD:debugS2JLT,Comp_Q3,4
debugTD2AD:debugS2JLT,Comp_Q4,1
debugTD2AD:debugS2JLT,prolific_ID1,6141e45d026a3cfe1a4b8799
debugTD2AD:debugS2JLT,prolific_ID2,6141e45d026a3cfe1a4b8799
debugTD2AD:debugS2JLT,subj_strategy,no strategy.
debugTD2AD:debugS2JLT,subj_purpose,maybe it is trying to predict the audience's predictions.
debugTD2AD:debugS2JLT,subj_engage,5
debugTD2AD:debugS2JLT,subj_interest,5
debugTD2AD:debugS2JLT,subj_enjoy,5
debugTD2AD:debugS2JLT,subj_predict,5
debugTD2AD:debugS2JLT,subj_seen,N
debugTD2AD:debugS2JLT,demographics_age,35-39
debugTD2AD:debugS2JLT,demographics_gender,M
debugTD2AD:debugS2JLT,demographics_hand,Right
debugTD2AD:debugS2JLT,demographics_nativelang,Y
debugTD2AD:debugS2JLT,demographics_fluency,Y
debugTD2AD:debugS2JLT,demographics_race,White
debugTD2AD:debugS2JLT,demographics_hispanic,N
debugTD2AD:debugS2JLT,demographics_education,5
debugTD2AD:debugS2JLT,demographics_nativelang_text,
debugTD2AD:debugS2JLT,demographics_fluency_text,
debugTD2AD:debugS2JLT,subj_spoiler_text,i find them interesting sometimes.
debugTD2AD:debugS2JLT,subj_trailer_text,very much exciting.
debugTD2AD:debugS2JLT,subj_spoiler_addtltext,
debugTD2AD:debugS2JLT,subj_feedback,
debugTD2AD:debugS2JLT,subj_attention,N
debugTD2AD:debugS2JLT,subj_spoiler_use,SometimesSeek
debugTD2AD:debugS2JLT,subj_trailer_use,AlwaysSeek
debugTD2AD:debugS2JLT,subj_attention_text,
debugTK1pQ:debugBUWSQ,prolific_ID1,6110b9913b38a5077d8cb41e
debugTK1pQ:debugBUWSQ,prolific_ID2,6110b9913b38a5077d8cb41e
debugTK1pQ:debugBUWSQ,Audio_Catch,0
debugTK1pQ:debugBUWSQ,Comp_Q1,1
debugTK1pQ:debugBUWSQ,Comp_Q2,3
debugTK1pQ:debugBUWSQ,Comp_Q3,4
debugTK1pQ:debugBUWSQ,Comp_Q4,1
debugTK1pQ:debugBUWSQ,subj_strategy,"Used patterns that were already happening in the video to guess. Also, the main character seemed to be there kind of person who does anything to get what he wants,"
debugTK1pQ:debugBUWSQ,subj_purpose,How confident you are guessing what happens in plots based on a predictable plot
debugTK1pQ:debugBUWSQ,subj_engage,1
debugTK1pQ:debugBUWSQ,subj_interest,1
debugTK1pQ:debugBUWSQ,subj_enjoy,1
debugTK1pQ:debugBUWSQ,subj_predict,4
debugTK1pQ:debugBUWSQ,subj_seen,N
debugTK1pQ:debugBUWSQ,demographics_age,30-34
debugTK1pQ:debugBUWSQ,demographics_gender,F
debugTK1pQ:debugBUWSQ,demographics_hand,Right
debugTK1pQ:debugBUWSQ,demographics_nativelang,Y
debugTK1pQ:debugBUWSQ,demographics_fluency,Y
debugTK1pQ:debugBUWSQ,demographics_race,NONE
debugTK1pQ:debugBUWSQ,demographics_hispanic,N
debugTK1pQ:debugBUWSQ,demographics_education,4
debugTK1pQ:debugBUWSQ,demographics_nativelang_text,
debugTK1pQ:debugBUWSQ,demographics_fluency_text,
debugTK1pQ:debugBUWSQ,subj_spoiler_text,I want to be surprised!
debugTK1pQ:debugBUWSQ,subj_trailer_text,I want the premise of what I'm watching.
debugTK1pQ:debugBUWSQ,subj_spoiler_addtltext,
debugTK1pQ:debugBUWSQ,subj_feedback,I didn't like the video. It was poor quality and the premise was creepy and had a tone to it that made it seem comedic which was weird.
debugTK1pQ:debugBUWSQ,subj_attention,N
debugTK1pQ:debugBUWSQ,subj_spoiler_use,AlwaysAvoid
debugTK1pQ:debugBUWSQ,subj_trailer_use,SometimesSeek
debugTK1pQ:debugBUWSQ,subj_attention_text,
debugTEH1v:debug8x2JI,prolific_ID1,5de301515253b03390043d12
debugTEH1v:debug8x2JI,prolific_ID2,5de301515253b03390043d12
debugTEH1v:debug8x2JI,Audio_Catch,2
debugTEH1v:debug8x2JI,Comp_Q1,1
debugTEH1v:debug8x2JI,Comp_Q2,3
debugTEH1v:debug8x2JI,Comp_Q3,4
debugTEH1v:debug8x2JI,Comp_Q4,1
debugTEH1v:debug8x2JI,subj_strategy,just intuition
debugTEH1v:debug8x2JI,subj_purpose,Memory and  anticipation
debugTEH1v:debug8x2JI,subj_engage,6
debugTEH1v:debug8x2JI,subj_interest,6
debugTEH1v:debug8x2JI,subj_enjoy,5
debugTEH1v:debug8x2JI,subj_predict,3
debugTEH1v:debug8x2JI,subj_seen,N
debugTEH1v:debug8x2JI,demographics_age,55-59
debugTEH1v:debug8x2JI,demographics_gender,M
debugTEH1v:debug8x2JI,demographics_hand,Right
debugTEH1v:debug8x2JI,demographics_nativelang,Y
debugTEH1v:debug8x2JI,demographics_fluency,Y
debugTEH1v:debug8x2JI,demographics_race,Black
debugTEH1v:debug8x2JI,demographics_hispanic,N
debugTEH1v:debug8x2JI,demographics_education,3
debugTEH1v:debug8x2JI,demographics_nativelang_text,
debugTEH1v:debug8x2JI,demographics_fluency_text,
debugTEH1v:debug8x2JI,subj_spoiler_text,The purpose of a story is partially to see how events progress. Spoilers interrupt the pleasure of seeing how things progress by going to the end result.
debugTEH1v:debug8x2JI,subj_trailer_text,Trailers give me an idea of the storyline and the quality of the acting
debugTEH1v:debug8x2JI,subj_spoiler_addtltext,
debugTEH1v:debug8x2JI,subj_feedback,
debugTEH1v:debug8x2JI,subj_attention,N
debugTEH1v:debug8x2JI,subj_spoiler_use,SometimesAvoid
debugTEH1v:debug8x2JI,subj_trailer_use,AlwaysSeek
debugTEH1v:debug8x2JI,subj_attention_text,
debuguR5B2:debugkGstV,prolific_ID1,6101aa445ae92e3f455dd011
debuguR5B2:debugkGstV,prolific_ID2,6101aa445ae92e3f455dd011
debuguR5B2:debugkGstV,Audio_Catch,5
debuguR5B2:debugkGstV,Comp_Q1,1
debuguR5B2:debugkGstV,Comp_Q2,3
debuguR5B2:debugkGstV,Comp_Q3,4
debuguR5B2:debugkGstV,Comp_Q4,1
debuguR5B2:debugkGstV,subj_strategy,I didn't really use any strategies. I just sort of...guessed?
debuguR5B2:debugkGstV,subj_purpose,Predictability in film? 
debuguR5B2:debugkGstV,subj_engage,7
debuguR5B2:debugkGstV,subj_interest,7
debuguR5B2:debugkGstV,subj_enjoy,7
debuguR5B2:debugkGstV,subj_predict,6
debuguR5B2:debugkGstV,subj_seen,N
debuguR5B2:debugkGstV,demographics_age,40-44
debuguR5B2:debugkGstV,demographics_gender,F
debuguR5B2:debugkGstV,demographics_hand,Right
debuguR5B2:debugkGstV,demographics_nativelang,Y
debuguR5B2:debugkGstV,demographics_fluency,Y
debuguR5B2:debugkGstV,demographics_race,White
debuguR5B2:debugkGstV,demographics_hispanic,N
debuguR5B2:debugkGstV,demographics_education,3
debuguR5B2:debugkGstV,demographics_nativelang_text,
debuguR5B2:debugkGstV,demographics_fluency_text,Some French
debuguR5B2:debugkGstV,subj_spoiler_text,"If I am going to watch a show or a movie, I don't want to know what the ending is or what the major plot twists are. I want to discover them on my own. "
debuguR5B2:debugkGstV,subj_trailer_text,Sometimes I want to know if it's worth my time to watch a movie or not. 
debuguR5B2:debugkGstV,subj_spoiler_addtltext,
debuguR5B2:debugkGstV,subj_feedback,"Really, really enjoyed this one!"
debuguR5B2:debugkGstV,subj_attention,N
debuguR5B2:debugkGstV,subj_spoiler_use,AlwaysAvoid
debuguR5B2:debugkGstV,subj_trailer_use,SometimesSeek
debuguR5B2:debugkGstV,subj_attention_text,No. You had my full attention. 
debugsQUDf:debugTvY7K,prolific_ID1,5e3b082738da7b317bdcceed
debugsQUDf:debugTvY7K,prolific_ID2,5e3b082738da7b317bdcceed
debugsQUDf:debugTvY7K,Audio_Catch,4
debugsQUDf:debugTvY7K,Comp_Q1,1
debugsQUDf:debugTvY7K,Comp_Q2,3
debugsQUDf:debugTvY7K,Comp_Q3,4
debugsQUDf:debugTvY7K,Comp_Q4,1
debugsQUDf:debugTvY7K,subj_strategy,I thought about what would normally happen
debugsQUDf:debugTvY7K,subj_purpose,How predictable a video is
debugsQUDf:debugTvY7K,subj_engage,5
debugsQUDf:debugTvY7K,subj_interest,6
debugsQUDf:debugTvY7K,subj_enjoy,6
debugsQUDf:debugTvY7K,subj_predict,3
debugsQUDf:debugTvY7K,subj_seen,N
debugsQUDf:debugTvY7K,demographics_age,25-29
debugsQUDf:debugTvY7K,demographics_gender,M
debugsQUDf:debugTvY7K,demographics_hand,Right
debugsQUDf:debugTvY7K,demographics_nativelang,Y
debugsQUDf:debugTvY7K,demographics_fluency,Y
debugsQUDf:debugTvY7K,demographics_race,White
debugsQUDf:debugTvY7K,demographics_hispanic,N
debugsQUDf:debugTvY7K,demographics_education,5
debugsQUDf:debugTvY7K,demographics_nativelang_text,
debugsQUDf:debugTvY7K,demographics_fluency_text,
debugsQUDf:debugTvY7K,subj_spoiler_text,If i saw one I wouldnt be bothered but I also dont  look for them
debugsQUDf:debugTvY7K,subj_trailer_text,I think trailers are good as they give you a summary of what the story is about so you have an idea beforehand
debugsQUDf:debugTvY7K,subj_spoiler_addtltext,
debugsQUDf:debugTvY7K,subj_feedback,
debugsQUDf:debugTvY7K,subj_attention,N
debugsQUDf:debugTvY7K,subj_spoiler_use,Neutral
debugsQUDf:debugTvY7K,subj_trailer_use,SometimesSeek
debugsQUDf:debugTvY7K,subj_attention_text,
debughSKVy:debugk73SP,prolific_ID1,5ffd802005f02b2b5370277f
debughSKVy:debugk73SP,prolific_ID2,5ffd802005f02b2b5370277f
debughSKVy:debugk73SP,Audio_Catch,0
debughSKVy:debugk73SP,Comp_Q1,1
debughSKVy:debugk73SP,Comp_Q2,3
debughSKVy:debugk73SP,Comp_Q3,4
debughSKVy:debugk73SP,Comp_Q4,1
debughSKVy:debugk73SP,subj_strategy,I thought about cartoons I had previously seen
debughSKVy:debugk73SP,subj_purpose,a persons ability to predict happenings in media
debughSKVy:debugk73SP,subj_engage,7
debughSKVy:debugk73SP,subj_interest,6
debughSKVy:debugk73SP,subj_enjoy,6
debughSKVy:debugk73SP,subj_predict,1
debughSKVy:debugk73SP,subj_seen,N
debughSKVy:debugk73SP,demographics_age,30-34
debughSKVy:debugk73SP,demographics_gender,M
debughSKVy:debugk73SP,demographics_hand,Right
debughSKVy:debugk73SP,demographics_nativelang,Y
debughSKVy:debugk73SP,demographics_fluency,Y
debughSKVy:debugk73SP,demographics_race,White
debughSKVy:debugk73SP,demographics_hispanic,N
debughSKVy:debugk73SP,demographics_education,4
debughSKVy:debugk73SP,demographics_nativelang_text,
debughSKVy:debugk73SP,demographics_fluency_text,
debughSKVy:debugk73SP,subj_spoiler_text,Spoilers stop a consumer from feeling genuine emotions upon first discovering a plot point
debughSKVy:debugk73SP,subj_trailer_text,"sometimes its out of excitement for a movie I know is coming, sometimes it's to gauge if I will enjoy it"
debughSKVy:debugk73SP,subj_spoiler_addtltext,
debughSKVy:debugk73SP,subj_feedback,
debughSKVy:debugk73SP,subj_attention,N
debughSKVy:debugk73SP,subj_spoiler_use,AlwaysAvoid
debughSKVy:debugk73SP,subj_trailer_use,SometimesSeek
debughSKVy:debugk73SP,subj_attention_text,
debugs5OdW:debug6zxqs,prolific_ID1,6123b6996f187f72b3a498ff
debugs5OdW:debug6zxqs,prolific_ID2,6123b6996f187f72b3a498ff
debugs5OdW:debug6zxqs,Audio_Catch,2
debugs5OdW:debug6zxqs,Comp_Q1,1
debugs5OdW:debug6zxqs,Comp_Q2,3
debugs5OdW:debug6zxqs,Comp_Q3,4
debugs5OdW:debug6zxqs,Comp_Q4,1
debugs5OdW:debug6zxqs,subj_strategy,I just thought about what would be most obvious.
debugs5OdW:debug6zxqs,subj_purpose,Our memory and our ability to see ahead.
debugs5OdW:debug6zxqs,subj_engage,7
debugs5OdW:debug6zxqs,subj_interest,7
debugs5OdW:debug6zxqs,subj_enjoy,7
debugs5OdW:debug6zxqs,subj_predict,3
debugs5OdW:debug6zxqs,subj_seen,N
debugs5OdW:debug6zxqs,demographics_age,25-29
debugs5OdW:debug6zxqs,demographics_gender,F
debugs5OdW:debug6zxqs,demographics_hand,Right
debugs5OdW:debug6zxqs,demographics_nativelang,Y
debugs5OdW:debug6zxqs,demographics_fluency,Y
debugs5OdW:debug6zxqs,demographics_race,White
debugs5OdW:debug6zxqs,demographics_hispanic,N
debugs5OdW:debug6zxqs,demographics_education,4
debugs5OdW:debug6zxqs,demographics_nativelang_text,
debugs5OdW:debug6zxqs,demographics_fluency_text,
debugs5OdW:debug6zxqs,subj_spoiler_text,"I hate that a spoiler can take away from the raw emotion I may feel during a movie, book, or tv show."
debugs5OdW:debug6zxqs,subj_trailer_text,I don't really care about trailers one way or another. 
debugs5OdW:debug6zxqs,subj_spoiler_addtltext,
debugs5OdW:debug6zxqs,subj_feedback,
debugs5OdW:debug6zxqs,subj_attention,N
debugs5OdW:debug6zxqs,subj_spoiler_use,AlwaysAvoid
debugs5OdW:debug6zxqs,subj_trailer_use,Neutral
debugs5OdW:debug6zxqs,subj_attention_text,
debugoS4Nf:debugxIJax,prolific_ID1,612f2b4ca182598d9b558748
debugoS4Nf:debugxIJax,prolific_ID2,612f2b4ca182598d9b558748
debugoS4Nf:debugxIJax,Audio_Catch,1
debugoS4Nf:debugxIJax,Comp_Q1,1
debugoS4Nf:debugxIJax,Comp_Q2,3
debugoS4Nf:debugxIJax,Comp_Q3,4
debugoS4Nf:debugxIJax,Comp_Q4,1
debugoS4Nf:debugxIJax,subj_strategy,Just predicting human behaviour that is usually exhibited in movies 
debugoS4Nf:debugxIJax,subj_purpose,Predicting narratives
debugoS4Nf:debugxIJax,subj_engage,7
debugoS4Nf:debugxIJax,subj_interest,7
debugoS4Nf:debugxIJax,subj_enjoy,7
debugoS4Nf:debugxIJax,subj_predict,3
debugoS4Nf:debugxIJax,subj_seen,N
debugoS4Nf:debugxIJax,demographics_age,25-29
debugoS4Nf:debugxIJax,demographics_gender,F
debugoS4Nf:debugxIJax,demographics_hand,Right
debugoS4Nf:debugxIJax,demographics_nativelang,Y
debugoS4Nf:debugxIJax,demographics_fluency,Y
debugoS4Nf:debugxIJax,demographics_race,White
debugoS4Nf:debugxIJax,demographics_hispanic,N
debugoS4Nf:debugxIJax,demographics_education,4
debugoS4Nf:debugxIJax,demographics_nativelang_text,
debugoS4Nf:debugxIJax,demographics_fluency_text,
debugoS4Nf:debugxIJax,subj_spoiler_text,Because it ruins the excitement. I love the suspense!
debugoS4Nf:debugxIJax,subj_trailer_text,"Because I like to know who is in the film, the general arc of the story and see how diverse the movie is."
debugoS4Nf:debugxIJax,subj_spoiler_addtltext,People who spoil people are psychopaths 
debugoS4Nf:debugxIJax,subj_feedback,I enjoyed
debugoS4Nf:debugxIJax,subj_attention,N
debugoS4Nf:debugxIJax,subj_spoiler_use,AlwaysAvoid
debugoS4Nf:debugxIJax,subj_trailer_use,AlwaysSeek
debugoS4Nf:debugxIJax,subj_attention_text,
debugM2Mh1:debugqEYLP,prolific_ID1,61020197f83a83260d8c78b4
debugM2Mh1:debugqEYLP,prolific_ID2,61020197f83a83260d8c78b4
debugM2Mh1:debugqEYLP,Audio_Catch,5
debugM2Mh1:debugqEYLP,Comp_Q1,1
debugM2Mh1:debugqEYLP,Comp_Q2,3
debugM2Mh1:debugqEYLP,Comp_Q3,4
debugM2Mh1:debugqEYLP,Comp_Q4,1
debugM2Mh1:debugqEYLP,subj_strategy,It was mostly just thinking of any possibilities that are most likely to happen.
debugM2Mh1:debugqEYLP,subj_purpose,People abilities to make assumptions and quick decisions.
debugM2Mh1:debugqEYLP,subj_engage,7
debugM2Mh1:debugqEYLP,subj_interest,6
debugM2Mh1:debugqEYLP,subj_enjoy,5
debugM2Mh1:debugqEYLP,subj_predict,5
debugM2Mh1:debugqEYLP,subj_seen,N
debugM2Mh1:debugqEYLP,demographics_age,25-29
debugM2Mh1:debugqEYLP,demographics_gender,F
debugM2Mh1:debugqEYLP,demographics_hand,Left
debugM2Mh1:debugqEYLP,demographics_nativelang,Y
debugM2Mh1:debugqEYLP,demographics_fluency,Y
debugM2Mh1:debugqEYLP,demographics_race,White
debugM2Mh1:debugqEYLP,demographics_hispanic,N
debugM2Mh1:debugqEYLP,demographics_education,4
debugM2Mh1:debugqEYLP,demographics_nativelang_text,English
debugM2Mh1:debugqEYLP,demographics_fluency_text,
debugM2Mh1:debugqEYLP,subj_spoiler_text,I prefer to be surprised.
debugM2Mh1:debugqEYLP,subj_trailer_text,"I don't like spoilers, but I like to know the storyline to know if I'm interested in watching it."
debugM2Mh1:debugqEYLP,subj_spoiler_addtltext,
debugM2Mh1:debugqEYLP,subj_feedback,
debugM2Mh1:debugqEYLP,subj_attention,N
debugM2Mh1:debugqEYLP,subj_spoiler_use,SometimesAvoid
debugM2Mh1:debugqEYLP,subj_trailer_use,AlwaysSeek
debugM2Mh1:debugqEYLP,subj_attention_text,
debugqTazt:debugcAOuo,prolific_ID1,61322b2b5abe43e7739856f3
debugqTazt:debugcAOuo,prolific_ID2,61322b2b5abe43e7739856f3
debugXJW8b:debugvRttF,prolific_ID1,61243bd7b3bc114f04400657
debugXJW8b:debugvRttF,prolific_ID2,61243bd7b3bc114f04400657
debugXJW8b:debugvRttF,Audio_Catch,2
debugXJW8b:debugvRttF,Comp_Q1,1
debugXJW8b:debugvRttF,Comp_Q2,3
debugXJW8b:debugvRttF,Comp_Q3,4
debugXJW8b:debugvRttF,Comp_Q4,1
debugXJW8b:debugvRttF,subj_strategy,I realised Keith was a dangerous person after the movie went on so I based predictions on his behaviour. 
debugXJW8b:debugvRttF,subj_purpose,How soon can you realise someone might be dangerous?
debugXJW8b:debugvRttF,subj_engage,5
debugXJW8b:debugvRttF,subj_interest,6
debugXJW8b:debugvRttF,subj_enjoy,5
debugXJW8b:debugvRttF,subj_predict,5
debugXJW8b:debugvRttF,subj_seen,N
debugXJW8b:debugvRttF,demographics_age,30-34
debugXJW8b:debugvRttF,demographics_gender,F
debugXJW8b:debugvRttF,demographics_hand,Right
debugXJW8b:debugvRttF,demographics_nativelang,Y
debugXJW8b:debugvRttF,demographics_fluency,Y
debugXJW8b:debugvRttF,demographics_race,White
debugXJW8b:debugvRttF,demographics_hispanic,N
debugXJW8b:debugvRttF,demographics_education,2
debugXJW8b:debugvRttF,demographics_nativelang_text,
debugXJW8b:debugvRttF,demographics_fluency_text,
debugXJW8b:debugvRttF,subj_spoiler_text,I like some spoilers especially for films as gives me an idea of what it is about.  I don't like spoilers for soaps and get quite annoyed when see spoilers on social media as ruins it if i've not caught up. 
debugXJW8b:debugvRttF,subj_trailer_text,They give me a good idea of what the film is about.
debugXJW8b:debugvRttF,subj_spoiler_addtltext,
debugXJW8b:debugvRttF,subj_feedback,
debugXJW8b:debugvRttF,subj_attention,N
debugXJW8b:debugvRttF,subj_spoiler_use,AlwaysAvoid
debugXJW8b:debugvRttF,subj_trailer_use,AlwaysSeek
debugXJW8b:debugvRttF,subj_attention_text,
debugJc6GB:debugNOpQE,prolific_ID1,611fa5b640eb595b68872486
debugJc6GB:debugNOpQE,prolific_ID2,611fa5b640eb595b68872486
debugJc6GB:debugNOpQE,Audio_Catch,5
debugJc6GB:debugNOpQE,Comp_Q1,1
debugJc6GB:debugNOpQE,Comp_Q2,3
debugJc6GB:debugNOpQE,Comp_Q3,4
debugJc6GB:debugNOpQE,Comp_Q4,1
debugJc6GB:debugNOpQE,subj_strategy,Thinking about what the other characters were doing
debugJc6GB:debugNOpQE,subj_purpose,How good people are at reading social situations
debugJc6GB:debugNOpQE,subj_engage,6
debugJc6GB:debugNOpQE,subj_interest,6
debugJc6GB:debugNOpQE,subj_enjoy,6
debugJc6GB:debugNOpQE,subj_predict,4
debugJc6GB:debugNOpQE,subj_seen,N
debugJc6GB:debugNOpQE,demographics_age,25-29
debugJc6GB:debugNOpQE,demographics_gender,F
debugJc6GB:debugNOpQE,demographics_hand,Right
debugJc6GB:debugNOpQE,demographics_nativelang,Y
debugJc6GB:debugNOpQE,demographics_fluency,Y
debugJc6GB:debugNOpQE,demographics_race,White
debugJc6GB:debugNOpQE,demographics_hispanic,N
debugJc6GB:debugNOpQE,demographics_education,6
debugJc6GB:debugNOpQE,demographics_nativelang_text,
debugJc6GB:debugNOpQE,demographics_fluency_text,
debugJc6GB:debugNOpQE,subj_spoiler_text,"Generally I don't like to know spoilers, but sometimes I'm so eager to see what is going to happen I look it up"
debugJc6GB:debugNOpQE,subj_trailer_text,I like to see whether the movie/TV show is worth watching
debugJc6GB:debugNOpQE,subj_spoiler_addtltext,N/A
debugJc6GB:debugNOpQE,subj_feedback,N/A
debugJc6GB:debugNOpQE,subj_attention,N
debugJc6GB:debugNOpQE,subj_spoiler_use,SometimesSeek
debugJc6GB:debugNOpQE,subj_trailer_use,AlwaysSeek
debugJc6GB:debugNOpQE,subj_attention_text,
debugm92gN:debugWnobn,prolific_ID1,613c1ab3f0c6e72cf5d7d66a
debugm92gN:debugWnobn,prolific_ID2,613c1ab3f0c6e72cf5d7d66a
debugm92gN:debugWnobn,Audio_Catch,1
debugm92gN:debugWnobn,Comp_Q1,1
debugm92gN:debugWnobn,Comp_Q2,3
debugm92gN:debugWnobn,Comp_Q3,4
debugm92gN:debugWnobn,Comp_Q4,1
debugm92gN:debugWnobn,subj_strategy,Once I missed the first few all predicitions were out the window
debugm92gN:debugWnobn,subj_purpose,perception
debugm92gN:debugWnobn,subj_engage,3
debugm92gN:debugWnobn,subj_interest,3
debugm92gN:debugWnobn,subj_enjoy,3
debugm92gN:debugWnobn,subj_predict,1
debugm92gN:debugWnobn,subj_seen,N
debugm92gN:debugWnobn,demographics_age,40-44
debugm92gN:debugWnobn,demographics_gender,M
debugm92gN:debugWnobn,demographics_hand,Right
debugm92gN:debugWnobn,demographics_nativelang,Y
debugm92gN:debugWnobn,demographics_fluency,Y
debugm92gN:debugWnobn,demographics_race,White
debugm92gN:debugWnobn,demographics_hispanic,N
debugm92gN:debugWnobn,demographics_education,3
debugm92gN:debugWnobn,demographics_nativelang_text,
debugm92gN:debugWnobn,demographics_fluency_text,
debugm92gN:debugWnobn,subj_spoiler_text,They run the suspense 
debugm92gN:debugWnobn,subj_trailer_text,They entice me to watch something
debugm92gN:debugWnobn,subj_spoiler_addtltext,
debugm92gN:debugWnobn,subj_feedback,
debugm92gN:debugWnobn,subj_attention,N
debugm92gN:debugWnobn,subj_spoiler_use,AlwaysAvoid
debugm92gN:debugWnobn,subj_trailer_use,AlwaysSeek
debugm92gN:debugWnobn,subj_attention_text,
debugGwBmu:debugKuI43,prolific_ID1,5ef5d78781f1a703a60bf48f
debugGwBmu:debugKuI43,prolific_ID2,5ef5d78781f1a703a60bf48f
debugGwBmu:debugKuI43,Audio_Catch,4
debugGwBmu:debugKuI43,Comp_Q1,1
debugGwBmu:debugKuI43,Comp_Q2,3
debugGwBmu:debugKuI43,Comp_Q3,4
debugGwBmu:debugKuI43,Comp_Q4,1
debugGwBmu:debugKuI43,subj_strategy,I just tried to guess fairly and positively
debugGwBmu:debugKuI43,subj_purpose,how easily influenced you can be by actions
debugGwBmu:debugKuI43,subj_engage,3
debugGwBmu:debugKuI43,subj_interest,1
debugGwBmu:debugKuI43,subj_enjoy,1
debugGwBmu:debugKuI43,subj_predict,1
debugGwBmu:debugKuI43,subj_seen,N
debugGwBmu:debugKuI43,demographics_age,25-29
debugGwBmu:debugKuI43,demographics_gender,F
debugGwBmu:debugKuI43,demographics_hand,Right
debugGwBmu:debugKuI43,demographics_nativelang,Y
debugGwBmu:debugKuI43,demographics_fluency,Y
debugGwBmu:debugKuI43,demographics_race,White
debugGwBmu:debugKuI43,demographics_hispanic,N
debugGwBmu:debugKuI43,demographics_education,1
debugGwBmu:debugKuI43,demographics_nativelang_text,
debugGwBmu:debugKuI43,demographics_fluency_text,
debugGwBmu:debugKuI43,subj_spoiler_text,Spoilers usually show the best bits or twists in a film and therefore I don't want to know what they are
debugGwBmu:debugKuI43,subj_trailer_text,I think it gives you a good insight in to whether or not the film is something you would actually like to watch
debugGwBmu:debugKuI43,subj_spoiler_addtltext,
debugGwBmu:debugKuI43,subj_feedback,
debugGwBmu:debugKuI43,subj_attention,N
debugGwBmu:debugKuI43,subj_spoiler_use,SometimesAvoid
debugGwBmu:debugKuI43,subj_trailer_use,AlwaysSeek
debugGwBmu:debugKuI43,subj_attention_text,
debugluCKa:debugBlMXh,prolific_ID1,60bb9af2afa02d2a1866297e
debugluCKa:debugBlMXh,prolific_ID2,60bb9af2afa02d2a1866297e
debugluCKa:debugBlMXh,Audio_Catch,2
debugluCKa:debugBlMXh,Comp_Q1,1
debugluCKa:debugBlMXh,Comp_Q2,3
debugluCKa:debugBlMXh,Comp_Q3,4
debugluCKa:debugBlMXh,Comp_Q4,1
debugluCKa:debugBlMXh,subj_strategy,N/a
debugluCKa:debugBlMXh,subj_purpose,"rational, logical thinking"
debugluCKa:debugBlMXh,subj_engage,7
debugluCKa:debugBlMXh,subj_interest,6
debugluCKa:debugBlMXh,subj_enjoy,5
debugluCKa:debugBlMXh,subj_predict,4
debugluCKa:debugBlMXh,subj_seen,N
debugluCKa:debugBlMXh,demographics_age,25-29
debugluCKa:debugBlMXh,demographics_gender,F
debugluCKa:debugBlMXh,demographics_hand,Left
debugluCKa:debugBlMXh,demographics_nativelang,Y
debugluCKa:debugBlMXh,demographics_fluency,Y
debugluCKa:debugBlMXh,demographics_race,White
debugluCKa:debugBlMXh,demographics_hispanic,N
debugluCKa:debugBlMXh,demographics_education,5
debugluCKa:debugBlMXh,demographics_nativelang_text,
debugluCKa:debugBlMXh,demographics_fluency_text,
debugluCKa:debugBlMXh,subj_spoiler_text,I don't like to know the outcome before watching/reading something. I like to be surprised. I think spoilers take away from the experience.
debugluCKa:debugBlMXh,subj_trailer_text,Trailers help me decide whether or not I want to watch a movie. I can generally gauge if I will enjoy a movie from the trailer.
debugluCKa:debugBlMXh,subj_spoiler_addtltext,N/A
debugluCKa:debugBlMXh,subj_feedback,N/A
debugluCKa:debugBlMXh,subj_attention,N
debugluCKa:debugBlMXh,subj_spoiler_use,AlwaysAvoid
debugluCKa:debugBlMXh,subj_trailer_use,SometimesSeek
debugluCKa:debugBlMXh,subj_attention_text,N/A
debugZTfZC:debugpu59g,prolific_ID1,5cd3c6d9440dcc000110f934
debugZTfZC:debugpu59g,prolific_ID2,5cd3c6d9440dcc000110f934
debugZTfZC:debugpu59g,Audio_Catch,2
debugZTfZC:debugpu59g,Comp_Q1,1
debugZTfZC:debugpu59g,Comp_Q2,3
debugZTfZC:debugpu59g,Comp_Q3,4
debugZTfZC:debugpu59g,Comp_Q4,1
debugZTfZC:debugpu59g,subj_strategy,Considering the probability of Keith's rage against being overlooked for promotion and a relationship.
debugZTfZC:debugpu59g,subj_purpose,How people's predictions vary and what percentage would be considered extreme.
debugZTfZC:debugpu59g,subj_engage,7
debugZTfZC:debugpu59g,subj_interest,7
debugZTfZC:debugpu59g,subj_enjoy,7
debugZTfZC:debugpu59g,subj_predict,3
debugZTfZC:debugpu59g,subj_seen,N
debugZTfZC:debugpu59g,demographics_age,40-44
debugZTfZC:debugpu59g,demographics_gender,M
debugZTfZC:debugpu59g,demographics_hand,Left
debugZTfZC:debugpu59g,demographics_nativelang,Y
debugZTfZC:debugpu59g,demographics_fluency,Y
debugZTfZC:debugpu59g,demographics_race,White
debugZTfZC:debugpu59g,demographics_hispanic,N
debugZTfZC:debugpu59g,demographics_education,4
debugZTfZC:debugpu59g,demographics_nativelang_text,
debugZTfZC:debugpu59g,demographics_fluency_text,
debugZTfZC:debugpu59g,subj_spoiler_text,"If it's a spoiler for a season finale or a major movie, I stay clear. Spoilers for normal episodes are ok, i may not have the time to catch up."
debugZTfZC:debugpu59g,subj_trailer_text,Trailers build hype. A well crafted trailer can build suspense without revealing anything about the plot.
debugZTfZC:debugpu59g,subj_spoiler_addtltext,Marvel Studios done an excellent job of the Avengers Endgame trailer through not revealing if any characters who had died returned.
debugZTfZC:debugpu59g,subj_feedback,Interesting experiment. 
debugZTfZC:debugpu59g,subj_attention,N
debugZTfZC:debugpu59g,subj_spoiler_use,SometimesAvoid
debugZTfZC:debugpu59g,subj_trailer_use,AlwaysSeek
debugZTfZC:debugpu59g,subj_attention_text,
debugpdlSv:debugChPZC,prolific_ID1,613b9970d27548b91ee600a3
debugpdlSv:debugChPZC,prolific_ID2,613b9970d27548b91ee600a3
debugpdlSv:debugChPZC,Audio_Catch,3
debugpdlSv:debugChPZC,Comp_Q1,1
debugpdlSv:debugChPZC,Comp_Q2,3
debugpdlSv:debugChPZC,Comp_Q3,4
debugpdlSv:debugChPZC,Comp_Q4,1
debugpdlSv:debugChPZC,subj_strategy,I just went with the assumption that came in to my head first 
debugpdlSv:debugChPZC,subj_purpose,Don't expect the unexpected 
debugpdlSv:debugChPZC,subj_engage,5
debugpdlSv:debugChPZC,subj_interest,5
debugpdlSv:debugChPZC,subj_enjoy,3
debugpdlSv:debugChPZC,subj_predict,1
debugpdlSv:debugChPZC,subj_seen,N
debugpdlSv:debugChPZC,demographics_age,25-29
debugpdlSv:debugChPZC,demographics_gender,F
debugpdlSv:debugChPZC,demographics_hand,Right
debugpdlSv:debugChPZC,demographics_nativelang,Y
debugpdlSv:debugChPZC,demographics_fluency,Y
debugpdlSv:debugChPZC,demographics_race,White
debugpdlSv:debugChPZC,demographics_hispanic,N
debugpdlSv:debugChPZC,demographics_education,1
debugpdlSv:debugChPZC,demographics_nativelang_text,
debugpdlSv:debugChPZC,demographics_fluency_text,
debugpdlSv:debugChPZC,subj_spoiler_text,Because they're normally the best parts of the show and ruins the suspense
debugpdlSv:debugChPZC,subj_trailer_text,If the trailer is good I know i'll can sit through the film 
debugpdlSv:debugChPZC,subj_spoiler_addtltext,
debugpdlSv:debugChPZC,subj_feedback,
debugpdlSv:debugChPZC,subj_attention,N
debugpdlSv:debugChPZC,subj_spoiler_use,SometimesAvoid
debugpdlSv:debugChPZC,subj_trailer_use,SometimesSeek
debugpdlSv:debugChPZC,subj_attention_text,
