"","internal_ID","session_ID","prolific_ID","age","gender","dominant_hand","english_nativelang","nativelang_text","english_fluent","fluentlang_text","race","hispanic","education_level"
"1","1000","debugT7bQR:debug09Gei","60b0f5d8bdb8da8fbf50aa88","40-44","F","Right","Y",NA,"Y",NA,"White","N","Masters degree"
"2","1001","debugt3pwk:debugbS6Ge","62e02b26e879244a99e852fa","45-49","M","Right","Y",NA,"Y",NA,"White","N","Bachelor degree"
"3","1002","debug2rruG:debugptJiw","651ae29f9334283dc9199467","50-54","M","Right","Y",NA,"Y",NA,"White","N","Masters degree"
"4","1003","debugEUk1q:debugLIMxa","65389f0b0f181197c4218f6d","35-39","M","Right","Y",NA,"Y",NA,"White","N","Doctoral degree"
"5","1004","debugc31kr:debugW15jP","5f6b8c1f5622370b0c94d597","35-39","M","Right","Y",NA,"Y",NA,"White","N","Bachelor degree"
"6","1005","debugJf7j9:debug6GGr8","60bf28df4926a8b6391df575","20-24","M","Right","Y",NA,"Y",NA,"White","N","High school degree or equivalent"
"7","1006","debugROzh2:debugPMbwt","5a75b131eea3d300016ddc70","40-44","M","Right","Y",NA,"Y",NA,"Multiracial","N","High school degree or equivalent"
"8","1007","debugREYH3:debugZqKTD","63e61d24e1c77b4b584e879f","25-29","M","Right","Y",NA,"Y",NA,"White","N","Bachelor degree"
"9","1008","debug9MGN2:debugfKCvq","5974ce5364b35a00019dd811","25-29","M","Left","N","French","Y",NA,"White","N","Masters degree"
"10","1009","debugYTHgb:debugsYYof","5f280d1533b5cf085a06e2ad","35-39","M","Right","Y","Also Cantonese","Y","Cantonese conversationally","Asian","N","Bachelor degree"
"11","1011","debugjsGrj:debugs8AFi","57dd186e6598aa0001992616","30-34","M","Right","Y",NA,"Y",NA,"Multiracial","N","Bachelor degree"
"12","1015","debugBYFMQ:debugN1pSZ","5a5541e7eedc320001423598","35-39","M","Right","Y",NA,"Y",NA,"White","N","High school degree or equivalent"
"13","1016","debugjTkKW:debug7KqRm","65a9777788c92965fdac9b68","25-29","F","Right","N","French","Y",NA,"White","N","Masters degree"
"14","1018","debugy4ZFo:debugIKOHj","60fd10e8d6da57730b80fadf","35-39","F","Left","N","Portuguese","Y",NA,"White","Y","Bachelor degree"
"15","1019","debuglUsG3:debugFGYQc","5f6067975552dc000aa21f2a","40-44","F","Right","Y",NA,"Y",NA,"White","N","Doctoral degree"
"16","1021","debugxScxM:debugR8sO5","6310a5c786d2abda637997c0","40-44","M","Right","Y",NA,"Y",NA,"White","N","Bachelor degree"
"17","1022","debugT8Rz7:debugKIrvD","5f9e03f3517e0d3ad1eab67b","45-49","F","Right","Y",NA,"Y",NA,"White","N","Some college but no degree"
"18","1023","debugGttJK:debugApqkg","5fc18d478a746025809c8d29","40-44","F","Right","Y","YES","Y",NA,"Black","N","Bachelor degree"
"19","1024","debugJe1ua:debugcXE46","63d40e2ebf8618778fa289f9","40-44","F","Right","Y",NA,"Y",NA,"White","N","Bachelor degree"
"20","1025","debugz6N25:debugfQI81","613f2fddaba8ab6b7099670d","35-39","F","Right","Y",NA,"Y",NA,"White","N","Masters degree"
"21","1026","debughx2s5:debugcUxOc","5e31a1526ef37a1879a94441","55-59","M","Right","Y",NA,"Y",NA,"White","N","Bachelor degree"
"22","1027","debugxSLwx:debugs6O0w","6547dbba82e25fe1a8ddb24b","20-24","M","Right","Y",NA,"Y",NA,"Black","N","High school degree or equivalent"
"23","1028","debugk3XQQ:debugYl1wh","6273088a00cf446a9c9cd8f6","40-44","M","Right","Y",NA,"Y",NA,"White","N","Bachelor degree"
"24","1029","debugdoX5D:debugqwbyY","65ca281d5c2166db35795484","20-24","F","Right","Y",NA,"Y",NA,"Asian","N","High school degree or equivalent"
"25","1031","debugeGIPI:debugK14O5","5f0f7fe1d7ad1c000b42d091","25-29","M","Right","Y",NA,"Y",NA,"White","N","Bachelor degree"
"26","1032","debugpGHsG:debugH0usS","647e5f4c5b7dfbc365335f72","50-54","F","Right","N","Portuguese","Y","Portuguese, Spanish","White","N","Bachelor degree"
"27","1033","debugLWy5D:debugSjuAY","6533ed4d1f4d40995d982559","40-44","F","Right","Y",NA,"Y",NA,"Multiracial","N","Associate degree"
"28","1034","debugqgJLl:debugrJ0Yu","5ebd5fa512c47d04402403da","45-49","M","Right","Y",NA,"Y",NA,"White","N","High school degree or equivalent"
"29","1036","debugdykhT:debugnPFav","6136cb52db0f1cb2262bbf5d","25-29","M","Right","N","Spanish","Y",NA,"White","Y","Bachelor degree"
"30","1037","debugmOe8B:debugs76CJ","651976e6c5133d0b924c765f","50-54","F","Right","Y",NA,"Y",NA,"White","N","Bachelor degree"
"31","1038","debugALq8e:debugBSOSg","62e234304cf51f62d5ee3e48","55-59","M","Left","Y",NA,"Y",NA,"White","N","Bachelor degree"
"32","1040","debugh5UA1:debugTkmbZ","5fb2808bf1937b872c6ad534","25-29","F","Right","Y",NA,"Y",NA,"Black","N","Bachelor degree"
"33","1041","debugI9ICW:debugTWM0a","5b82be353c1375000199766e","40-44","M","Right","Y",NA,"Y",NA,"White","N","High school degree or equivalent"
"34","1042","debug4NzjE:debugU1Mcr","5ee4a14b578f8a000b384376","45-49","M","Right","Y",NA,"Y",NA,"White","N","Bachelor degree"
"35","1043","debugBYD4l:debug6XWG1","601997714cfca90e99caac7c","25-29","F","Right","Y",NA,"Y",NA,"Black","NONE","High school degree or equivalent"
"36","1045","debugG2YMv:debugqL9Br","5c8ee6c36ca70b0001fe979d","65-69","M","Right","Y",NA,"Y",NA,"White","N","Some college but no degree"
"37","1046","debugmYo6S:debugFxjMx","6016bbe3a28c6014fd3236b8","25-29","M","Right","Y",NA,"Y",NA,"Multiracial","N","Some college but no degree"
"38","1047","debug9dW1K:debug5hHhd","61096a6ab244ccee2220a180","55-59","F","Right","Y",NA,"Y",NA,"White","N","High school degree or equivalent"
"39","1048","debug0IV5M:debugZn6Ph","65ecdf245d67438e9578bce0","35-39","F","Right","Y",NA,"Y",NA,"Multiracial","N","Some college but no degree"
"40","1050","debug9Otgh:debug3miQM","63469effac5117e39352c13b","40-44","M","Right","Y",NA,"Y",NA,"White","N","Bachelor degree"
"41","1051","debugHGQiP:debugwgLJ7","60743e408fd768b1a939ed4c","20-24","M","Left","Y",NA,"Y",NA,"White","N","Some college but no degree"
"42","1052","debugYNmdQ:debugvryzI","62d76226d4848594e77ef056","35-39","M","Right","Y",NA,"Y",NA,"Multiracial","Y","Bachelor degree"
"43","1053","debugHSYeF:debugqb814","654e6a0bf9627c63cff956a7","45-49","M","Right","Y",NA,"Y",NA,"White","N","Bachelor degree"
"44","1054","debugkkd53:debugKIjiS","60ec54c58f88686dadb1a0c9","30-34","M","Left","Y",NA,"Y",NA,"White","N","Bachelor degree"
"45","1055","debugLM53W:debugoJI2D","63d6873b65a6170d64a652f6","40-44","M","Right","Y",NA,"Y",NA,"White","N","Bachelor degree"
"46","1057","debugSQVA4:debugGyofo","65707e9db593e1e6c2e7b416","25-29","F","Right","Y",NA,"Y",NA,"White","N","Masters degree"
"47","1058","debugRXbUl:debugSDATB","6554e79557e3d6be08e32ceb","60-64","M","Right","Y",NA,"Y",NA,"White","N","High school degree or equivalent"
"48","1059","debug5JsfX:debugYVi3r","5c9224087a7067000190b119","50-54","F","Left","Y",NA,"Y",NA,"Multiracial","N","Masters degree"
"49","1060","debugj8CKP:debug44qBi","5c93e5293a673a0001869096","75-79","M","Right","Y",NA,"Y",NA,"White","N","Associate degree"
"50","1062","debugHojWh:debugPJGhh","5f105b47d36c8701ec112317","20-24","F","Left","Y",NA,"Y",NA,"White","N","Masters degree"
"51","1065","debugFBOxZ:debugvLXqJ","6100ab2066fe91a935e5d8af","25-29","F","Right","Y",NA,"Y",NA,"White","N","Masters degree"
"52","1066","debug89TVc:debugruQh6","5d7ff85ffec5620017b07c40","45-49","F","Right","Y",NA,"Y",NA,"White","Y","Some college but no degree"
"53","1067","debugD32FF:debug7KIWd","55057a56fdf99b5b566a70bb","30-34","F","Right","Y",NA,"Y",NA,"White","N","Bachelor degree"
"54","1068","debug5ix7c:debugCcGjB","65c243c37e0d77ca70ee030e","20-24","F","Right","Y",NA,"Y",NA,"White","N","Bachelor degree"
"55","1069","debugyztT9:debugYy5Dn","604fa685e33606f9a0ee8189","25-29","F","Right","Y",NA,"Y",NA,"White","N","Bachelor degree"
"56","1070","debugmk4Qz:debugbPaAN","5ff38032559f439a49bdac82","20-24","F","Right","Y",NA,"Y",NA,"Black","N","Some college but no degree"
"57","1071","debug09prG:debug7vNPf","62db2644ab0a3a353c0dcb54","40-44","M","Right","Y",NA,"Y",NA,"White","N","Some college but no degree"
"58","1072","debugd4kFV:debugzpGXf","629f6b8c65fcae219e245284","30-34","M","Right","Y",NA,"Y",NA,"White","N","High school degree or equivalent"
"59","1073","debugCoTxC:debugcA5kx","61673678443beb110fc527ae","30-34","M","Right","Y",NA,"Y",NA,"White","N","Masters degree"
"60","1074","debugr37tN:debugw12WA","5ca216d52a83ec00175c4eaf","60-64","F","Right","Y",NA,"Y",NA,"White","N","Some college but no degree"
"61","1075","debugo8eNc:debugDzh8O","5721b3054d5b26001301f651","35-39","M","Right","Y",NA,"Y",NA,"Asian","N","Bachelor degree"
"62","1076","debugg5Hf3:debug8Ssmd","614ad1d11ebbb70be136b832","45-49","F","Right","Y",NA,"Y",NA,"White","N","Some college but no degree"
"63","1077","debugmKDoZ:debug9EYNq","62d140d43079cdd60f42d39e","55-59","F","Left","Y",NA,"Y",NA,"White","N","Masters degree"
"64","1078","debugvxaLi:debug5CVtP","62e2917bb46ebde5c7866071","50-54","M","Right","Y",NA,"Y",NA,"White","N","Some college but no degree"
"65","1079","debugZ5IYX:debugaCRIW","616481feaf056d3b75b975fb","35-39","F","Right","Y",NA,"Y",NA,"White","N","Bachelor degree"
"66","1081","debugXNxa4:debug0TdYk","63d1c3aec175ba81e9f50cf9","20-24","M","Right","Y",NA,"Y",NA,"White","N","Bachelor degree"
"67","1082","debugkFCCk:debugnkmAQ","638fdf87700dd1228bade2e1","50-54","M","Right","Y",NA,"Y",NA,"White","N","Masters degree"
"68","1084","debugx8rkH:debug7mBWe","60aad516e34718d318bfb44d","25-29","F","Right","Y",NA,"Y",NA,"Black","N","Bachelor degree"
"69","1085","debugVkZNk:debugZ8z3q","63ea4a7fa7d709c8e7887a93","45-49","M","Right","Y",NA,"Y",NA,"White","N","Some college but no degree"
"70","1086","debuge0rzL:debugm7fQz","5fe1053fad8fbab3583b4ecf","20-24","M","Right","Y",NA,"Y",NA,"Prefer not to say","N","Bachelor degree"
"71","1088","debugpI0LD:debugOcC96","5ca25f7048f78e0018fdac10","40-44","M","Right","Y",NA,"Y",NA,"White","N","Masters degree"
"72","1089","debughDLxE:debugYLeZM","63dadcb85db62398fa0fd383","35-39","M","Right","N","Dutch, Turkish","Y","Dutch, English, German, learning spanish french and japanese but casually","Asian","N","Some college but no degree"
"73","1091","debugSXJb8:debugpH6Or","5b09da13641b1200010eab05","25-29","M","Right","Y",NA,"Y",NA,"Asian","N","High school degree or equivalent"
"74","1092","debugKWhVx:debug69oAY","64df7a938552305f85cb3ab5","25-29","F","Right","Y",NA,"Y",NA,"NativeAmerican","N","High school degree or equivalent"
"75","1093","debugAokmK:debugZTjWA","63614899ad49a91f1ef09067","50-54","M","Left","Y",NA,"Y",NA,"White","N","Masters degree"
"76","1094","debug9wfPD:debug6dIdf","660c10b60593e8dfe95e6346","50-54","F","Right","Y",NA,"Y",NA,"Asian","N","Some college but no degree"
"77","1095","debugNCvpJ:debugTzhMf","6579d5a22e0a15c71dd52086","40-44","M","Right","Y",NA,"Y",NA,"Prefer not to say","Y","High school degree or equivalent"
"78","1097","debugNFewX:debugzQln9","5b98701eb79d6d0001d08882","55-59","M","Right","Y",NA,"Y",NA,"White","Y","Some college but no degree"
"79","1098","debugEZgDu:debugbOWCc","5e6d7fa722eae434ce63b64c","25-29","F","Right","Y",NA,"Y",NA,"White","N","Bachelor degree"
"80","1099","debugM86PN:debugFx2GN","6321d9c78e8e3c04f82a0ea0","35-39","M","Right","Y",NA,"Y",NA,"White","NONE","High school degree or equivalent"
"81","1100","debugu4xAf:debugKwUwY","629f2dccc6e91be06559e2f1","35-39","M","Left","Y",NA,"Y",NA,"White","N","Masters degree"
"82","1103","debugk9SdP:debugcVH5I","6606d4f4acdc3a6b8200c0ee","55-59","M","Right","Y",NA,"Y",NA,"White","N","Some college but no degree"
"83","1104","debugoDjOK:debugnDlSV","57308d1530a5560010ecbc1a","45-49","F","Right","Y",NA,"Y",NA,"White","N","High school degree or equivalent"
"84","1105","debugB0hvX:debugOvKSx","63d196c147d1f420690e5b87","35-39","M","Right","Y","English","Y","None","White","N","Bachelor degree"
"85","1106","debugMLdNz:debugfsNmB","60a2df32808ac76c056b37b9","25-29","F","Right","Y",NA,"Y",NA,"Black","N","Bachelor degree"
"86","1107","debugXRIw3:debugcONSF","5d8878251f684d0001737c56","40-44","F","Left","Y",NA,"Y",NA,"White","NONE","Bachelor degree"
"87","1108","debugnV6lb:debugoOMJS","6533f44ae5d99a4901680ca8","20-24","F","Right","Y",NA,"Y",NA,"White","N","Some college but no degree"
"88","1109","debugGgkoa:debug6Osgo","6560d43fc84f57af66b900f8","50-54","M","Right","Y",NA,"Y",NA,"Prefer not to say","N","Bachelor degree"
"89","1110","debugYJCxE:debugSCcPZ","5dec6a96da522335df62a1b5","30-34","M","Right","Y",NA,"Y",NA,"White","N","Associate degree"
"90","1112","debug4TP2w:debug11EGC","65650785d7aaf3ae0ba9697f","30-34","M","Right","Y",NA,"Y",NA,"Black","N","Masters degree"
"91","1114","debug5fU9J:debug3WJPv","63d193c45e01ccb694993e7f","25-29","M","Right","Y",NA,"Y",NA,"White","N","Bachelor degree"
"92","1115","debugf6XW7:debugSZd7Z","62d6d87d91cf24a3c1c0f10c","35-39","M","Right","Y",NA,"Y",NA,"White","N","Associate degree"
"93","1116","debugb6TSK:debugUZ8Cy","6124ea99728014c37c9635c7","20-24","M","Right","Y",NA,"Y",NA,"Multiracial","N","High school degree or equivalent"
"94","1117","debugUR9gD:debugzOfji","558fff05fdf99b3f7aada357","35-39","M","Right","Y",NA,"Y",NA,"Asian","N","Bachelor degree"
"95","1118","debugpPqiB:debugbhJWo","631610af8e747093cd90e00d","35-39","F","Left","Y",NA,"Y",NA,"Multiracial","N","High school degree or equivalent"
"96","1119","debugR3MKR:debugc6UBJ","661571d6cc16ee34676734df","40-44","F","Right","Y",NA,"Y",NA,"White","N","Bachelor degree"
"97","1120","debugbGH3e:debugkxrVY","5f0f59f3bc44f50f92845a05","40-44","F","Right","Y",NA,"Y",NA,"White","N","Bachelor degree"
"98","1121","debugTfVBL:debug1aptE","5aeae9fd26b66800016982d6","30-34","M","Right","Y",NA,"Y",NA,"White","N","Bachelor degree"
"99","1122","debuga3iX3:debugWF0vx","5dbf5fe16849043f135aa2c0","35-39","M","Right","Y",NA,"Y",NA,"White","N","Bachelor degree"
"100","1123","debugDQ7Ho:debugakFD6","63fbf0e3b18cc14adc0dbfb6","50-54","M","Right","Y",NA,"Y",NA,"White","N","Bachelor degree"
"101","1124","debugI71z8:debugimskb","5d42486206811e001ada5b4b","45-49","M","Right","Y",NA,"Y",NA,"White","N","High school degree or equivalent"
"102","1125","debug9GkQC:debug8krRD","5bbb5e3f118c0600013c3202","35-39","F","Right","Y",NA,"Y",NA,"White","N","Doctoral degree"
"103","1126","debugJSXqX:debugbscXc","5e5bf2d23ff8553d87edd445","25-29","F","Right","Y",NA,"Y",NA,"White","N","Masters degree"
"104","1127","debugOOwl7:debugLNlRv","63d2797ee24c80630f3b67e1","45-49","M","Left","Y",NA,"Y",NA,"White","N","Bachelor degree"
"105","1128","debugpd0B4:debug1ZQYg","5c637726938ac700011f45cf","25-29","F","Right","Y",NA,"Y",NA,"White","N","High school degree or equivalent"
"106","1129","debug4KiwK:debugTtKwt","574aff1b5bef980007af2745","55-59","F","Right","Y",NA,"Y",NA,"White","N","High school degree or equivalent"
"107","1131","debugp3vLO:debugFAgww","5f3d6975ef131710ed519c7a","30-34","M","Left","Y",NA,"Y",NA,"White","Y","Associate degree"
"108","1132","debug1ig6H:debugWcZB7","5c81b61727f8cb0017c93a38","25-29","M","Right","Y",NA,"Y",NA,"Asian","N","Associate degree"
"109","1133","debugv4NOE:debugGErwq","571a78f06a1c6300114b8d80","35-39","F","Right","Y",NA,"Y",NA,"White","N","Bachelor degree"
"110","1134","debug0oLsp:debugscuZ6","656621c12123fab75fe96106","30-34","F","Right","Y",NA,"Y",NA,"Black","N","Some college but no degree"
"111","1135","debugpbA9m:debugKoIrO","5dc82434470f625ad88430d3","30-34","F","Right","Y",NA,"Y",NA,"Asian","N","Bachelor degree"
"112","1136","debug5e5CF:debugD7Kgi","60b8f2c365ec36a3395896b6","50-54","F","Right","Y",NA,"Y",NA,"White","N","Some college but no degree"
"113","1137","debugbXaPD:debugJr7Xy","5f1c4b9e5b420902880d1e98","45-49","M","Right","Y",NA,"Y",NA,"White","N","Bachelor degree"
"114","1138","debugu51Lv:debugHvaGI","6048afad9aae3acb89a0082f","40-44","M","Right","Y",NA,"Y",NA,"White","N","High school degree or equivalent"
"115","1139","debug3woVD:debugZEioc","62c63362e7342ad8be294866","40-44","M","Right","Y",NA,"Y",NA,"White","N","Some college but no degree"
"116","1140","debug31pev:debug7aESQ","60d8f1c24c86aa4d0b23bf4e","35-39","F","Right","Y",NA,"Y",NA,"White","N","High school degree or equivalent"
"117","1143","debugGrXza:debuggAGI8","5f01dbf0f5ef5d052ced1135","50-54","F","Right","Y",NA,"Y",NA,"Black","N","Masters degree"
"118","1144","debugAgk4N:debugD49O9","5d93ab29efb8550018d5626c","30-34","F","Right","Y",NA,"Y",NA,"White","N","Masters degree"
"119","1145","debugrxgrF:debugRnMJl","5e9375259c9687000b26ec11","35-39","F","Right","Y",NA,"Y",NA,"White","N","High school degree or equivalent"
"120","1146","debugb7suN:debugQh6vk","653e69acd1d1340f02fa4cbc","20-24","M","Right","Y",NA,"Y",NA,"White","N","Bachelor degree"
"121","1147","debugN4U39:debugWO0pO","62d133496cf7f774b8bf98a0","45-49","F","Right","Y",NA,"Y",NA,"White","N","High school degree or equivalent"
"122","1148","debugovtIE:debugFwpNj","6062d142077e1d0ec0c9361a","20-24","M","Right","Y",NA,"Y",NA,"White","N","Bachelor degree"
"123","1149","debugSAB9H:debugyHS7A","5ea0b2cbf710490ac2644b7e","65-69","M","Right","Y",NA,"Y",NA,"White","N","High school degree or equivalent"
"124","1150","debugMtJBr:debughK9Pr","62b8cd151b5fd0f9be7d1f11","30-34","M","Right","Y",NA,"Y",NA,"White","N","Bachelor degree"
"125","1151","debugF8FMc:debugC1fKn","5bb7b83ab791890001f4fd90","55-59","M","Right","Y",NA,"Y",NA,"White","N","Some college but no degree"
"126","1152","debugpl0Lh:debug4F9Ny","63e5eb956eab1f2740ac6289","30-34","M","Right","Y",NA,"Y",NA,"White","N","High school degree or equivalent"
"127","1153","debugLIr9h:debugzb8EG","63ed0a8a65ddbf9edae99a16","25-29","M","Left","Y",NA,"Y",NA,"White","N","Masters degree"
"128","1154","debugpSlHK:debugonXy9","5f9822ed09bb3d07b22d6c8d","20-24","M","Right","N","Polish","Y",NA,"White","N","Associate degree"
"129","1155","debugbg3pI:debugM0pkD","63ea85f2e1c8032a3121a505","25-29","M","Right","Y",NA,"Y",NA,"White","N","High school degree or equivalent"
"130","1156","debug6GCWl:debugQDGG6","659b34567fa14c73800c92c4","20-24","M","Right","N","Hungarian","Y",NA,"White","N","Some college but no degree"
"131","1157","debugOJ2wa:debugElQyn","65f046db72157db89e132e9f","35-39","F","Right","Y",NA,"Y",NA,"Black","N","Bachelor degree"
"132","1158","debugIeksF:debug1qxF4","650d4cb9a94b4b3c9a4ab6e6","30-34","F","Right","Y",NA,"Y",NA,"White","N","Masters degree"
"133","1159","debugeASi6:debugLnKky","5c4f5967aac8be0001716a65","30-34","M","Right","Y","English","Y",NA,"White","N","Some college but no degree"
"134","1160","debug1xm61:debugaqWR9","5a6110b013898300014b0cbf","20-24","F","Right","Y",NA,"Y",NA,"White","N","Bachelor degree"
"135","1161","debugUE73t:debug6BLQL","5c4b4d5c2cfe4d00018485cc","45-49","F","Right","Y",NA,"Y",NA,"White","N","High school degree or equivalent"
"136","1162","debugw7R2T:debugZ3ZW1","609bfd97a7c95881330491d4","30-34","M","NONE","Y","Polish","Y","French, German","White","N","Masters degree"
"137","1164","debug6Az6E:debugpdkLo","5caa11e5a15c9800161ad16d","45-49","F","Right","Y",NA,"Y",NA,"White","N","High school degree or equivalent"
"138","1165","debugQrYS7:debugZQegm","6606d76b2c5ad406d7fe9e1d","25-29","F","Left","Y",NA,"Y",NA,"Prefer not to say","N","Bachelor degree"
"139","1166","debugS6YLU:debugN6Ok3","5e736c9f4e8cdf034bdfa5c3","45-49","M","Right","Y",NA,"Y",NA,"White","N","Bachelor degree"
"140","1167","debugFcr2C:debugaU0AO","64f81076c88a550368cc0eab","50-54","F","Right","Y",NA,"Y",NA,"Asian","N","Bachelor degree"
"141","1168","debugzyDRX:debugBVIBG","5d61a6ec798d980001f9d5e1","45-49","F","Right","Y",NA,"Y",NA,"White","N","Bachelor degree"
"142","1169","debugvkdoi:debugppphm","660cda55786e37b1cbb49717","35-39","M","Right","Y",NA,"Y",NA,"Black","N","High school degree or equivalent"
"143","1171","debugevThM:debugjKIhe","5bf2f728bd9f150001f6cc42","55-59","M","Left","Y",NA,"Y",NA,"White","N","Bachelor degree"
"144","1172","debugt5ZmK:debugArSQQ","5d53fd59f6d6da00011209c0","25-29","M","Right","Y",NA,"Y",NA,"Asian","N","Bachelor degree"
"145","1173","debugR3Aa2:debugUKbAN","5b95a66ba2980c0001c481a6","25-29","M","Right","Y",NA,"Y",NA,"White","N","High school degree or equivalent"
"146","1174","debugUI59S:debugDmywI","650f6903d4c854edfd65b61c","30-34","F","Right","Y",NA,"Y",NA,"Prefer not to say","NONE","Masters degree"
"147","1175","debugs93ty:debugFEb5e","64fd284ab11a42220daa4f06","30-34","F","Right","Y",NA,"Y",NA,"White","N","Associate degree"
"148","1176","debugckXZW:debugAKSU1","5f969821c6763f56fd948f43","45-49","M","Right","Y",NA,"Y",NA,"White","N","Masters degree"
"149","1177","debuguLFU5:debugted6b","5a94d2e989de8200013ecab6","25-29","M","Right","Y",NA,"Y",NA,"White","N","Bachelor degree"
"150","1178","debughdW68:debugMet48","6304b7a752adde130e57bddf","20-24","F","Right","Y",NA,"Y",NA,"White","N","High school degree or equivalent"
"151","1179","debugv3TI0:debugQrf6K","5771a0aa8b3e2300016d571a","25-29","F","Right","Y",NA,"Y",NA,"White","N","Masters degree"
"152","1180","debugeeHgp:debug5Rles","5ae9cde00335e200019e9eed","25-29","F","Right","Y","None","Y","None","White","N","Some college but no degree"
"153","1181","debugRvePq:debugRb1Yl","63d2b22da2bc79f659e4a4a7","40-44","M","Right","Y",NA,"Y",NA,"White","N","Some college but no degree"
"154","1182","debugb7Pn0:debugcBxSQ","613929236e3092c6bad219ab","35-39","M","Right","Y",NA,"Y",NA,"White","N","Bachelor degree"
"155","1183","debugt5oxx:debugO8o8R"," 63ea4564de250efaacb1cce","25-29","M","Right","Y",NA,"Y",NA,"White","Y","Bachelor degree"
"156","1184","debugqtZIY:debugNLlsj","6447a78c4b1bef1d4b5b3d44","30-34","F","Right","Y",NA,"Y",NA,"White","N","Bachelor degree"
"157","1185","debugvtFsp:debugU9FW1","60e4c09a4b30f16f5a1053e7","65-69","F","Right","Y",NA,"Y",NA,"White","N","Bachelor degree"
"158","1186","debugnbu3d:debugYCAqh","5efa358d3b02ed8465b9a726","45-49","F","Right","Y",NA,"Y",NA,"White","N","Bachelor degree"
"159","1187","debuglv8pv:debugFbhpT","5b4d41e13d01bd0001ec46c2","35-39","M","Right","Y",NA,"Y",NA,"Black","N","Bachelor degree"
"160","1188","debugsjpLu:debuggcMnC","615f6138c852e1c62ff78c0c","35-39","M","Right","Y",NA,"Y",NA,"White","N","Masters degree"
"161","1189","debugixQ4I:debug381F6","5f3287b83428cb05746e2214","35-39","F","Right","Y",NA,"Y","shona","Black","N","Bachelor degree"
"162","1190","debugdtWl0:debugADzA3","5ac8328afa3b4e0001738e4e","60-64","F","Left","Y",NA,"Y",NA,"White","N","Some college but no degree"
"163","1191","debugLqFhi:debugGvqsr","5d8e154af2858200171fdb95","35-39","F","Right","Y",NA,"Y",NA,"White","N","Bachelor degree"
"164","1192","debugEc6if:debugHdNZR","632c78dac01ee4ebd60f742c","20-24","M","Right","Y",NA,"Y",NA,"Multiracial","N","Bachelor degree"
"165","1193","debugQBiZE:debugN3nzz","64013d507ab5a4cdc0c1a29a","40-44","M","Right","Y",NA,"Y",NA,"White","Y","Bachelor degree"
"166","1194","debugpd2TA:debugMM00i","5f516d96bf6cde3b04b94b69","30-34","M","Right","Y",NA,"Y",NA,"White","N","Bachelor degree"
"167","1195","debug0Mhjz:debugTeUME","652fda184a4ad2f1e8517e82","55-59","M","Right","Y",NA,"Y",NA,"White","N","Bachelor degree"
"168","1196","debugMYfUT:debugoem0X","653135c4caa65b61c5cabbbb","20-24","M","Right","N","Hungarian","Y",NA,"White","N","Associate degree"
"169","1198","debugYeC0H:debugeB73X","65dcca0d187f1e33aa00fca1","40-44","F","Right","Y",NA,"Y",NA,"Black","N","Masters degree"
"170","1200","debugOJST6:debugW5sXw","6290d34243e9347c40bac608","30-34","F","Right","Y",NA,"Y",NA,"White","N","High school degree or equivalent"
"171","1201","debug8SGdY:debugiQaoV","611578fe8cbea39bf4928b6d","60-64","M","Right","Y",NA,"Y",NA,"White","N","High school degree or equivalent"
"172","1202","debugTIvYC:debugEjpLJ","5dfb7cbd01423f8a774d893b",NA,NA,NA,NA,NA,NA,NA,NA,NA,NA
"173","1203","debugAxZnF:debug11ReT","655e09fc282e4139c82f834a","35-39","F","Right","Y",NA,"Y",NA,"White","N","Bachelor degree"
"174","1204","debugkg0Fc:debugupN7G","59995d926c165e000113fb21","50-54","F","Right","N","Portuguese","Y","Portuguese","Multiracial","N","Masters degree"
"175","1206","debugebkot:debugA1btE","5fc2a84a42cb4317ff2a02a7","25-29","F","Right","N","portuguese","Y",NA,"White","N","High school degree or equivalent"
"176","1208","debugd782l:debug4X4vj","655b6962247e48e4066b5028","25-29","M","Right","Y",NA,"Y",NA,"White","N","Associate degree"
"177","1210","debughiXSC:debugD2OZP","5c4707a0ba048c0001a10501","50-54","M","Right","Y",NA,"Y",NA,"White","N","Less than high school degree"
"178","1211","debugylnyH:debugyXzy8","609fa1421d23b45a8e8c47ef","20-24","M","Right","N",NA,"Y",NA,"Black","N","High school degree or equivalent"
"179","1212","debugeJ3re:debugvdfbP","5c43750c26217400018c1d69","25-29","F","Right","Y",NA,"Y",NA,"White","N","Bachelor degree"
"180","1213","debug9fZqU:debugbjuVM","64457bc906c125cebd4bf66b","75-79","M","Right","Y",NA,"Y",NA,"White","N","Some college but no degree"
"181","1214","debugda4vm:debugcDvl2","5ce15b0ea7b516001828c646","60-64","M","Right","Y",NA,"Y",NA,"White","N","Some college but no degree"
"182","1218","debugqtfx5:debug3XZfc","6106f41959bdb9ced10f3c1b","50-54","NONE","Right","N","Greek","N","greek","Prefer not to say","NONE","High school degree or equivalent"
"183","1219","debuggKkvW:debug5rySE","61705235c277934df17055e6","45-49","M","Right","Y",NA,"Y",NA,"White","N","Some college but no degree"
"184","1220","debugGjv8j:debugTOdxF","5d88db42c1d06e001a1fdcab","45-49","F","Right","Y","English","Y",NA,"White","N","Bachelor degree"
"185","1221","debugrWHxh:debugf9xKr","571de12713b1b70012be47f6","65-69","M","Right","Y",NA,"Y",NA,"Asian","N","Less than high school degree"
"186","1222","debugZorvn:debugVW2kQ","5eff6f6261fa1103dd703721","35-39","F","Right","Y",NA,"Y",NA,"White","N","High school degree or equivalent"
"187","1223","debug27lPu:debugFZ5JH","5ed8cf4782a6eb04ddf9962d","25-29","M","Right","Y",NA,"Y",NA,"White","N","Associate degree"
"188","1225","debugO0F4F:debug1bT0c","576311d7151e5d000889e2e7","50-54","M","Right","Y",NA,"Y",NA,"Multiracial","N","Some college but no degree"
"189","1226","debug9pkop:debugEJxlf","65d635d056de2f00fa72da28","35-39","F","Right","Y",NA,"Y",NA,"Asian","N","Masters degree"
"190","1227","debugXiHAU:debugI7lJi","65d7a4b1a9d7f89ca7683d74","55-59","M","Right","Y",NA,"Y",NA,"White","N","Masters degree"
"191","1229","debugD0ToC:debugp0xNl","652598cfa67d3941c6e6c31c","20-24","M","Right","N","Polish","Y",NA,"White","N","High school degree or equivalent"
"192","1231","debugm3I3A:debugmEeeI","61524134790f9a1cd758817c","20-24","M","Right","N","Portuguese","Y",NA,"White","N","Some college but no degree"
"193","1232","debugdzChq:debuguuFtO","651f9e90c03fb704d46de822","30-34","F","Right","Y",NA,"Y",NA,"Asian","N","Bachelor degree"
"194","1234","debugWsF4A:debugWd26o","63ced24e3ebc3a9a76f0b7b6","25-29","F","Right","Y",NA,"Y",NA,"Black","N","Masters degree"
"195","1236","debugJz16i:debugVaja5","65a54037a9c2c5d66a3601b2","35-39","M","Right","Y",NA,"Y",NA,"Asian","N","Bachelor degree"
"196","1237","debugSy40Z:debugaK5et","5a78b8355292b800012284ca","50-54","F","Right","Y",NA,"Y",NA,"White","N","Some college but no degree"
"197","1238","debugVnAT2:debugO2s55","65e5a88bbbf79d273413f88a","45-49","F","Right","Y",NA,"Y",NA,"White","N","Masters degree"
"198","1239","debugVEomw:debugS8kFa","5e7e1679f8a96f4be83e51e4","35-39","F","Right","Y",NA,"Y",NA,"White","N","Doctoral degree"
"199","1240","debugUlmhP:debugnGPap","610a879e6500d1d653b3da54","55-59","M","Right","Y",NA,"Y",NA,"White","N","High school degree or equivalent"
"200","1241","debugylsoc:debugd43lq","6466249c27b5e4161f763c32","35-39","M","Left","Y",NA,"Y",NA,"Black","N","Some college but no degree"
"201","1242","debugvSkL6:debugL0wWe","60cbdc86484d7ef0643cfec5","25-29","F","Right","N","Lithuanian","Y",NA,"White","N","Bachelor degree"
"202","1243","debug5scai:debugVg2N9","61267b828ead584bcf092e35","30-34","F","Right","Y",NA,"Y",NA,"Black","N","Bachelor degree"
"203","1244","debugKZuSN:debugkdAAD","5b2c0994f1ca3c000190196a","35-39","F","Right","N","Polish","Y",NA,"White","N","Bachelor degree"
"204","1245","debugXPToG:debugUTp2R","60df600d4d82e048f751a54c","30-34","F","Right","N","Polish","Y",NA,"White","N","Some college but no degree"
"205","1246","debugbWJ9X:debugygkbx","5c1d234d89f035000172aeb7","25-29","M","Right","Y",NA,"Y",NA,"White","N","Bachelor degree"
"206","1247","debugtvZS1:debugtzXVb","5fb0eec9fa92bc4ffa483efa","35-39","M","Right","Y",NA,"Y",NA,"White","N","Bachelor degree"
"207","1248","debugUFHO9:debugKtVQE","5ef09c84a33a985f3ea9a561","25-29","M","Right","Y",NA,"Y",NA,"White","N","Bachelor degree"
"208","1249","debugdIpbz:debugAahyf","65b523496184c72bb4450dd3","50-54","F","Right","Y",NA,"Y",NA,"White","N","Doctoral degree"
"209","1250","debugbjXXE:debugibzPx","6100105892a2248ae5d48498","25-29","F","Right","Y","English","Y","N/A","White","N","Bachelor degree"
"210","1251","debugXciIn:debugbYXBj","596e1cc639e9d00001b7bb84","40-44","F","Right","Y",NA,"Y",NA,"White","N","Less than high school degree"
"211","1252","debug3Erx0:debugYJszM","5bd494e5669ee1000144c587","30-34","F","Right","Y",NA,"Y",NA,"NativeAmerican","Y","Associate degree"
"212","1253","debugxS3i2:debugDdklz","5a5bd24be0cf3d000126849e","45-49","F","Right","Y",NA,"Y",NA,"White","N","Bachelor degree"
"213","1254","debug1J8kS:debugeEP62","5a993b151eda410001365a23","30-34","M","Right","Y",NA,"Y",NA,"White","N","Bachelor degree"
"214","1256","debuges37o:debugwcfjR","5d77e24ce3a822001b553c07","50-54","M","Right","Y",NA,"Y",NA,"White","N","Less than high school degree"
"215","1257","debugYskiq:debugrgJNU","62682277645054f5802459b8","55-59","M","Right","Y",NA,"Y",NA,"White","N","Bachelor degree"
"216","1258","debug6WQsn:debugDuxSs","5a7f44ec8fe2dc000105c9b0","30-34","M","Right","Y",NA,"Y",NA,"White","N","Bachelor degree"
"217","1259","debug8LWOM:debug0zAxC","55fc1a7c77f33b0010cb229f","30-34","M","Left","Y",NA,"Y",NA,"White","N","Some college but no degree"
"218","1262","debugXa5eB:debugwLMGp","5faeb56b25a37f01d47d326c","18-19","M","Right","N","Poland","Y",NA,"White","N","Some college but no degree"
"219","1263","debughN259:debugfMKuz","659418d3eaee26bfa4ea8d46","55-59","F","Right","Y",NA,"Y",NA,"White","N","Associate degree"
"220","1264","debug6zlCO:debugE2xHV","606b94352e103bc54d43321b","25-29","M","Right","N","German","Y",NA,"Multiracial","N","Bachelor degree"
"221","1266","debugJgiiX:debugS2lJ1","65269eb3b6b3c120a4d3961d","20-24","F","Right","N","Slovak","Y","Czech, Russian","White","N","Bachelor degree"
"222","1269","debug3igH8:debugZKKbt","5cdeaeb3557fbd00018a2c59","25-29","F","Right","N","Italian.","Y",NA,"White","N","High school degree or equivalent"
"223","1271","debugggNRz:debugkVY9I","6160dcc3af6daab2f7593bc5","25-29","F","Right","Y",NA,"Y",NA,"Black","N","High school degree or equivalent"
"224","1272","debugiuaob:debugY7WQx","6400e3697879c55c323f34d0","30-34","M","Right","Y",NA,"Y",NA,"White","N","Bachelor degree"
"225","1273","debug8GyNo:debugDniMa","656c93532335be29f748143e","45-49","F","Right","Y","english","Y",NA,"White","NONE","High school degree or equivalent"
"226","1274","debugxSw89:debug91z4o","66041eef8bb7bb7f12624252","50-54","M","Right","Y",NA,"Y",NA,"Black","N","Doctoral degree"
"227","1275","debugqW7qi:debugS2XAo","65ce18b63ce930c2ffb8b8e9","25-29","F","Left","Y",NA,"Y",NA,"Asian","N","Masters degree"
"228","1276","debugv0Biv:debug2FGq3","6552a53f23f9b3af935094bd","35-39","F","Right","N","polish","Y",NA,"White","N","Masters degree"
"229","1277","debugMmCGp:debugNotlD","640cd020656929eeb856a443","60-64","M","Right","Y",NA,"Y",NA,"Black","N","Masters degree"
"230","1278","debugxgY70:debugDOHsg","5b3f242f9c2ec600014ef9fc","40-44","F","Right","Y",NA,"Y",NA,"White","N","High school degree or equivalent"
"231","1280","debugYaNVn:debugrBZz7","6604461f6e4c3e81ff23e110","25-29","F","Left","Y",NA,"Y","Also fluent in Croatian","White","N","Doctoral degree"
"232","1282","debug3H10z:debugt8dV6","5b0710e7a84dcf0001beee8a","55-59","F","Right","Y",NA,"Y",NA,"Multiracial","N","Bachelor degree"
"233","1285","debugIiPnt:debugTrpTB","5780d9a1900cc80001d2d1c2","65-69","M","Right","Y",NA,"Y",NA,"White","N","Doctoral degree"
"234","1286","debugCD4bY:debugmFqcC","5dd5c04f86c88658b24d4cde","35-39","F","Right","Y",NA,"Y",NA,"White","N","Some college but no degree"
"235","1287","debugX1FQD:debugrGbjJ","603ecd847a63f50124aa5822","25-29","M","Right","Y",NA,"Y",NA,"White","N","High school degree or equivalent"
"236","1288","debugi86dd:debug6mbhc","5f8b3e6c7c5ba90f8e59fa4c","20-24","M","Right","Y",NA,"Y",NA,"White","N","Bachelor degree"
"237","1291","debugjbfHk:debug0DMTx","5e2e147d047efa000c6b833d","35-39","M","Right","Y",NA,"Y",NA,"White","N","Bachelor degree"
"238","1292","debug03b2f:debug5vy6b","5c8ba607c5366c0001d022cb","35-39","M","Right","Y",NA,"Y",NA,"White","N","Some college but no degree"
"239","1293","debugfaps2:debugZ7CG2","6609688e8e4fe9698ab13a66","40-44","M","Right","Y",NA,"Y",NA,"White","N","Associate degree"
"240","1294","debugwXyyK:debuglGVtR","6149c3f9627672a6944a61e2","25-29","M","Right","Y",NA,"Y",NA,"White","N","Bachelor degree"
"241","1295","debugUicDw:debug197DK","5e753ccd65c9670a250a019b","20-24","F","Left","Y",NA,"Y",NA,"Black","N","Some college but no degree"
"242","1296","debugiA60y:debug3SP88","65e60560d30080973c97b387","40-44","F","Right","Y",NA,"Y",NA,"White","N","Bachelor degree"
"243","1297","debugR71Yi:debugXiLmu","6007a7996fbeef04ce080f90","65-69","F","Right","Y",NA,"Y",NA,"White","N","Bachelor degree"
"244","1298","debug4gMGx:debughalkn","5fc7a6aaa7646c0009521161","50-54","M","Right","Y",NA,"Y",NA,"White","N","Masters degree"
"245","1299","debugqw8p0:debugjvTz1","65a9a9f0f4506426955fd6ce","50-54","F","Right","Y",NA,"Y",NA,"Black","N","Masters degree"
"246","1301","debug2wADM:debugQwcB5","63254db937c17e8e9200fd54","25-29","M","Right","Y",NA,"Y",NA,"White","Y","Bachelor degree"
"247","1303","debugV5VvK:debugOwjOV","5e9847daec534b03f4769cab","30-34","M","Right","N","Arabic","Y",NA,"Multiracial","N","Masters degree"
"248","1304","debugXIqNy:debugwcE6X","5fd89ebca76f0e0008c466a7","30-34","F","Right","Y",NA,"Y",NA,"White","N","High school degree or equivalent"
"249","1305","debug7DS7e:debugjYyWK","5ba91985c4da2d00015d4a11","25-29","M","Right","Y",NA,"Y",NA,"White","N","High school degree or equivalent"
"250","1306","debugOR5Ef:debugUpwyB","5f566443352f600826449f4b","50-54","F","NONE","Y",NA,"Y",NA,"White","N","Bachelor degree"
"251","1307","debugu0FA4:debugsUaAi","5a3bdd2c8d005a0001829f3e","30-34","M","Right","Y",NA,"Y",NA,"White","Y","High school degree or equivalent"
"252","1308","debugq0gKa:debugsQcsF","60dd2116d964fd7ff2b9ed54","20-24","F","Right","Y",NA,"Y",NA,"White","N","High school degree or equivalent"
"253","1311","debugp3xFl:debugkpIUa","6595653c5c92016f134c8b25","40-44","M","Right","Y",NA,"Y",NA,"White","N","Some college but no degree"
"254","1312","debugX1YbT:debugqNexH","63af557b3d4f219c3226b7d6","45-49","F","Left","Y",NA,"Y",NA,"White","N","Bachelor degree"
"255","1313","debugc8gpm:debugG9ijZ","63d5decffe6025fec6a381b0","30-34","M","Right","Y",NA,"Y",NA,"White","N","Some college but no degree"
"256","1314","debugeUF6d:debughnFEv","631b7e747ad94015bc372ca4","30-34","F","Right","Y",NA,"Y",NA,"White","N","High school degree or equivalent"
"257","1315","debugDKj30:debug4gCHC","59dc458f77860e000151240e","40-44","M","Right","Y",NA,"Y",NA,"White","N","Some college but no degree"
"258","1317","debugbJysz:debugopVc6","607949950a40cbbb0909f681","50-54","F","Right","N","xitsonga","Y",NA,"Black","N","High school degree or equivalent"
"259","1318","debug5cxWB:debug9Gw0e","5685850c333cbd000d4e042f","25-29","M","Right","Y",NA,"Y",NA,"White","N","High school degree or equivalent"
"260","1319","debug0S94f:debugDUsZM","5e29dc4721a5f20481c70274","35-39","F","Right","Y",NA,"Y",NA,"Black","N","Associate degree"
"261","1320","debug0Oxar:debugydEZ6","5b0ad393e9270900013b96e6","55-59","M","Right","Y",NA,"Y",NA,"White","N","Some college but no degree"
"262","1322","debugi1t2j:debugst7Fu","5c7ceda01d2afc0001f4ad1d","40-44","M","Right","Y",NA,"Y",NA,"White","N","Bachelor degree"
"263","1325","debugfUfY8:debugLDPLS","60a0b744298c64d46b63e893","55-59","F","Right","Y",NA,"Y",NA,"White","N","High school degree or equivalent"
"264","1326","debugcfq8H:debug5HUs7","5e7fa0e918b10804bb87eb63","50-54","M","Right","Y",NA,"Y",NA,"White","N","Bachelor degree"
"265","1328","debugHQIXz:debugLYmOM","655a546e15e533cb7b6c6cb8","40-44","F","Right","Y",NA,"Y",NA,"White","N","Associate degree"
"266","1329","debugwd06M:debugKR0gF","6400e0dd862feacb579475a8","45-49","M","Right","Y",NA,"Y",NA,"White","N","High school degree or equivalent"
"267","1330","debug7Lz48:debugJfUdu","6544b6b0048c6646e5bf4db8","50-54","F","Right","Y",NA,"Y",NA,"White","N","High school degree or equivalent"
"268","1331","debugnhTH2:debugSurnh","55d51a6b8ce09000127d4821","30-34","M","Left","Y",NA,"Y",NA,"White","N","Bachelor degree"
"269","1332","debugvcmwS:debugDSPmi","5c559af233ed050001dffa66","35-39","M","Right","Y",NA,"Y",NA,"White","N","High school degree or equivalent"
"270","1333","debug2p4QU:debug6ytOO","5de8d53cd0e07e836599d816","20-24","M","Right","Y",NA,"Y",NA,"Asian","N","Masters degree"
"271","1334","debugD5FBE:debugLkrFU","5f48e8c79603e33b8f3a3518","35-39","M","Right","N","English is technically my first language but I did not learn it until I was 8. Mandarin is my ""native language""","Y",NA,"Asian","N","Masters degree"
