debugSSixS:debugkHFG6,0,1653398751215,"{""phase"": ""INSTRUCTIONS"", ""templates"": [""instructions/instruct-1-1.html"", ""instructions/instruct-1-2.html"", ""instructions/instruct-1-3.html""], ""action"": ""Begin""}"
debugSSixS:debugkHFG6,1,1653398754880,"{""phase"": ""INSTRUCTIONS"", ""template"": ""instructions/instruct-1-1.html"", ""indexOf"": 0, ""action"": ""NextPage"", ""viewTime"": 3664}"
debugSSixS:debugkHFG6,2,1653398758761,"{""phase"": ""INSTRUCTIONS"", ""template"": ""instructions/instruct-1-2.html"", ""indexOf"": 1, ""action"": ""NextPage"", ""viewTime"": 3879}"
debugSSixS:debugkHFG6,3,1653398762392,"{""phase"": ""INSTRUCTIONS"", ""template"": ""instructions/instruct-1-3.html"", ""indexOf"": 2, ""action"": ""FinishInstructions"", ""viewTime"": 3629}"
debugSSixS:debugkHFG6,4,1653398762398,"{""phase"": ""id_submit"", ""status"": ""begin""}"
debugSSixS:debugkHFG6,5,1653398766513,"{""phase"": ""id_submit"", ""status"": ""submit""}"
debugSSixS:debugkHFG6,6,1653398800820,"{""phase"": ""viewing"", ""vidpath"": ""/static/video/Prac/wildebeest_part1.mp4"", ""clip#"": ""5"", ""title"": ""the_shoe"", ""vidseg"": 1, ""target"": ""not_target"", ""offset"": ""12"", ""watch_duration"": 12592, ""tag"": ""prac_segA_view""}"
debugSSixS:debugkHFG6,7,1653398826105,"{""phase"": ""viewing"", ""vidpath"": ""/static/video/Prac/wildebeest_part2.mp4"", ""clip#"": ""5"", ""title"": ""the_shoe"", ""vidseg"": 2, ""target"": ""target"", ""offset"": ""33"", ""watch_duration"": 20643, ""tag"": ""prac_segB_view""}"
debugSSixS:debugkHFG6,8,1653398839593,"{""phase"": ""description"", ""counterbalance"": 2, ""vidpath"": ""/static/video/Prac/wildebeest_part2.mp4"", ""descstop"": 1, ""vidpair"": 2, ""offset"": ""33"", ""content"": ""KJDHFKSJDHF"", ""importance"": ""5"", ""time"": 9962, ""tag"": ""prac_segB_desc""}"
debug0OM2y:debug8Ega8,0,1663808106291,"{""phase"": ""INSTRUCTIONS"", ""templates"": [""instructions/instruct-1-1.html"", ""instructions/instruct-1-2.html"", ""instructions/instruct-1-3.html""], ""action"": ""Begin""}"
debug0OM2y:debug8Ega8,1,1663808107708,"{""phase"": ""INSTRUCTIONS"", ""template"": ""instructions/instruct-1-1.html"", ""indexOf"": 0, ""action"": ""NextPage"", ""viewTime"": 1410}"
debug0OM2y:debug8Ega8,2,1663808108764,"{""phase"": ""INSTRUCTIONS"", ""template"": ""instructions/instruct-1-2.html"", ""indexOf"": 1, ""action"": ""NextPage"", ""viewTime"": 1053}"
debug0OM2y:debug8Ega8,3,1663808110082,"{""phase"": ""INSTRUCTIONS"", ""template"": ""instructions/instruct-1-3.html"", ""indexOf"": 2, ""action"": ""FinishInstructions"", ""viewTime"": 1316}"
debug0OM2y:debug8Ega8,4,1663808110090,"{""phase"": ""id_submit"", ""status"": ""begin""}"
debug0OM2y:debug8Ega8,5,1663808113514,"{""phase"": ""id_submit"", ""status"": ""submit""}"
debug0OM2y:debug8Ega8,6,1663808131390,"{""phase"": ""viewing"", ""vidpath"": ""/static/video/Prac/wildebeest_part1.mp4"", ""clip#"": ""5"", ""title"": ""the_shoe"", ""vidseg"": 1, ""target"": ""not_target"", ""offset"": ""12"", ""watch_duration"": 12655, ""tag"": ""prac_segA_view""}"
debug0OM2y:debug8Ega8,7,1663808156272,"{""phase"": ""viewing"", ""vidpath"": ""/static/video/Prac/wildebeest_part2.mp4"", ""clip#"": ""5"", ""title"": ""the_shoe"", ""vidseg"": 2, ""target"": ""target"", ""offset"": ""33"", ""watch_duration"": 20630, ""tag"": ""prac_segB_view""}"
debug0OM2y:debug8Ega8,8,1663808185770,"{""phase"": ""description"", ""counterbalance"": 0, ""vidpath"": ""/static/video/Prac/wildebeest_part2.mp4"", ""descstop"": 1, ""vidpair"": 2, ""offset"": ""33"", ""content"": "" iohoijoiijjoijiojoijoi"", ""importance"": ""1"", ""time"": 5762, ""tag"": ""prac_segB_desc""}"
debug0OM2y:debug8Ega8,9,1663808206628,"{""phase"": ""viewing"", ""vidpath"": ""/static/video/Prac/wildebeest_part3.mp4"", ""clip#"": ""5"", ""title"": ""the_shoe"", ""vidseg"": 3, ""target"": ""not_target"", ""offset"": ""49"", ""watch_duration"": 19128, ""tag"": ""prac_segC_view""}"
debug0OM2y:debug8Ega8,10,1663808392484,"{""phase"": ""viewing"", ""vidpath"": ""/static/video/A/filmfest_clip5_A_0.mp4"", ""clip#"": ""5"", ""title"": ""the_shoe"", ""vidseg"": 1, ""target"": ""not_target"", ""offset"": ""10"", ""watch_duration"": 11190, ""tag"": ""test_seg1_view""}"
debug0OM2y:debug8Ega8,11,1663808520941,"{""phase"": ""viewing"", ""vidpath"": ""/static/video/A/filmfest_clip5_A_1.mp4"", ""clip#"": ""5"", ""title"": ""the_shoe"", ""vidseg"": 2, ""target"": ""target"", ""offset"": ""40"", ""watch_duration"": 31014, ""tag"": ""test_seg2_view""}"
debug0OM2y:debug8Ega8,12,1663808547083,"{""phase"": ""description"", ""counterbalance"": 0, ""vidpath"": ""/static/video/A/filmfest_clip5_A_1.mp4"", ""descstop"": 1, ""vidpair"": 2, ""offset"": ""40"", ""content"": "" oijiojoijoijojoijoijiojoij"", ""importance"": ""3"", ""time"": 5925, ""tag"": ""test_seg2_desc""}"
debug0OM2y:debug8Ega8,13,1663808609369,"{""phase"": ""viewing"", ""vidpath"": ""/static/video/A/filmfest_clip5_A_2.mp4"", ""clip#"": ""5"", ""title"": ""the_shoe"", ""vidseg"": 3, ""target"": ""not_target"", ""offset"": ""100"", ""watch_duration"": 60683, ""tag"": ""test_seg3_view""}"
debug0OM2y:debug8Ega8,14,1663808686746,"{""phase"": ""viewing"", ""vidpath"": ""/static/video/A/filmfest_clip5_A_3.mp4"", ""clip#"": ""5"", ""title"": ""the_shoe"", ""vidseg"": 4, ""target"": ""target"", ""offset"": ""130"", ""watch_duration"": 30236, ""tag"": ""test_seg4_view""}"
debug0OM2y:debug8Ega8,15,1663808706048,"{""phase"": ""description"", ""counterbalance"": 0, ""vidpath"": ""/static/video/A/filmfest_clip5_A_3.mp4"", ""descstop"": 2, ""vidpair"": 4, ""offset"": ""130"", ""content"": ""sdf sd sd sd df sd fssd dsf"", ""importance"": ""3"", ""time"": 8931, ""tag"": ""test_seg4_desc""}"
debug0OM2y:debug8Ega8,16,1663808767964,"{""phase"": ""viewing"", ""vidpath"": ""/static/video/A/filmfest_clip5_A_4_end_catch.mp4"", ""clip#"": ""5"", ""title"": ""the_shoe"", ""vidseg"": 5, ""target"": ""not_target"", ""offset"": ""190"", ""watch_duration"": 15503, ""tag"": ""test_seg5_view""}"
debug0OM2y:debug8Ega8,17,1663809116393,"{""phase"": ""comprehension"", ""status"": ""begin""}"
debug0OM2y:debug8Ega8,18,1663809131125,"{""phase"": ""comprehension"", ""status"": ""submit""}"
debug0OM2y:debug8Ega8,19,1663809131128,"{""phase"": ""postquestionnaire_1"", ""status"": ""begin""}"
debug0OM2y:debug8Ega8,20,1663809166417,"{""phase"": ""postquestionnaire_1"", ""status"": ""submit""}"
debug0OM2y:debug8Ega8,21,1663809166424,"{""phase"": ""postquestionnaire_2"", ""status"": ""begin""}"
debug0OM2y:debug8Ega8,22,1663809180987,"{""phase"": ""postquestionnaire_2"", ""status"": ""submit""}"
debug0OM2y:debug8Ega8,23,1663809181815,"{""phase"": ""postquestionnaire_2"", ""status"": ""submit""}"
debugKo1z6:debugCTYl7,0,1652535523923,"{""phase"": ""INSTRUCTIONS"", ""templates"": [""instructions/instruct-1-1.html"", ""instructions/instruct-1-2.html"", ""instructions/instruct-1-3.html""], ""action"": ""Begin""}"
debugKo1z6:debugCTYl7,1,1652535527458,"{""phase"": ""INSTRUCTIONS"", ""template"": ""instructions/instruct-1-1.html"", ""indexOf"": 0, ""action"": ""NextPage"", ""viewTime"": 3526}"
debugKo1z6:debugCTYl7,2,1652535530936,"{""phase"": ""INSTRUCTIONS"", ""template"": ""instructions/instruct-1-2.html"", ""indexOf"": 1, ""action"": ""NextPage"", ""viewTime"": 3474}"
debugKo1z6:debugCTYl7,3,1652535534322,"{""phase"": ""INSTRUCTIONS"", ""template"": ""instructions/instruct-1-3.html"", ""indexOf"": 2, ""action"": ""FinishInstructions"", ""viewTime"": 3383}"
debugKo1z6:debugCTYl7,4,1652535534332,"{""phase"": ""id_submit"", ""status"": ""begin""}"
debugKo1z6:debugCTYl7,5,1652535538397,"{""phase"": ""id_submit"", ""status"": ""submit""}"
debugKo1z6:debugCTYl7,6,1652535697550,"{""phase"": ""viewing"", ""vidpath"": ""/static/video/Prac/wildebeest_part1.mp4"", ""clip#"": ""5"", ""title"": ""the_shoe"", ""vidseg"": 1, ""target"": ""not_target"", ""offset"": ""12"", ""watch_duration"": 12571, ""tag"": ""prac_segA_view""}"
debugKo1z6:debugCTYl7,7,1652535726745,"{""phase"": ""viewing"", ""vidpath"": ""/static/video/Prac/wildebeest_part2.mp4"", ""clip#"": ""5"", ""title"": ""the_shoe"", ""vidseg"": 2, ""target"": ""target"", ""offset"": ""33"", ""watch_duration"": 20627, ""tag"": ""prac_segB_view""}"
debugKo1z6:debugCTYl7,8,1652535735263,"{""phase"": ""description"", ""counterbalance"": 5, ""vidpath"": ""/static/video/Prac/wildebeest_part2.mp4"", ""descstop"": 1, ""vidpair"": 2, ""offset"": ""33"", ""content"": ""sdf sdfds sdfds fds fsdf dsf sdf s fsdfs"", ""importance"": ""1"", ""time"": 5060, ""tag"": ""prac_segB_desc""}"
debugK7gRg:debugQH91s,0,1663859201602,"{""action"": ""Begin"", ""phase"": ""INSTRUCTIONS"", ""templates"": [""instructions/instruct-1-1.html"", ""instructions/instruct-1-2.html"", ""instructions/instruct-1-3.html""]}"
debugK7gRg:debugQH91s,1,1663859211161,"{""action"": ""NextPage"", ""indexOf"": 0, ""phase"": ""INSTRUCTIONS"", ""template"": ""instructions/instruct-1-1.html"", ""viewTime"": 9557}"
debugK7gRg:debugQH91s,2,1663859217090,"{""action"": ""NextPage"", ""indexOf"": 1, ""phase"": ""INSTRUCTIONS"", ""template"": ""instructions/instruct-1-2.html"", ""viewTime"": 5926}"
debugK7gRg:debugQH91s,3,1663859226558,"{""action"": ""FinishInstructions"", ""indexOf"": 2, ""phase"": ""INSTRUCTIONS"", ""template"": ""instructions/instruct-1-3.html"", ""viewTime"": 9467}"
debugK7gRg:debugQH91s,4,1663859226561,"{""phase"": ""id_submit"", ""status"": ""begin""}"
debugK7gRg:debugQH91s,5,1663859243856,"{""phase"": ""id_submit"", ""status"": ""submit""}"
debugK7gRg:debugQH91s,6,1663859519656,"{""clip#"": ""5"", ""offset"": ""12"", ""phase"": ""viewing"", ""tag"": ""prac_segA_view"", ""target"": ""not_target"", ""title"": ""the_shoe"", ""vidpath"": ""/static/video/Prac/wildebeest_part1.mp4"", ""vidseg"": 1, ""watch_duration"": 12682}"
debugK7gRg:debugQH91s,7,1663859560638,"{""clip#"": ""5"", ""offset"": ""33"", ""phase"": ""viewing"", ""tag"": ""prac_segB_view"", ""target"": ""target"", ""title"": ""the_shoe"", ""vidpath"": ""/static/video/Prac/wildebeest_part2.mp4"", ""vidseg"": 2, ""watch_duration"": 20657}"
debugK7gRg:debugQH91s,8,1663859706407,"{""content"": ""As you know, the bison were discussing whether the object on the water was a log or a crock, the closest animal threw a stone after a further discussion and the stone bounced off, the object did not move or react, The animal then poked the object with a stick and again no reaction, so, being convinced it was indeed a log and not a crock, he took the decision to jump on to it... and then you woke up"", ""counterbalance"": 2, ""descstop"": 1, ""importance"": ""6"", ""offset"": ""33"", ""phase"": ""description"", ""tag"": ""prac_segB_desc"", ""time"": 138022, ""vidpair"": 2, ""vidpath"": ""/static/video/Prac/wildebeest_part2.mp4""}"
debugK7gRg:debugQH91s,9,1663859753309,"{""clip#"": ""5"", ""offset"": ""49"", ""phase"": ""viewing"", ""tag"": ""prac_segC_view"", ""target"": ""not_target"", ""title"": ""the_shoe"", ""vidpath"": ""/static/video/Prac/wildebeest_part3.mp4"", ""vidseg"": 3, ""watch_duration"": 16193}"
debugK7gRg:debugQH91s,10,1663859819811,"{""clip#"": ""5"", ""offset"": ""30"", ""phase"": ""viewing"", ""tag"": ""test_seg1_view"", ""target"": ""not_target"", ""title"": ""the_shoe"", ""vidpath"": ""/static/video/C/filmfest_clip5_C_0.mp4"", ""vidseg"": 1, ""watch_duration"": 30111}"
debugK7gRg:debugQH91s,11,1663859861094,"{""clip#"": ""5"", ""offset"": ""60"", ""phase"": ""viewing"", ""tag"": ""test_seg2_view"", ""target"": ""target"", ""title"": ""the_shoe"", ""vidpath"": ""/static/video/C/filmfest_clip5_C_1.mp4"", ""vidseg"": 2, ""watch_duration"": 30059}"
debugK7gRg:debugQH91s,12,1663860056346,"{""content"": ""the guy finished opening the milk, he looked into it I think too make sure it was fresh and then drank some. he looked around as though expecting someone and watches a girl as she walks past on the other side of the street, then suddenly a guy in a vest comes to the car and shoos him away (its the vest-guys car). the milk guy walks away - across the street and trips as he mounts the curb, the girl sees him do it"", ""counterbalance"": 2, ""descstop"": 1, ""importance"": ""5"", ""offset"": ""60"", ""phase"": ""description"", ""tag"": ""test_seg2_desc"", ""time"": 169802, ""vidpair"": 2, ""vidpath"": ""/static/video/C/filmfest_clip5_C_1.mp4""}"
debugK7gRg:debugQH91s,13,1663860244264,"{""phase"": ""INSTRUCTIONS"", ""templates"": [""instructions/instruct-1-1.html"", ""instructions/instruct-1-2.html"", ""instructions/instruct-1-3.html""], ""action"": ""Begin""}"
debugK7gRg:debugQH91s,14,1663860246239,"{""phase"": ""INSTRUCTIONS"", ""template"": ""instructions/instruct-1-1.html"", ""indexOf"": 0, ""action"": ""NextPage"", ""viewTime"": 1973}"
debugK7gRg:debugQH91s,15,1663860247246,"{""phase"": ""INSTRUCTIONS"", ""template"": ""instructions/instruct-1-2.html"", ""indexOf"": 1, ""action"": ""NextPage"", ""viewTime"": 1005}"
debugK7gRg:debugQH91s,16,1663860248501,"{""phase"": ""INSTRUCTIONS"", ""template"": ""instructions/instruct-1-3.html"", ""indexOf"": 2, ""action"": ""FinishInstructions"", ""viewTime"": 1254}"
debugK7gRg:debugQH91s,17,1663860248507,"{""phase"": ""id_submit"", ""status"": ""begin""}"
debugK7gRg:debugQH91s,18,1663860253650,"{""phase"": ""id_submit"", ""status"": ""submit""}"
debugK7gRg:debugQH91s,19,1663860273038,"{""phase"": ""viewing"", ""vidpath"": ""/static/video/Prac/wildebeest_part1.mp4"", ""clip#"": ""5"", ""title"": ""the_shoe"", ""vidseg"": 1, ""target"": ""not_target"", ""offset"": ""12"", ""watch_duration"": 12607, ""tag"": ""prac_segA_view""}"
debugK7gRg:debugQH91s,20,1663860298288,"{""phase"": ""viewing"", ""vidpath"": ""/static/video/Prac/wildebeest_part2.mp4"", ""clip#"": ""5"", ""title"": ""the_shoe"", ""vidseg"": 2, ""target"": ""target"", ""offset"": ""33"", ""watch_duration"": 20630, ""tag"": ""prac_segB_view""}"
debugK7gRg:debugQH91s,21,1663860378723,"{""phase"": ""description"", ""counterbalance"": 2, ""vidpath"": ""/static/video/Prac/wildebeest_part2.mp4"", ""descstop"": 1, ""vidpair"": 2, ""offset"": ""33"", ""content"": ""the animals continue their discussion as to whether the object in the water is a log or a crock, the beast in front who thinks it is a log throws a stone and gets no reaction, then pokes it with a stick and the, when all remains quiet, jumps on to the pbject"", ""importance"": ""6"", ""time"": 78176, ""tag"": ""prac_segB_desc""}"
debugK7gRg:debugQH91s,22,1663860397473,"{""phase"": ""viewing"", ""vidpath"": ""/static/video/Prac/wildebeest_part3.mp4"", ""clip#"": ""5"", ""title"": ""the_shoe"", ""vidseg"": 3, ""target"": ""not_target"", ""offset"": ""49"", ""watch_duration"": 16128, ""tag"": ""prac_segC_view""}"
debugK7gRg:debugQH91s,23,1663860430209,"{""phase"": ""viewing"", ""vidpath"": ""/static/video/C/filmfest_clip5_C_0.mp4"", ""clip#"": ""5"", ""title"": ""the_shoe"", ""vidseg"": 1, ""target"": ""not_target"", ""offset"": ""30"", ""watch_duration"": 30045, ""tag"": ""test_seg1_view""}"
debugK7gRg:debugQH91s,24,1663860479395,"{""phase"": ""viewing"", ""vidpath"": ""/static/video/C/filmfest_clip5_C_1.mp4"", ""clip#"": ""5"", ""title"": ""the_shoe"", ""vidseg"": 2, ""target"": ""target"", ""offset"": ""60"", ""watch_duration"": 30109, ""tag"": ""test_seg2_view""}"
debugK7gRg:debugQH91s,25,1663860759797,"{""phase"": ""description"", ""counterbalance"": 2, ""vidpath"": ""/static/video/C/filmfest_clip5_C_1.mp4"", ""descstop"": 1, ""vidpair"": 2, ""offset"": ""60"", ""content"": ""the guy opens the milk and looks inside suspiciously, then drinks. he looks around as though waiting/looking for someone. as he does so, he sees a girl walking on the opposite side of the road, just as he sees her, ta guy who obviously owns the car the milk guy is leaning on, comes out and chases him away. milk guy crosses the street and trips as he gets to the cyrb, the girl sees him trip"", ""importance"": ""5"", ""time"": 176291, ""tag"": ""test_seg2_desc""}"
debugrLxU4:debugECI7s,0,1663854893973,"{""phase"": ""INSTRUCTIONS"", ""templates"": [""instructions/instruct-1-1.html"", ""instructions/instruct-1-2.html"", ""instructions/instruct-1-3.html""], ""action"": ""Begin""}"
debugrLxU4:debugECI7s,1,1663854898297,"{""phase"": ""INSTRUCTIONS"", ""template"": ""instructions/instruct-1-1.html"", ""indexOf"": 0, ""action"": ""NextPage"", ""viewTime"": 4312}"
debugrLxU4:debugECI7s,2,1663854901444,"{""phase"": ""INSTRUCTIONS"", ""template"": ""instructions/instruct-1-2.html"", ""indexOf"": 1, ""action"": ""NextPage"", ""viewTime"": 3143}"
debugrLxU4:debugECI7s,3,1663854909488,"{""phase"": ""INSTRUCTIONS"", ""template"": ""instructions/instruct-1-3.html"", ""indexOf"": 2, ""action"": ""FinishInstructions"", ""viewTime"": 8041}"
debugrLxU4:debugECI7s,4,1663854909500,"{""phase"": ""id_submit"", ""status"": ""begin""}"
debugrLxU4:debugECI7s,5,1663854914828,"{""phase"": ""id_submit"", ""status"": ""submit""}"
debugrLxU4:debugECI7s,6,1663854962878,"{""phase"": ""viewing"", ""vidpath"": ""/static/video/Prac/wildebeest_part1.mp4"", ""clip#"": ""5"", ""title"": ""the_shoe"", ""vidseg"": 1, ""target"": ""not_target"", ""offset"": ""12"", ""watch_duration"": 12602, ""tag"": ""prac_segA_view""}"
debugrLxU4:debugECI7s,7,1663855042808,"{""phase"": ""viewing"", ""vidpath"": ""/static/video/Prac/wildebeest_part2.mp4"", ""clip#"": ""5"", ""title"": ""the_shoe"", ""vidseg"": 2, ""target"": ""target"", ""offset"": ""33"", ""watch_duration"": 20851, ""tag"": ""prac_segB_view""}"
debugrLxU4:debugECI7s,8,1663855157847,"{""phase"": ""description"", ""counterbalance"": 6, ""vidpath"": ""/static/video/Prac/wildebeest_part2.mp4"", ""descstop"": 1, ""vidpair"": 2, ""offset"": ""33"", ""content"": ""two bulls are on a waters edge debating whether the item thats partial submerged in the water is a crocodile or a floating log, the one bull throws a stone at the mystery item with no reaction, then pokes it with a stick and still no movement from the mystery item, finally the bull who believes its a crocodile jumps on the mystery item."", ""importance"": ""6"", ""time"": 110699, ""tag"": ""prac_segB_desc""}"
debugrLxU4:debugECI7s,9,1663855181931,"{""phase"": ""viewing"", ""vidpath"": ""/static/video/Prac/wildebeest_part3.mp4"", ""clip#"": ""5"", ""title"": ""the_shoe"", ""vidseg"": 3, ""target"": ""not_target"", ""offset"": ""49"", ""watch_duration"": 16755, ""tag"": ""prac_segC_view""}"
debugrLxU4:debugECI7s,10,1663855273641,"{""phase"": ""viewing"", ""vidpath"": ""/static/video/G/filmfest_clip5_G_0.mp4"", ""clip#"": ""5"", ""title"": ""the_shoe"", ""vidseg"": 1, ""target"": ""not_target"", ""offset"": ""70"", ""watch_duration"": 70027, ""tag"": ""test_seg1_view""}"
debugrLxU4:debugECI7s,11,1663855368758,"{""phase"": ""viewing"", ""vidpath"": ""/static/video/G/filmfest_clip5_G_1.mp4"", ""clip#"": ""5"", ""title"": ""the_shoe"", ""vidseg"": 2, ""target"": ""target"", ""offset"": ""100"", ""watch_duration"": 30077, ""tag"": ""test_seg2_view""}"
debugrLxU4:debugECI7s,12,1663855514159,"{""phase"": ""description"", ""counterbalance"": 6, ""vidpath"": ""/static/video/G/filmfest_clip5_G_1.mp4"", ""descstop"": 1, ""vidpair"": 2, ""offset"": ""100"", ""content"": ""a man is admiring a young woman wearing a read sweater from across the street, he begins dancing and the woman starts imitating him and begins doing her own dance moves that he then copy's, the approaches the end of the foot path where an oncoming is driving rapidly down the street, the woman startles sees this and trys to signal him, be he believes she's dancing and copy's her, the man is hit by the car."", ""importance"": ""6"", ""time"": 143454, ""tag"": ""test_seg2_desc""}"
debugrLxU4:debugECI7s,13,1663855562135,"{""phase"": ""viewing"", ""vidpath"": ""/static/video/G/filmfest_clip5_G_2_end_catch.mp4"", ""clip#"": ""5"", ""title"": ""the_shoe"", ""vidseg"": 3, ""target"": ""not_target"", ""offset"": ""160"", ""watch_duration"": 45446, ""tag"": ""test_seg3_view""}"
debugrLxU4:debugECI7s,14,1663855568982,"{""phase"": ""comprehension"", ""status"": ""begin""}"
debugrLxU4:debugECI7s,15,1663855603315,"{""phase"": ""comprehension"", ""status"": ""submit""}"
debugrLxU4:debugECI7s,16,1663855603325,"{""phase"": ""postquestionnaire_1"", ""status"": ""begin""}"
debugrLxU4:debugECI7s,17,1663855664314,"{""phase"": ""postquestionnaire_1"", ""status"": ""submit""}"
debugrLxU4:debugECI7s,18,1663855664323,"{""phase"": ""postquestionnaire_2"", ""status"": ""begin""}"
debugrLxU4:debugECI7s,19,1663855738998,"{""phase"": ""postquestionnaire_2"", ""status"": ""submit""}"
debugkgBl5:debugGKTaM,0,1653184897256,"{""action"": ""Begin"", ""phase"": ""INSTRUCTIONS"", ""templates"": [""instructions/instruct-1-1.html"", ""instructions/instruct-1-2.html"", ""instructions/instruct-1-3.html""]}"
debugkgBl5:debugGKTaM,1,1653184934929,"{""action"": ""NextPage"", ""indexOf"": 0, ""phase"": ""INSTRUCTIONS"", ""template"": ""instructions/instruct-1-1.html"", ""viewTime"": 37672}"
debugkgBl5:debugGKTaM,2,1653184939860,"{""action"": ""NextPage"", ""indexOf"": 1, ""phase"": ""INSTRUCTIONS"", ""template"": ""instructions/instruct-1-2.html"", ""viewTime"": 4926}"
debugkgBl5:debugGKTaM,3,1653184957633,"{""action"": ""FinishInstructions"", ""indexOf"": 2, ""phase"": ""INSTRUCTIONS"", ""template"": ""instructions/instruct-1-3.html"", ""viewTime"": 17771}"
debugkgBl5:debugGKTaM,4,1653184957638,"{""phase"": ""id_submit"", ""status"": ""begin""}"
debugkgBl5:debugGKTaM,5,1653185009308,"{""phase"": ""id_submit"", ""status"": ""submit""}"
debugkgBl5:debugGKTaM,6,1653185103771,"{""clip#"": ""5"", ""offset"": ""12"", ""phase"": ""viewing"", ""tag"": ""prac_segA_view"", ""target"": ""not_target"", ""title"": ""the_shoe"", ""vidpath"": ""/static/video/Prac/wildebeest_part1.mp4"", ""vidseg"": 1, ""watch_duration"": 12597}"
debugkgBl5:debugGKTaM,7,1653185134020,"{""clip#"": ""5"", ""offset"": ""33"", ""phase"": ""viewing"", ""tag"": ""prac_segB_view"", ""target"": ""target"", ""title"": ""the_shoe"", ""vidpath"": ""/static/video/Prac/wildebeest_part2.mp4"", ""vidseg"": 2, ""watch_duration"": 20629}"
debugkgBl5:debugGKTaM,8,1653185272090,"{""content"": ""After the bulls debate whether that thing in the water is a log or a crocodile, the bull that thinks it's a crocodile throws a pebble at it. The thing in the water just moves a bit, and nothing else happens. The bulls continue to argue about what it is, but the one that believes it's a crocodile persists. It then pokes this thing with a stick. Like last time, nothing happens. Then after arguing again, the crocodile-believer splashes it with some water, and then jumps on top of it."", ""counterbalance"": 7, ""descstop"": 1, ""importance"": ""6"", ""offset"": ""33"", ""phase"": ""description"", ""tag"": ""prac_segB_desc"", ""time"": 133945, ""vidpair"": 2, ""vidpath"": ""/static/video/Prac/wildebeest_part2.mp4""}"
debugkgBl5:debugGKTaM,9,1653185317713,"{""phase"": ""INSTRUCTIONS"", ""templates"": [""instructions/instruct-1-1.html"", ""instructions/instruct-1-2.html"", ""instructions/instruct-1-3.html""], ""action"": ""Begin""}"
debugkgBl5:debugGKTaM,10,1653185321207,"{""phase"": ""INSTRUCTIONS"", ""template"": ""instructions/instruct-1-1.html"", ""indexOf"": 0, ""action"": ""NextPage"", ""viewTime"": 3489}"
debugkgBl5:debugGKTaM,11,1653185324757,"{""phase"": ""INSTRUCTIONS"", ""template"": ""instructions/instruct-1-2.html"", ""indexOf"": 1, ""action"": ""NextPage"", ""viewTime"": 3547}"
debugkgBl5:debugGKTaM,12,1653185328323,"{""phase"": ""INSTRUCTIONS"", ""template"": ""instructions/instruct-1-3.html"", ""indexOf"": 2, ""action"": ""FinishInstructions"", ""viewTime"": 3564}"
debugkgBl5:debugGKTaM,13,1653185328330,"{""phase"": ""id_submit"", ""status"": ""begin""}"
debugkgBl5:debugGKTaM,14,1653185332690,"{""phase"": ""id_submit"", ""status"": ""submit""}"
debugkgBl5:debugGKTaM,15,1653185363685,"{""phase"": ""viewing"", ""vidpath"": ""/static/video/Prac/wildebeest_part1.mp4"", ""clip#"": ""5"", ""title"": ""the_shoe"", ""vidseg"": 1, ""target"": ""not_target"", ""offset"": ""12"", ""watch_duration"": 12576, ""tag"": ""prac_segA_view""}"
debugkgBl5:debugGKTaM,16,1653185389219,"{""phase"": ""viewing"", ""vidpath"": ""/static/video/Prac/wildebeest_part2.mp4"", ""clip#"": ""5"", ""title"": ""the_shoe"", ""vidseg"": 2, ""target"": ""target"", ""offset"": ""33"", ""watch_duration"": 20628, ""tag"": ""prac_segB_view""}"
debugkgBl5:debugGKTaM,17,1653185477740,"{""phase"": ""description"", ""counterbalance"": 7, ""vidpath"": ""/static/video/Prac/wildebeest_part2.mp4"", ""descstop"": 1, ""vidpair"": 2, ""offset"": ""33"", ""content"": ""First throws a pebble, then pokes with a stick, finally splashes some water on it and jumps on top of it."", ""importance"": ""4"", ""time"": 84779, ""tag"": ""prac_segB_desc""}"
debugrwbfW:debug4Ujlp,0,1653660649292,"{""phase"": ""INSTRUCTIONS"", ""templates"": [""instructions/instruct-1-1.html"", ""instructions/instruct-1-2.html"", ""instructions/instruct-1-3.html""], ""action"": ""Begin""}"
debugrwbfW:debug4Ujlp,1,1653660659864,"{""phase"": ""INSTRUCTIONS"", ""template"": ""instructions/instruct-1-1.html"", ""indexOf"": 0, ""action"": ""NextPage"", ""viewTime"": 10564}"
debugrwbfW:debug4Ujlp,2,1653660663282,"{""phase"": ""INSTRUCTIONS"", ""template"": ""instructions/instruct-1-2.html"", ""indexOf"": 1, ""action"": ""NextPage"", ""viewTime"": 3413}"
debugrwbfW:debug4Ujlp,3,1653660667202,"{""phase"": ""INSTRUCTIONS"", ""template"": ""instructions/instruct-1-3.html"", ""indexOf"": 2, ""action"": ""FinishInstructions"", ""viewTime"": 3917}"
debugrwbfW:debug4Ujlp,4,1653660667211,"{""phase"": ""id_submit"", ""status"": ""begin""}"
debugrwbfW:debug4Ujlp,5,1653660671478,"{""phase"": ""id_submit"", ""status"": ""submit""}"
debugrwbfW:debug4Ujlp,6,1653660703261,"{""phase"": ""viewing"", ""vidpath"": ""/static/video/Prac/wildebeest_part1.mp4"", ""clip#"": ""5"", ""title"": ""the_shoe"", ""vidseg"": 1, ""target"": ""not_target"", ""offset"": ""12"", ""watch_duration"": 12592, ""tag"": ""prac_segA_view""}"
debugrwbfW:debug4Ujlp,7,1653660728519,"{""phase"": ""viewing"", ""vidpath"": ""/static/video/Prac/wildebeest_part2.mp4"", ""clip#"": ""5"", ""title"": ""the_shoe"", ""vidseg"": 2, ""target"": ""target"", ""offset"": ""33"", ""watch_duration"": 20637, ""tag"": ""prac_segB_view""}"
debugrwbfW:debug4Ujlp,8,1653660738230,"{""phase"": ""description"", ""counterbalance"": 8, ""vidpath"": ""/static/video/Prac/wildebeest_part2.mp4"", ""descstop"": 1, ""vidpair"": 2, ""offset"": ""33"", ""content"": "" hruviuowhiuotewhhwe"", ""importance"": ""1"", ""time"": 5825, ""tag"": ""prac_segB_desc""}"
debugzoFvn:debugC7Ng3,0,1656990942327,"{""phase"": ""INSTRUCTIONS"", ""templates"": [""instructions/instruct-1-1.html"", ""instructions/instruct-1-2.html"", ""instructions/instruct-1-3.html""], ""action"": ""Begin""}"
debugzoFvn:debugC7Ng3,1,1656990959293,"{""phase"": ""INSTRUCTIONS"", ""template"": ""instructions/instruct-1-1.html"", ""indexOf"": 0, ""action"": ""NextPage"", ""viewTime"": 16958}"
debugzoFvn:debugC7Ng3,2,1656990967239,"{""phase"": ""INSTRUCTIONS"", ""template"": ""instructions/instruct-1-2.html"", ""indexOf"": 1, ""action"": ""NextPage"", ""viewTime"": 7940}"
debugzoFvn:debugC7Ng3,3,1656990973284,"{""phase"": ""INSTRUCTIONS"", ""template"": ""instructions/instruct-1-3.html"", ""indexOf"": 2, ""action"": ""FinishInstructions"", ""viewTime"": 6042}"
debugzoFvn:debugC7Ng3,4,1656990973293,"{""phase"": ""id_submit"", ""status"": ""begin""}"
debugzoFvn:debugC7Ng3,5,1656990989494,"{""phase"": ""id_submit"", ""status"": ""submit""}"
debugzoFvn:debugC7Ng3,6,1656991026003,"{""phase"": ""viewing"", ""vidpath"": ""/static/video/Prac/wildebeest_part1.mp4"", ""clip#"": ""5"", ""title"": ""the_shoe"", ""vidseg"": 1, ""target"": ""not_target"", ""offset"": ""12"", ""watch_duration"": 12583, ""tag"": ""prac_segA_view""}"
debugzoFvn:debugC7Ng3,7,1656991051587,"{""phase"": ""viewing"", ""vidpath"": ""/static/video/Prac/wildebeest_part2.mp4"", ""clip#"": ""5"", ""title"": ""the_shoe"", ""vidseg"": 2, ""target"": ""target"", ""offset"": ""33"", ""watch_duration"": 20623, ""tag"": ""prac_segB_view""}"
debugzoFvn:debugC7Ng3,8,1656991104864,"{""phase"": ""description"", ""counterbalance"": 1, ""vidpath"": ""/static/video/Prac/wildebeest_part2.mp4"", ""descstop"": 1, ""vidpair"": 2, ""offset"": ""33"", ""content"": ""Two buffalos are arguing whether the shape in the water is an alligator or log. The one arguing that its a gator, pokes it with a stick then stands on it. "", ""importance"": ""2"", ""time"": 50870, ""tag"": ""prac_segB_desc""}"
debugzoFvn:debugC7Ng3,9,1656991124443,"{""phase"": ""viewing"", ""vidpath"": ""/static/video/Prac/wildebeest_part3.mp4"", ""clip#"": ""5"", ""title"": ""the_shoe"", ""vidseg"": 3, ""target"": ""not_target"", ""offset"": ""49"", ""watch_duration"": 16119, ""tag"": ""prac_segC_view""}"
debugzoFvn:debugC7Ng3,10,1656991149788,"{""phase"": ""viewing"", ""vidpath"": ""/static/video/B/filmfest_clip5_B_0.mp4"", ""clip#"": ""5"", ""title"": ""the_shoe"", ""vidseg"": 1, ""target"": ""not_target"", ""offset"": ""20"", ""watch_duration"": 20041, ""tag"": ""test_seg1_view""}"
debugzoFvn:debugC7Ng3,11,1656991184115,"{""phase"": ""viewing"", ""vidpath"": ""/static/video/B/filmfest_clip5_B_1.mp4"", ""clip#"": ""5"", ""title"": ""the_shoe"", ""vidseg"": 2, ""target"": ""target"", ""offset"": ""50"", ""watch_duration"": 30062, ""tag"": ""test_seg2_view""}"
debugzoFvn:debugC7Ng3,12,1656991293902,"{""phase"": ""description"", ""counterbalance"": 1, ""vidpath"": ""/static/video/B/filmfest_clip5_B_1.mp4"", ""descstop"": 1, ""vidpair"": 2, ""offset"": ""50"", ""content"": ""A man is tapping his show along to a beat (not heard by him most likely). drops a cookie wrapper and opens milk carton. He stares into the milk before drinking. He stares at a lady as she walks by. He is leaning on his car in what looks like a suburban neighborhood.  "", ""importance"": ""1"", ""time"": 107305, ""tag"": ""test_seg2_desc""}"
debugzoFvn:debugC7Ng3,13,1656991357219,"{""phase"": ""viewing"", ""vidpath"": ""/static/video/B/filmfest_clip5_B_2.mp4"", ""clip#"": ""5"", ""title"": ""the_shoe"", ""vidseg"": 3, ""target"": ""not_target"", ""offset"": ""110"", ""watch_duration"": 60018, ""tag"": ""test_seg3_view""}"
debugzoFvn:debugC7Ng3,14,1656991388852,"{""phase"": ""viewing"", ""vidpath"": ""/static/video/B/filmfest_clip5_B_3.mp4"", ""clip#"": ""5"", ""title"": ""the_shoe"", ""vidseg"": 4, ""target"": ""target"", ""offset"": ""140"", ""watch_duration"": 25169, ""tag"": ""test_seg4_view""}"
debugzoFvn:debugC7Ng3,15,1656991467468,"{""phase"": ""description"", ""counterbalance"": 1, ""vidpath"": ""/static/video/B/filmfest_clip5_B_3.mp4"", ""descstop"": 2, ""vidpair"": 4, ""offset"": ""140"", ""content"": ""??????????? So the guy got hit by a car? The movie focuses on the shoes that flew off his body. Body not seen.  "", ""importance"": ""4"", ""time"": 75744, ""tag"": ""test_seg4_desc""}"
debugzoFvn:debugC7Ng3,16,1656991481973,"{""phase"": ""viewing"", ""vidpath"": ""/static/video/B/filmfest_clip5_B_4_end_catch.mp4"", ""clip#"": ""5"", ""title"": ""the_shoe"", ""vidseg"": 5, ""target"": ""not_target"", ""offset"": ""200"", ""watch_duration"": 11128, ""tag"": ""test_seg5_view""}"
debugzoFvn:debugC7Ng3,17,1656991487367,"{""phase"": ""comprehension"", ""status"": ""begin""}"
debugzoFvn:debugC7Ng3,18,1656991506171,"{""phase"": ""comprehension"", ""status"": ""submit""}"
debugzoFvn:debugC7Ng3,19,1656991506176,"{""phase"": ""postquestionnaire_1"", ""status"": ""begin""}"
debugzoFvn:debugC7Ng3,20,1656991576323,"{""phase"": ""postquestionnaire_1"", ""status"": ""submit""}"
debugzoFvn:debugC7Ng3,21,1656991576329,"{""phase"": ""postquestionnaire_2"", ""status"": ""begin""}"
debugzoFvn:debugC7Ng3,22,1656991658887,"{""phase"": ""postquestionnaire_2"", ""status"": ""submit""}"
debug1T3oX:debug5dpHY,0,1663854694102,"{""phase"": ""INSTRUCTIONS"", ""templates"": [""instructions/instruct-1-1.html"", ""instructions/instruct-1-2.html"", ""instructions/instruct-1-3.html""], ""action"": ""Begin""}"
debug1T3oX:debug5dpHY,1,1663854706617,"{""phase"": ""INSTRUCTIONS"", ""template"": ""instructions/instruct-1-1.html"", ""indexOf"": 0, ""action"": ""NextPage"", ""viewTime"": 12512}"
debug1T3oX:debug5dpHY,2,1663854711437,"{""phase"": ""INSTRUCTIONS"", ""template"": ""instructions/instruct-1-2.html"", ""indexOf"": 1, ""action"": ""NextPage"", ""viewTime"": 4818}"
debug1T3oX:debug5dpHY,3,1663854722402,"{""phase"": ""INSTRUCTIONS"", ""template"": ""instructions/instruct-1-3.html"", ""indexOf"": 2, ""action"": ""FinishInstructions"", ""viewTime"": 10963}"
debug1T3oX:debug5dpHY,4,1663854722407,"{""phase"": ""id_submit"", ""status"": ""begin""}"
debug1T3oX:debug5dpHY,5,1663854734656,"{""phase"": ""id_submit"", ""status"": ""submit""}"
debug1T3oX:debug5dpHY,6,1663854804799,"{""phase"": ""viewing"", ""vidpath"": ""/static/video/Prac/wildebeest_part1.mp4"", ""clip#"": ""5"", ""title"": ""the_shoe"", ""vidseg"": 1, ""target"": ""not_target"", ""offset"": ""12"", ""watch_duration"": 12608, ""tag"": ""prac_segA_view""}"
debug1T3oX:debug5dpHY,7,1663854834288,"{""phase"": ""viewing"", ""vidpath"": ""/static/video/Prac/wildebeest_part2.mp4"", ""clip#"": ""5"", ""title"": ""the_shoe"", ""vidseg"": 2, ""target"": ""target"", ""offset"": ""33"", ""watch_duration"": 20634, ""tag"": ""prac_segB_view""}"
debug1T3oX:debug5dpHY,8,1663854920820,"{""phase"": ""description"", ""counterbalance"": 4, ""vidpath"": ""/static/video/Prac/wildebeest_part2.mp4"", ""descstop"": 1, ""vidpair"": 2, ""offset"": ""33"", ""content"": ""There are two animals that are looking into some water. They see something. One thinks it's a log, the other thinks it's a crocodile. One of them prods it with a stick to see, when it doesn't move he jumps onto it."", ""importance"": ""6"", ""time"": 81824, ""tag"": ""prac_segB_desc""}"
debug1T3oX:debug5dpHY,9,1663854942551,"{""phase"": ""viewing"", ""vidpath"": ""/static/video/Prac/wildebeest_part3.mp4"", ""clip#"": ""5"", ""title"": ""the_shoe"", ""vidseg"": 3, ""target"": ""not_target"", ""offset"": ""49"", ""watch_duration"": 16122, ""tag"": ""prac_segC_view""}"
debug1T3oX:debug5dpHY,10,1663855007691,"{""phase"": ""viewing"", ""vidpath"": ""/static/video/E/filmfest_clip5_E_0.mp4"", ""clip#"": ""5"", ""title"": ""the_shoe"", ""vidseg"": 1, ""target"": ""not_target"", ""offset"": ""50"", ""watch_duration"": 50097, ""tag"": ""test_seg1_view""}"
debug1T3oX:debug5dpHY,11,1663855045733,"{""phase"": ""viewing"", ""vidpath"": ""/static/video/E/filmfest_clip5_E_1.mp4"", ""clip#"": ""5"", ""title"": ""the_shoe"", ""vidseg"": 2, ""target"": ""target"", ""offset"": ""80"", ""watch_duration"": 30025, ""tag"": ""test_seg2_view""}"
debug1T3oX:debug5dpHY,12,1663855145506,"{""phase"": ""description"", ""counterbalance"": 4, ""vidpath"": ""/static/video/E/filmfest_clip5_E_1.mp4"", ""descstop"": 1, ""vidpair"": 2, ""offset"": ""80"", ""content"": ""An angry man wasn't happy at the man with the milk leaning on his car. The man with the milk notices a woman over the road, who does things exactly after he does. So when he trips, so does she, when he places the milk on some railings, she imitates it over the road, when he dances, so does she."", ""importance"": ""5"", ""time"": 96131, ""tag"": ""test_seg2_desc""}"
debug1T3oX:debug5dpHY,13,1663855216650,"{""phase"": ""viewing"", ""vidpath"": ""/static/video/E/filmfest_clip5_E_2_end_catch.mp4"", ""clip#"": ""5"", ""title"": ""the_shoe"", ""vidseg"": 3, ""target"": ""not_target"", ""offset"": ""140"", ""watch_duration"": 65429, ""tag"": ""test_seg3_view""}"
debug1T3oX:debug5dpHY,14,1663855223095,"{""phase"": ""comprehension"", ""status"": ""begin""}"
debug1T3oX:debug5dpHY,15,1663855260639,"{""phase"": ""comprehension"", ""status"": ""submit""}"
debug1T3oX:debug5dpHY,16,1663855260642,"{""phase"": ""postquestionnaire_1"", ""status"": ""begin""}"
debug1T3oX:debug5dpHY,17,1663855394521,"{""phase"": ""postquestionnaire_1"", ""status"": ""submit""}"
debug1T3oX:debug5dpHY,18,1663855394525,"{""phase"": ""postquestionnaire_2"", ""status"": ""begin""}"
debug1T3oX:debug5dpHY,19,1663855490035,"{""phase"": ""postquestionnaire_2"", ""status"": ""submit""}"
debugn3LTo:debugv4knh,0,1663855127829,"{""phase"": ""INSTRUCTIONS"", ""templates"": [""instructions/instruct-1-1.html"", ""instructions/instruct-1-2.html"", ""instructions/instruct-1-3.html""], ""action"": ""Begin""}"
debugn3LTo:debugv4knh,1,1663855132926,"{""phase"": ""INSTRUCTIONS"", ""template"": ""instructions/instruct-1-1.html"", ""indexOf"": 0, ""action"": ""NextPage"", ""viewTime"": 5093}"
debugn3LTo:debugv4knh,2,1663855135694,"{""phase"": ""INSTRUCTIONS"", ""template"": ""instructions/instruct-1-2.html"", ""indexOf"": 1, ""action"": ""NextPage"", ""viewTime"": 2766}"
debugn3LTo:debugv4knh,3,1663855148345,"{""phase"": ""INSTRUCTIONS"", ""template"": ""instructions/instruct-1-3.html"", ""indexOf"": 2, ""action"": ""FinishInstructions"", ""viewTime"": 12650}"
debugn3LTo:debugv4knh,4,1663855148351,"{""phase"": ""id_submit"", ""status"": ""begin""}"
debugn3LTo:debugv4knh,5,1663855165789,"{""phase"": ""id_submit"", ""status"": ""submit""}"
debugn3LTo:debugv4knh,6,1663855230242,"{""phase"": ""viewing"", ""vidpath"": ""/static/video/Prac/wildebeest_part1.mp4"", ""clip#"": ""5"", ""title"": ""the_shoe"", ""vidseg"": 1, ""target"": ""not_target"", ""offset"": ""12"", ""watch_duration"": 13121, ""tag"": ""prac_segA_view""}"
debugn3LTo:debugv4knh,7,1663855258067,"{""phase"": ""viewing"", ""vidpath"": ""/static/video/Prac/wildebeest_part2.mp4"", ""clip#"": ""5"", ""title"": ""the_shoe"", ""vidseg"": 2, ""target"": ""target"", ""offset"": ""33"", ""watch_duration"": 20634, ""tag"": ""prac_segB_view""}"
debugn3LTo:debugv4knh,8,1663855340374,"{""phase"": ""description"", ""counterbalance"": 3, ""vidpath"": ""/static/video/Prac/wildebeest_part2.mp4"", ""descstop"": 1, ""vidpair"": 2, ""offset"": ""33"", ""content"": ""The animals were debating if the thing in the water was a log or an alligator. One was convinced it was an alligator and one was convinced it was a log. The first time, the animal who thought it was an alligator threw a rock at the thing in the water. It didnt move. The animal then poked it with a stick and then again it didnt move and so the animal splashed water on it then stood on it when it continued to not move."", ""importance"": ""5"", ""time"": 79294, ""tag"": ""prac_segB_desc""}"
debugn3LTo:debugv4knh,9,1663855360120,"{""phase"": ""viewing"", ""vidpath"": ""/static/video/Prac/wildebeest_part3.mp4"", ""clip#"": ""5"", ""title"": ""the_shoe"", ""vidseg"": 3, ""target"": ""not_target"", ""offset"": ""49"", ""watch_duration"": 16124, ""tag"": ""prac_segC_view""}"
debugn3LTo:debugv4knh,10,1663855406646,"{""phase"": ""viewing"", ""vidpath"": ""/static/video/D/filmfest_clip5_D_0.mp4"", ""clip#"": ""5"", ""title"": ""the_shoe"", ""vidseg"": 1, ""target"": ""not_target"", ""offset"": ""40"", ""watch_duration"": 40018, ""tag"": ""test_seg1_view""}"
debugn3LTo:debugv4knh,11,1663855442278,"{""phase"": ""viewing"", ""vidpath"": ""/static/video/D/filmfest_clip5_D_1.mp4"", ""clip#"": ""5"", ""title"": ""the_shoe"", ""vidseg"": 2, ""target"": ""target"", ""offset"": ""70"", ""watch_duration"": 30046, ""tag"": ""test_seg2_view""}"
debugn3LTo:debugv4knh,12,1663855582979,"{""phase"": ""description"", ""counterbalance"": 3, ""vidpath"": ""/static/video/D/filmfest_clip5_D_1.mp4"", ""descstop"": 1, ""vidpair"": 2, ""offset"": ""70"", ""content"": ""The guy is drinking his milk and leaning on a car. He sees a girl walk by and starts checking her out. He leans further on the car while doing this then the owner of the car comes and shoos him away. The guy walks across the road from the girl but at the same pace as her and the same direction. He trips and then continues to walk, still looking at her. She then pretends to trip as well. He makes a strange face and puts his milk on a gate while walking. "", ""importance"": ""4"", ""time"": 137512, ""tag"": ""test_seg2_desc""}"
debugn3LTo:debugv4knh,13,1663855647545,"{""phase"": ""viewing"", ""vidpath"": ""/static/video/D/filmfest_clip5_D_2.mp4"", ""clip#"": ""5"", ""title"": ""the_shoe"", ""vidseg"": 3, ""target"": ""not_target"", ""offset"": ""130"", ""watch_duration"": 60068, ""tag"": ""test_seg3_view""}"
debugn3LTo:debugv4knh,14,1663855657775,"{""phase"": ""viewing"", ""vidpath"": ""/static/video/D/filmfest_clip5_D_3.mp4"", ""clip#"": ""5"", ""title"": ""the_shoe"", ""vidseg"": 4, ""target"": ""target"", ""offset"": ""160"", ""watch_duration"": 5078, ""tag"": ""test_seg4_view""}"
debugn3LTo:debugv4knh,15,1663855697329,"{""phase"": ""description"", ""counterbalance"": 3, ""vidpath"": ""/static/video/D/filmfest_clip5_D_3.mp4"", ""descstop"": 2, ""vidpair"": 4, ""offset"": ""160"", ""content"": ""There was a black shoe on the ground that was not the same type of shoe that the guy from the crash had."", ""importance"": ""6"", ""time"": 32742, ""tag"": ""test_seg4_desc""}"
debugn3LTo:debugv4knh,16,1663855710825,"{""phase"": ""viewing"", ""vidpath"": ""/static/video/D/filmfest_clip5_D_4_end_catch.mp4"", ""clip#"": ""5"", ""title"": ""the_shoe"", ""vidseg"": 5, ""target"": ""not_target"", ""offset"": ""220"", ""watch_duration"": 10589, ""tag"": ""test_seg5_view""}"
debugn3LTo:debugv4knh,17,1663855716484,"{""phase"": ""comprehension"", ""status"": ""begin""}"
debugn3LTo:debugv4knh,18,1663855745026,"{""phase"": ""comprehension"", ""status"": ""submit""}"
debugn3LTo:debugv4knh,19,1663855745034,"{""phase"": ""postquestionnaire_1"", ""status"": ""begin""}"
debugn3LTo:debugv4knh,20,1663855818505,"{""phase"": ""postquestionnaire_1"", ""status"": ""submit""}"
debugn3LTo:debugv4knh,21,1663855818507,"{""phase"": ""postquestionnaire_2"", ""status"": ""begin""}"
debugn3LTo:debugv4knh,22,1663855875483,"{""phase"": ""postquestionnaire_2"", ""status"": ""submit""}"
debugCdVdo:debugWVn40,0,1663855270239,"{""phase"": ""INSTRUCTIONS"", ""templates"": [""instructions/instruct-1-1.html"", ""instructions/instruct-1-2.html"", ""instructions/instruct-1-3.html""], ""action"": ""Begin""}"
debugCdVdo:debugWVn40,1,1663855277412,"{""phase"": ""INSTRUCTIONS"", ""template"": ""instructions/instruct-1-1.html"", ""indexOf"": 0, ""action"": ""NextPage"", ""viewTime"": 7169}"
debugCdVdo:debugWVn40,2,1663855281608,"{""phase"": ""INSTRUCTIONS"", ""template"": ""instructions/instruct-1-2.html"", ""indexOf"": 1, ""action"": ""NextPage"", ""viewTime"": 4195}"
debugCdVdo:debugWVn40,3,1663855294910,"{""phase"": ""INSTRUCTIONS"", ""template"": ""instructions/instruct-1-3.html"", ""indexOf"": 2, ""action"": ""FinishInstructions"", ""viewTime"": 13301}"
debugCdVdo:debugWVn40,4,1663855294914,"{""phase"": ""id_submit"", ""status"": ""begin""}"
debugCdVdo:debugWVn40,5,1663855301839,"{""phase"": ""id_submit"", ""status"": ""submit""}"
debugCdVdo:debugWVn40,6,1663855369946,"{""phase"": ""viewing"", ""vidpath"": ""/static/video/Prac/wildebeest_part1.mp4"", ""clip#"": ""5"", ""title"": ""the_shoe"", ""vidseg"": 1, ""target"": ""not_target"", ""offset"": ""12"", ""watch_duration"": 13027, ""tag"": ""prac_segA_view""}"
debugCdVdo:debugWVn40,7,1663855401330,"{""phase"": ""viewing"", ""vidpath"": ""/static/video/Prac/wildebeest_part2.mp4"", ""clip#"": ""5"", ""title"": ""the_shoe"", ""vidseg"": 2, ""target"": ""target"", ""offset"": ""33"", ""watch_duration"": 20622, ""tag"": ""prac_segB_view""}"
debugCdVdo:debugWVn40,8,1663855523799,"{""phase"": ""description"", ""counterbalance"": 8, ""vidpath"": ""/static/video/Prac/wildebeest_part2.mp4"", ""descstop"": 1, ""vidpair"": 2, ""offset"": ""33"", ""content"": ""The animals continued to argue whether it was a crocodile or a log. One threw a stone at it, nothing happened. Then it prodded it with a stick, still nothing happened. So it jumped onto it."", ""importance"": ""6"", ""time"": 116615, ""tag"": ""prac_segB_desc""}"
debugCdVdo:debugWVn40,9,1663855544788,"{""phase"": ""viewing"", ""vidpath"": ""/static/video/Prac/wildebeest_part3.mp4"", ""clip#"": ""5"", ""title"": ""the_shoe"", ""vidseg"": 3, ""target"": ""not_target"", ""offset"": ""49"", ""watch_duration"": 16246, ""tag"": ""prac_segC_view""}"
debugCdVdo:debugWVn40,10,1663855641701,"{""phase"": ""viewing"", ""vidpath"": ""/static/video/I/filmfest_clip5_I_0.mp4"", ""clip#"": ""5"", ""title"": ""the_shoe"", ""vidseg"": 1, ""target"": ""not_target"", ""offset"": ""90"", ""watch_duration"": 90142, ""tag"": ""test_seg1_view""}"
debugCdVdo:debugWVn40,11,1663855678600,"{""phase"": ""viewing"", ""vidpath"": ""/static/video/I/filmfest_clip5_I_1.mp4"", ""clip#"": ""5"", ""title"": ""the_shoe"", ""vidseg"": 2, ""target"": ""target"", ""offset"": ""120"", ""watch_duration"": 30160, ""tag"": ""test_seg2_view""}"
debugCdVdo:debugWVn40,12,1663855956082,"{""phase"": ""description"", ""counterbalance"": 8, ""vidpath"": ""/static/video/I/filmfest_clip5_I_1.mp4"", ""descstop"": 1, ""vidpair"": 2, ""offset"": ""120"", ""content"": ""The boy and the girl keep walking along mimicking one another. The boy though does not notice that his pavement has run out and is walking into the road. The girl tries to grab his attention , but he just mimics her actions again, at which point a car hits him. He is thrown into the windscreen which smashes and then thrown into the air. The car then crashes spectacularly. The girl looks on horrified and then looks up to see one of the boys shoes flying in the air."", ""importance"": ""7"", ""time"": 274894, ""tag"": ""test_seg2_desc""}"
debugCdVdo:debugWVn40,13,1663855985492,"{""phase"": ""viewing"", ""vidpath"": ""/static/video/I/filmfest_clip5_I_2_end_catch.mp4"", ""clip#"": ""5"", ""title"": ""the_shoe"", ""vidseg"": 3, ""target"": ""not_target"", ""offset"": ""180"", ""watch_duration"": 24923, ""tag"": ""test_seg3_view""}"
debugCdVdo:debugWVn40,14,1663855991634,"{""phase"": ""comprehension"", ""status"": ""begin""}"
debugCdVdo:debugWVn40,15,1663856042598,"{""phase"": ""comprehension"", ""status"": ""submit""}"
debugCdVdo:debugWVn40,16,1663856042600,"{""phase"": ""postquestionnaire_1"", ""status"": ""begin""}"
debugCdVdo:debugWVn40,17,1663856146549,"{""phase"": ""postquestionnaire_1"", ""status"": ""submit""}"
debugCdVdo:debugWVn40,18,1663856146552,"{""phase"": ""postquestionnaire_2"", ""status"": ""begin""}"
debugCdVdo:debugWVn40,19,1663856269697,"{""phase"": ""postquestionnaire_2"", ""status"": ""submit""}"
debug5ln3H:debug1ccYt,0,1663855211903,"{""phase"": ""INSTRUCTIONS"", ""templates"": [""instructions/instruct-1-1.html"", ""instructions/instruct-1-2.html"", ""instructions/instruct-1-3.html""], ""action"": ""Begin""}"
debug5ln3H:debug1ccYt,1,1663855225369,"{""phase"": ""INSTRUCTIONS"", ""template"": ""instructions/instruct-1-1.html"", ""indexOf"": 0, ""action"": ""NextPage"", ""viewTime"": 13437}"
debug5ln3H:debug1ccYt,2,1663855230025,"{""phase"": ""INSTRUCTIONS"", ""template"": ""instructions/instruct-1-2.html"", ""indexOf"": 1, ""action"": ""NextPage"", ""viewTime"": 4614}"
debug5ln3H:debug1ccYt,3,1663855238486,"{""phase"": ""INSTRUCTIONS"", ""template"": ""instructions/instruct-1-3.html"", ""indexOf"": 2, ""action"": ""FinishInstructions"", ""viewTime"": 8450}"
debug5ln3H:debug1ccYt,4,1663855238554,"{""phase"": ""id_submit"", ""status"": ""begin""}"
debug5ln3H:debug1ccYt,5,1663855390906,"{""phase"": ""id_submit"", ""status"": ""submit""}"
debug5ln3H:debug1ccYt,6,1663855438055,"{""phase"": ""viewing"", ""vidpath"": ""/static/video/Prac/wildebeest_part1.mp4"", ""clip#"": ""5"", ""title"": ""the_shoe"", ""vidseg"": 1, ""target"": ""not_target"", ""offset"": ""12"", ""watch_duration"": 17386, ""tag"": ""prac_segA_view""}"
debug5ln3H:debug1ccYt,7,1663855467153,"{""phase"": ""viewing"", ""vidpath"": ""/static/video/Prac/wildebeest_part2.mp4"", ""clip#"": ""5"", ""title"": ""the_shoe"", ""vidseg"": 2, ""target"": ""target"", ""offset"": ""33"", ""watch_duration"": 21175, ""tag"": ""prac_segB_view""}"
debug5ln3H:debug1ccYt,8,1663855653134,"{""phase"": ""description"", ""counterbalance"": 2, ""vidpath"": ""/static/video/Prac/wildebeest_part2.mp4"", ""descstop"": 1, ""vidpair"": 2, ""offset"": ""33"", ""content"": ""Two, bufallo were wondering what is in the water between a log and crocodile "", ""importance"": ""6"", ""time"": 183501, ""tag"": ""prac_segB_desc""}"
debugeUIa6:debug6BtOj,0,1663855069089,"{""phase"": ""INSTRUCTIONS"", ""templates"": [""instructions/instruct-1-1.html"", ""instructions/instruct-1-2.html"", ""instructions/instruct-1-3.html""], ""action"": ""Begin""}"
debugeUIa6:debug6BtOj,1,1663855085563,"{""phase"": ""INSTRUCTIONS"", ""template"": ""instructions/instruct-1-1.html"", ""indexOf"": 0, ""action"": ""NextPage"", ""viewTime"": 16464}"
debugeUIa6:debug6BtOj,2,1663855088204,"{""phase"": ""INSTRUCTIONS"", ""template"": ""instructions/instruct-1-2.html"", ""indexOf"": 1, ""action"": ""NextPage"", ""viewTime"": 2636}"
debugeUIa6:debug6BtOj,3,1663855095462,"{""phase"": ""INSTRUCTIONS"", ""template"": ""instructions/instruct-1-3.html"", ""indexOf"": 2, ""action"": ""FinishInstructions"", ""viewTime"": 7255}"
debugeUIa6:debug6BtOj,4,1663855095476,"{""phase"": ""id_submit"", ""status"": ""begin""}"
debugeUIa6:debug6BtOj,5,1663855113603,"{""phase"": ""id_submit"", ""status"": ""submit""}"
debugeUIa6:debug6BtOj,6,1663855156183,"{""phase"": ""viewing"", ""vidpath"": ""/static/video/Prac/wildebeest_part1.mp4"", ""clip#"": ""5"", ""title"": ""the_shoe"", ""vidseg"": 1, ""target"": ""not_target"", ""offset"": ""12"", ""watch_duration"": 12857, ""tag"": ""prac_segA_view""}"
debugeUIa6:debug6BtOj,7,1663855184570,"{""phase"": ""viewing"", ""vidpath"": ""/static/video/Prac/wildebeest_part2.mp4"", ""clip#"": ""5"", ""title"": ""the_shoe"", ""vidseg"": 2, ""target"": ""target"", ""offset"": ""33"", ""watch_duration"": 20891, ""tag"": ""prac_segB_view""}"
debugeUIa6:debug6BtOj,8,1663855330378,"{""phase"": ""description"", ""counterbalance"": 7, ""vidpath"": ""/static/video/Prac/wildebeest_part2.mp4"", ""descstop"": 1, ""vidpair"": 2, ""offset"": ""33"", ""content"": ""There is two animated cows standing on the side of a verge. In the water they can see something, which they are arguing over. one thinks it is a log and the other, a crocodile. they are back and for arguing, not with words but mooing, we can understand as there is image bubbles that appear above thier heads, with oictures of a log and a crocodile. whilst arguing the one that belives it is a crocodile tries to get it to move by throwing a rock at it, poking it with a stick, splasing water over it and lastly, jumping on top of it."", ""importance"": ""7"", ""time"": 142188, ""tag"": ""prac_segB_desc""}"
debugeUIa6:debug6BtOj,9,1663855357430,"{""phase"": ""viewing"", ""vidpath"": ""/static/video/Prac/wildebeest_part3.mp4"", ""clip#"": ""5"", ""title"": ""the_shoe"", ""vidseg"": 3, ""target"": ""not_target"", ""offset"": ""49"", ""watch_duration"": 16355, ""tag"": ""prac_segC_view""}"
debugeUIa6:debug6BtOj,10,1663855452731,"{""phase"": ""viewing"", ""vidpath"": ""/static/video/H/filmfest_clip5_H_0.mp4"", ""clip#"": ""5"", ""title"": ""the_shoe"", ""vidseg"": 1, ""target"": ""not_target"", ""offset"": ""80"", ""watch_duration"": 80116, ""tag"": ""test_seg1_view""}"
debugeUIa6:debug6BtOj,11,1663855489718,"{""phase"": ""viewing"", ""vidpath"": ""/static/video/H/filmfest_clip5_H_1.mp4"", ""clip#"": ""5"", ""title"": ""the_shoe"", ""vidseg"": 2, ""target"": ""target"", ""offset"": ""110"", ""watch_duration"": 30213, ""tag"": ""test_seg2_view""}"
debugeUIa6:debug6BtOj,12,1663855644355,"{""phase"": ""description"", ""counterbalance"": 7, ""vidpath"": ""/static/video/H/filmfest_clip5_H_1.mp4"", ""descstop"": 1, ""vidpair"": 2, ""offset"": ""110"", ""content"": ""as you had seen previously, the male and female that were flirting or having fun, was copying each other.They continued to do this, displaying silly acts until she sees a car coming. she doesnt say anything but stops and puts her hands to her face. The male that is copying her also does this but still thinks it is part of the joke and continues walking, walking right in front of a car. The car signels her horn but they male doesnt stop in time and lands on the winshield of the car. he is then launched over the car and onto the floor. The car was going quick i assume as the car then also crashes and flips."", ""importance"": ""7"", ""time"": 150966, ""tag"": ""test_seg2_desc""}"
debugeUIa6:debug6BtOj,13,1663855687477,"{""phase"": ""viewing"", ""vidpath"": ""/static/video/H/filmfest_clip5_H_2_end_catch.mp4"", ""clip#"": ""5"", ""title"": ""the_shoe"", ""vidseg"": 3, ""target"": ""not_target"", ""offset"": ""170"", ""watch_duration"": 36385, ""tag"": ""test_seg3_view""}"
debugeUIa6:debug6BtOj,14,1663855694853,"{""phase"": ""comprehension"", ""status"": ""begin""}"
debugeUIa6:debug6BtOj,15,1663855727083,"{""phase"": ""comprehension"", ""status"": ""submit""}"
debugeUIa6:debug6BtOj,16,1663855727095,"{""phase"": ""postquestionnaire_1"", ""status"": ""begin""}"
debugeUIa6:debug6BtOj,17,1663855860511,"{""phase"": ""postquestionnaire_1"", ""status"": ""submit""}"
debugeUIa6:debug6BtOj,18,1663855860522,"{""phase"": ""postquestionnaire_2"", ""status"": ""begin""}"
debugeUIa6:debug6BtOj,19,1663855966389,"{""phase"": ""postquestionnaire_2"", ""status"": ""submit""}"
debug5GUOs:debugHlNYg,0,1663855322676,"{""phase"": ""INSTRUCTIONS"", ""templates"": [""instructions/instruct-1-1.html"", ""instructions/instruct-1-2.html"", ""instructions/instruct-1-3.html""], ""action"": ""Begin""}"
debug5GUOs:debugHlNYg,1,1663855333376,"{""phase"": ""INSTRUCTIONS"", ""template"": ""instructions/instruct-1-1.html"", ""indexOf"": 0, ""action"": ""NextPage"", ""viewTime"": 10697}"
debug5GUOs:debugHlNYg,2,1663855340041,"{""phase"": ""INSTRUCTIONS"", ""template"": ""instructions/instruct-1-2.html"", ""indexOf"": 1, ""action"": ""NextPage"", ""viewTime"": 6663}"
debug5GUOs:debugHlNYg,3,1663855353004,"{""phase"": ""INSTRUCTIONS"", ""template"": ""instructions/instruct-1-3.html"", ""indexOf"": 2, ""action"": ""FinishInstructions"", ""viewTime"": 12961}"
debug5GUOs:debugHlNYg,4,1663855353009,"{""phase"": ""id_submit"", ""status"": ""begin""}"
debug5GUOs:debugHlNYg,5,1663855361084,"{""phase"": ""id_submit"", ""status"": ""submit""}"
debug5GUOs:debugHlNYg,6,1663855497319,"{""phase"": ""viewing"", ""vidpath"": ""/static/video/Prac/wildebeest_part1.mp4"", ""clip#"": ""5"", ""title"": ""the_shoe"", ""vidseg"": 1, ""target"": ""not_target"", ""offset"": ""12"", ""watch_duration"": 16707, ""tag"": ""prac_segA_view""}"
debug5GUOs:debugHlNYg,7,1663855527413,"{""phase"": ""viewing"", ""vidpath"": ""/static/video/Prac/wildebeest_part2.mp4"", ""clip#"": ""5"", ""title"": ""the_shoe"", ""vidseg"": 2, ""target"": ""target"", ""offset"": ""33"", ""watch_duration"": 20884, ""tag"": ""prac_segB_view""}"
debug5GUOs:debugHlNYg,8,1663855796512,"{""phase"": ""description"", ""counterbalance"": 6, ""vidpath"": ""/static/video/Prac/wildebeest_part2.mp4"", ""descstop"": 1, ""vidpair"": 2, ""offset"": ""33"", ""content"": ""Animal 1 and animal 2 saw something in the lake that looked both like a log and a alligator. Animal 1 said its an alligator whilst animal 2 says its a log. The 2 animals argue over what it is and then animal 1 pokes the object with a stick, nothing happened so he throws a rock at it and nothing happens. He then moves and splashes the water but the object didn't move. He then proceeded to jump onto the object still trying to prove its a alligator"", ""importance"": ""3"", ""time"": 262920, ""tag"": ""prac_segB_desc""}"
debug5GUOs:debugHlNYg,9,1663855819225,"{""phase"": ""viewing"", ""vidpath"": ""/static/video/Prac/wildebeest_part3.mp4"", ""clip#"": ""5"", ""title"": ""the_shoe"", ""vidseg"": 3, ""target"": ""not_target"", ""offset"": ""49"", ""watch_duration"": 16873, ""tag"": ""prac_segC_view""}"
debug5GUOs:debugHlNYg,10,1663856266301,"{""phase"": ""viewing"", ""vidpath"": ""/static/video/G/filmfest_clip5_G_0.mp4"", ""clip#"": ""5"", ""title"": ""the_shoe"", ""vidseg"": 1, ""target"": ""not_target"", ""offset"": ""70"", ""watch_duration"": 70232, ""tag"": ""test_seg1_view""}"
debug5GUOs:debugHlNYg,11,1663856307679,"{""phase"": ""viewing"", ""vidpath"": ""/static/video/G/filmfest_clip5_G_1.mp4"", ""clip#"": ""5"", ""title"": ""the_shoe"", ""vidseg"": 2, ""target"": ""target"", ""offset"": ""100"", ""watch_duration"": 30764, ""tag"": ""test_seg2_view""}"
debug5GUOs:debugHlNYg,12,1663856457527,"{""phase"": ""description"", ""counterbalance"": 6, ""vidpath"": ""/static/video/G/filmfest_clip5_G_1.mp4"", ""descstop"": 1, ""vidpair"": 2, ""offset"": ""100"", ""content"": ""the woman character continued to copy the male character. He started to do a silly dance and she copied that too. She then did a chicken dance and the guy copied her. She pretended to scream as if she was about to get knocked and he copied that too but a ca came speeding behind him and when the woman tried to signal him he copied her moves and the car knocked into him."", ""importance"": ""6"", ""time"": 145897, ""tag"": ""test_seg2_desc""}"
debug5GUOs:debugHlNYg,13,1663856510357,"{""phase"": ""viewing"", ""vidpath"": ""/static/video/G/filmfest_clip5_G_2_end_catch.mp4"", ""clip#"": ""5"", ""title"": ""the_shoe"", ""vidseg"": 3, ""target"": ""not_target"", ""offset"": ""160"", ""watch_duration"": 45444, ""tag"": ""test_seg3_view""}"
debug5GUOs:debugHlNYg,14,1663856874991,"{""phase"": ""comprehension"", ""status"": ""begin""}"
debug5GUOs:debugHlNYg,15,1663856910865,"{""phase"": ""comprehension"", ""status"": ""submit""}"
debug5GUOs:debugHlNYg,16,1663856910868,"{""phase"": ""postquestionnaire_1"", ""status"": ""begin""}"
debug5GUOs:debugHlNYg,17,1663856994026,"{""phase"": ""postquestionnaire_1"", ""status"": ""submit""}"
debug5GUOs:debugHlNYg,18,1663856994029,"{""phase"": ""postquestionnaire_2"", ""status"": ""begin""}"
debug5GUOs:debugHlNYg,19,1663857067224,"{""phase"": ""postquestionnaire_2"", ""status"": ""submit""}"
debugB3MOS:debug46mRg,0,1663855240629,"{""phase"": ""INSTRUCTIONS"", ""templates"": [""instructions/instruct-1-1.html"", ""instructions/instruct-1-2.html"", ""instructions/instruct-1-3.html""], ""action"": ""Begin""}"
debugB3MOS:debug46mRg,1,1663855248921,"{""phase"": ""INSTRUCTIONS"", ""template"": ""instructions/instruct-1-1.html"", ""indexOf"": 0, ""action"": ""NextPage"", ""viewTime"": 8289}"
debugB3MOS:debug46mRg,2,1663855253886,"{""phase"": ""INSTRUCTIONS"", ""template"": ""instructions/instruct-1-2.html"", ""indexOf"": 1, ""action"": ""NextPage"", ""viewTime"": 4964}"
debugB3MOS:debug46mRg,3,1663855264244,"{""phase"": ""INSTRUCTIONS"", ""template"": ""instructions/instruct-1-3.html"", ""indexOf"": 2, ""action"": ""FinishInstructions"", ""viewTime"": 10357}"
debugB3MOS:debug46mRg,4,1663855264248,"{""phase"": ""id_submit"", ""status"": ""begin""}"
debugB3MOS:debug46mRg,5,1663855273165,"{""phase"": ""id_submit"", ""status"": ""submit""}"
debugB3MOS:debug46mRg,6,1663855347477,"{""phase"": ""viewing"", ""vidpath"": ""/static/video/Prac/wildebeest_part1.mp4"", ""clip#"": ""5"", ""title"": ""the_shoe"", ""vidseg"": 1, ""target"": ""not_target"", ""offset"": ""12"", ""watch_duration"": 12605, ""tag"": ""prac_segA_view""}"
debugB3MOS:debug46mRg,7,1663855374301,"{""phase"": ""viewing"", ""vidpath"": ""/static/video/Prac/wildebeest_part2.mp4"", ""clip#"": ""5"", ""title"": ""the_shoe"", ""vidseg"": 2, ""target"": ""target"", ""offset"": ""33"", ""watch_duration"": 20646, ""tag"": ""prac_segB_view""}"
debugB3MOS:debug46mRg,8,1663855498334,"{""phase"": ""description"", ""counterbalance"": 5, ""vidpath"": ""/static/video/Prac/wildebeest_part2.mp4"", ""descstop"": 1, ""vidpair"": 2, ""offset"": ""33"", ""content"": ""the two cows carried on discussing whether it was a log or a crocodile so the second cow threw a rock at it, then prodded it with a stick, tapping it with it foot and then lent its first two hooves on it."", ""importance"": ""5"", ""time"": 118669, ""tag"": ""prac_segB_desc""}"
debugB3MOS:debug46mRg,9,1663855519404,"{""phase"": ""viewing"", ""vidpath"": ""/static/video/Prac/wildebeest_part3.mp4"", ""clip#"": ""5"", ""title"": ""the_shoe"", ""vidseg"": 3, ""target"": ""not_target"", ""offset"": ""49"", ""watch_duration"": 16367, ""tag"": ""prac_segC_view""}"
debugB3MOS:debug46mRg,10,1663855589395,"{""phase"": ""viewing"", ""vidpath"": ""/static/video/F/filmfest_clip5_F_0.mp4"", ""clip#"": ""5"", ""title"": ""the_shoe"", ""vidseg"": 1, ""target"": ""not_target"", ""offset"": ""60"", ""watch_duration"": 60057, ""tag"": ""test_seg1_view""}"
debugB3MOS:debug46mRg,11,1663855629585,"{""phase"": ""viewing"", ""vidpath"": ""/static/video/F/filmfest_clip5_F_1.mp4"", ""clip#"": ""5"", ""title"": ""the_shoe"", ""vidseg"": 2, ""target"": ""target"", ""offset"": ""90"", ""watch_duration"": 30024, ""tag"": ""test_seg2_view""}"
debugB3MOS:debug46mRg,12,1663855701793,"{""phase"": ""description"", ""counterbalance"": 5, ""vidpath"": ""/static/video/F/filmfest_clip5_F_1.mp4"", ""descstop"": 1, ""vidpair"": 2, ""offset"": ""90"", ""content"": ""they carried on walking down the pavement, the woman does a dance move then the man copies, they start to copy each others movements while walking down the opposite pavements to each other."", ""importance"": ""3"", ""time"": 68381, ""tag"": ""test_seg2_desc""}"
debugB3MOS:debug46mRg,13,1663855762022,"{""phase"": ""viewing"", ""vidpath"": ""/static/video/F/filmfest_clip5_F_2_end_catch.mp4"", ""clip#"": ""5"", ""title"": ""the_shoe"", ""vidseg"": 3, ""target"": ""not_target"", ""offset"": ""150"", ""watch_duration"": 55333, ""tag"": ""test_seg3_view""}"
debugB3MOS:debug46mRg,14,1663855767811,"{""phase"": ""comprehension"", ""status"": ""begin""}"
debugB3MOS:debug46mRg,15,1663855808290,"{""phase"": ""comprehension"", ""status"": ""submit""}"
debugB3MOS:debug46mRg,16,1663855808294,"{""phase"": ""postquestionnaire_1"", ""status"": ""begin""}"
debugB3MOS:debug46mRg,17,1663855915976,"{""phase"": ""postquestionnaire_1"", ""status"": ""submit""}"
debugB3MOS:debug46mRg,18,1663855915980,"{""phase"": ""postquestionnaire_2"", ""status"": ""begin""}"
debugB3MOS:debug46mRg,19,1663856057429,"{""phase"": ""postquestionnaire_2"", ""status"": ""submit""}"
debugcn0fX:debugKLyrQ,0,1663855351701,"{""phase"": ""INSTRUCTIONS"", ""templates"": [""instructions/instruct-1-1.html"", ""instructions/instruct-1-2.html"", ""instructions/instruct-1-3.html""], ""action"": ""Begin""}"
debugcn0fX:debugKLyrQ,1,1663855360041,"{""phase"": ""INSTRUCTIONS"", ""template"": ""instructions/instruct-1-1.html"", ""indexOf"": 0, ""action"": ""NextPage"", ""viewTime"": 8334}"
debugcn0fX:debugKLyrQ,2,1663855363415,"{""phase"": ""INSTRUCTIONS"", ""template"": ""instructions/instruct-1-2.html"", ""indexOf"": 1, ""action"": ""NextPage"", ""viewTime"": 3371}"
debugcn0fX:debugKLyrQ,3,1663855369862,"{""phase"": ""INSTRUCTIONS"", ""template"": ""instructions/instruct-1-3.html"", ""indexOf"": 2, ""action"": ""FinishInstructions"", ""viewTime"": 6446}"
debugcn0fX:debugKLyrQ,4,1663855369868,"{""phase"": ""id_submit"", ""status"": ""begin""}"
debugcn0fX:debugKLyrQ,5,1663855375430,"{""phase"": ""id_submit"", ""status"": ""submit""}"
debugcn0fX:debugKLyrQ,6,1663855449108,"{""phase"": ""viewing"", ""vidpath"": ""/static/video/Prac/wildebeest_part1.mp4"", ""clip#"": ""5"", ""title"": ""the_shoe"", ""vidseg"": 1, ""target"": ""not_target"", ""offset"": ""12"", ""watch_duration"": 12581, ""tag"": ""prac_segA_view""}"
debugcn0fX:debugKLyrQ,7,1663855476953,"{""phase"": ""viewing"", ""vidpath"": ""/static/video/Prac/wildebeest_part2.mp4"", ""clip#"": ""5"", ""title"": ""the_shoe"", ""vidseg"": 2, ""target"": ""target"", ""offset"": ""33"", ""watch_duration"": 20638, ""tag"": ""prac_segB_view""}"
debugcn0fX:debugKLyrQ,8,1663855616369,"{""phase"": ""description"", ""counterbalance"": 1, ""vidpath"": ""/static/video/Prac/wildebeest_part2.mp4"", ""descstop"": 1, ""vidpair"": 2, ""offset"": ""33"", ""content"": ""The Two beasts stood by the edge of the water are trying to decide if the item in the water is either a crocodile or a log.  To try to see which one is right they have thrown a stone, poked a stick and splashed some water.  This didn't get any movement so one of the beasts has jumped on the item on the water"", ""importance"": ""6"", ""time"": 131273, ""tag"": ""prac_segB_desc""}"
debugcn0fX:debugKLyrQ,9,1663855638987,"{""phase"": ""viewing"", ""vidpath"": ""/static/video/Prac/wildebeest_part3.mp4"", ""clip#"": ""5"", ""title"": ""the_shoe"", ""vidseg"": 3, ""target"": ""not_target"", ""offset"": ""49"", ""watch_duration"": 16385, ""tag"": ""prac_segC_view""}"
debugcn0fX:debugKLyrQ,10,1663855671323,"{""phase"": ""viewing"", ""vidpath"": ""/static/video/B/filmfest_clip5_B_0.mp4"", ""clip#"": ""5"", ""title"": ""the_shoe"", ""vidseg"": 1, ""target"": ""not_target"", ""offset"": ""20"", ""watch_duration"": 20009, ""tag"": ""test_seg1_view""}"
debugcn0fX:debugKLyrQ,11,1663855709005,"{""phase"": ""viewing"", ""vidpath"": ""/static/video/B/filmfest_clip5_B_1.mp4"", ""clip#"": ""5"", ""title"": ""the_shoe"", ""vidseg"": 2, ""target"": ""target"", ""offset"": ""50"", ""watch_duration"": 30066, ""tag"": ""test_seg2_view""}"
debugcn0fX:debugKLyrQ,12,1663855862750,"{""phase"": ""description"", ""counterbalance"": 1, ""vidpath"": ""/static/video/B/filmfest_clip5_B_1.mp4"", ""descstop"": 1, ""vidpair"": 2, ""offset"": ""50"", ""content"": ""The clip started with music and view of a bloke tapping his foot to music.   The scene then changed to the bloke dropping a wrapper on the floor and opening a carton of milk.  When the milk carton was opened the bloke looked inside and then leant on his car and drank the milk.    The shot then went to a girl walking along the street "", ""importance"": ""5"", ""time"": 145746, ""tag"": ""test_seg2_desc""}"
debugcn0fX:debugKLyrQ,13,1663855926774,"{""phase"": ""viewing"", ""vidpath"": ""/static/video/B/filmfest_clip5_B_2.mp4"", ""clip#"": ""5"", ""title"": ""the_shoe"", ""vidseg"": 3, ""target"": ""not_target"", ""offset"": ""110"", ""watch_duration"": 60039, ""tag"": ""test_seg3_view""}"
debugcn0fX:debugKLyrQ,14,1663855963119,"{""phase"": ""viewing"", ""vidpath"": ""/static/video/B/filmfest_clip5_B_3.mp4"", ""clip#"": ""5"", ""title"": ""the_shoe"", ""vidseg"": 4, ""target"": ""target"", ""offset"": ""140"", ""watch_duration"": 25129, ""tag"": ""test_seg4_view""}"
debugcn0fX:debugKLyrQ,15,1663856184011,"{""phase"": ""description"", ""counterbalance"": 1, ""vidpath"": ""/static/video/B/filmfest_clip5_B_3.mp4"", ""descstop"": 2, ""vidpair"": 4, ""offset"": ""140"", ""content"": ""the bloke was leaning on the car which turns out to be a another guys - the bloke drinking the milk is busy looking at the girl across the road so doesn't see the guy until he tells him to move off his car.  The guy drinking his milk moves and then trips - the girl across the road starts to mirror the blokes actions (they both start doing stupid moves waving, hand jesters etc..)  The bloke doesn't see the car approaching him and even though the girl tries to warn him he walks straight out in front of the moving car.  The bloke hits the windscreen and the final scene sees his shoe go flying and land near the girl"", ""importance"": ""7"", ""time"": 219474, ""tag"": ""test_seg4_desc""}"
debugcn0fX:debugKLyrQ,16,1663856199311,"{""phase"": ""viewing"", ""vidpath"": ""/static/video/B/filmfest_clip5_B_4_end_catch.mp4"", ""clip#"": ""5"", ""title"": ""the_shoe"", ""vidseg"": 5, ""target"": ""not_target"", ""offset"": ""200"", ""watch_duration"": 11130, ""tag"": ""test_seg5_view""}"
debugcn0fX:debugKLyrQ,17,1663856207634,"{""phase"": ""comprehension"", ""status"": ""begin""}"
debugcn0fX:debugKLyrQ,18,1663856248091,"{""phase"": ""comprehension"", ""status"": ""submit""}"
debugcn0fX:debugKLyrQ,19,1663856248096,"{""phase"": ""postquestionnaire_1"", ""status"": ""begin""}"
debugcn0fX:debugKLyrQ,20,1663856327900,"{""phase"": ""postquestionnaire_1"", ""status"": ""submit""}"
debugcn0fX:debugKLyrQ,21,1663856327903,"{""phase"": ""postquestionnaire_2"", ""status"": ""begin""}"
debugcn0fX:debugKLyrQ,22,1663856380676,"{""phase"": ""postquestionnaire_2"", ""status"": ""submit""}"
debugtwDNV:debugfsuhf,0,1663855279719,"{""phase"": ""INSTRUCTIONS"", ""templates"": [""instructions/instruct-1-1.html"", ""instructions/instruct-1-2.html"", ""instructions/instruct-1-3.html""], ""action"": ""Begin""}"
debugtwDNV:debugfsuhf,1,1663855286395,"{""phase"": ""INSTRUCTIONS"", ""template"": ""instructions/instruct-1-1.html"", ""indexOf"": 0, ""action"": ""NextPage"", ""viewTime"": 6674}"
debugtwDNV:debugfsuhf,2,1663855293089,"{""phase"": ""INSTRUCTIONS"", ""template"": ""instructions/instruct-1-2.html"", ""indexOf"": 1, ""action"": ""NextPage"", ""viewTime"": 6691}"
debugtwDNV:debugfsuhf,3,1663855305696,"{""phase"": ""INSTRUCTIONS"", ""template"": ""instructions/instruct-1-3.html"", ""indexOf"": 2, ""action"": ""FinishInstructions"", ""viewTime"": 12605}"
debugtwDNV:debugfsuhf,4,1663855305703,"{""phase"": ""id_submit"", ""status"": ""begin""}"
debugtwDNV:debugfsuhf,5,1663855313603,"{""phase"": ""id_submit"", ""status"": ""submit""}"
debugtwDNV:debugfsuhf,6,1663855389219,"{""phase"": ""viewing"", ""vidpath"": ""/static/video/Prac/wildebeest_part1.mp4"", ""clip#"": ""5"", ""title"": ""the_shoe"", ""vidseg"": 1, ""target"": ""not_target"", ""offset"": ""12"", ""watch_duration"": 13184, ""tag"": ""prac_segA_view""}"
debugtwDNV:debugfsuhf,7,1663855416921,"{""phase"": ""viewing"", ""vidpath"": ""/static/video/Prac/wildebeest_part2.mp4"", ""clip#"": ""5"", ""title"": ""the_shoe"", ""vidseg"": 2, ""target"": ""target"", ""offset"": ""33"", ""watch_duration"": 20630, ""tag"": ""prac_segB_view""}"
debugtwDNV:debugfsuhf,8,1663855643471,"{""phase"": ""description"", ""counterbalance"": 8, ""vidpath"": ""/static/video/Prac/wildebeest_part2.mp4"", ""descstop"": 1, ""vidpair"": 2, ""offset"": ""33"", ""content"": ""The two Antalope are still standing at the edge of the watering hole and they are looking at something in the water it is half submerged and they are arguing back and forth about wht it is one thins it an aligator and the other thinks its a Log. the one that thinks is an aligator tryies to proove it by throwing a rock at it but the other antilope still says its a log because the stone gets no reactiong from the thing in the water again the first antilope tries to get a reaction for the thing in the water buy splashing it but again there is no reaction so the second antiloe still thinks it a log. The first antilope then jumps on to the back of the thing in the water"", ""importance"": ""5"", ""time"": 222951, ""tag"": ""prac_segB_desc""}"
debugtwDNV:debugfsuhf,9,1663855665028,"{""phase"": ""viewing"", ""vidpath"": ""/static/video/Prac/wildebeest_part3.mp4"", ""clip#"": ""5"", ""title"": ""the_shoe"", ""vidseg"": 3, ""target"": ""not_target"", ""offset"": ""49"", ""watch_duration"": 16594, ""tag"": ""prac_segC_view""}"
debugtwDNV:debugfsuhf,10,1663855778922,"{""phase"": ""viewing"", ""vidpath"": ""/static/video/I/filmfest_clip5_I_0.mp4"", ""clip#"": ""5"", ""title"": ""the_shoe"", ""vidseg"": 1, ""target"": ""not_target"", ""offset"": ""90"", ""watch_duration"": 90032, ""tag"": ""test_seg1_view""}"
debugtwDNV:debugfsuhf,11,1663855816122,"{""phase"": ""viewing"", ""vidpath"": ""/static/video/I/filmfest_clip5_I_1.mp4"", ""clip#"": ""5"", ""title"": ""the_shoe"", ""vidseg"": 2, ""target"": ""target"", ""offset"": ""120"", ""watch_duration"": 30049, ""tag"": ""test_seg2_view""}"
debugtwDNV:debugfsuhf,12,1663856133818,"{""phase"": ""description"", ""counterbalance"": 8, ""vidpath"": ""/static/video/I/filmfest_clip5_I_1.mp4"", ""descstop"": 1, ""vidpair"": 2, ""offset"": ""120"", ""content"": ""the man and the girl are still walking down either side of the street the man is copting the girls actions its fun and silly the girl puts her hands to her face and the man follows her actions, we see in the background a car is coming. The girl waves franticly at the mand to warn him but he is still copying her actions and is unaware of the car. The man still copying the girl steps out in to the traffic and the car hit him. We see the man smashing in to the windscreen and the car driving off hte road and crashing in to some road works this makes the car go up into the air and it comes crashing back down again all of the front of the car is smashed in you cant see the man but the girl is looking up and we the shoe from the opening sequeance land on the floor as it was in the begining"", ""importance"": ""5"", ""time"": 314810, ""tag"": ""test_seg2_desc""}"
debugtwDNV:debugfsuhf,13,1663856163211,"{""phase"": ""viewing"", ""vidpath"": ""/static/video/I/filmfest_clip5_I_2_end_catch.mp4"", ""clip#"": ""5"", ""title"": ""the_shoe"", ""vidseg"": 3, ""target"": ""not_target"", ""offset"": ""180"", ""watch_duration"": 24820, ""tag"": ""test_seg3_view""}"
debugtwDNV:debugfsuhf,14,1663856181994,"{""phase"": ""comprehension"", ""status"": ""begin""}"
debugtwDNV:debugfsuhf,15,1663856239849,"{""phase"": ""comprehension"", ""status"": ""submit""}"
debugtwDNV:debugfsuhf,16,1663856239853,"{""phase"": ""postquestionnaire_1"", ""status"": ""begin""}"
debugtwDNV:debugfsuhf,17,1663856344388,"{""phase"": ""postquestionnaire_1"", ""status"": ""submit""}"
debugtwDNV:debugfsuhf,18,1663856344393,"{""phase"": ""postquestionnaire_2"", ""status"": ""begin""}"
debugtwDNV:debugfsuhf,19,1663856449359,"{""phase"": ""postquestionnaire_2"", ""status"": ""submit""}"
