debugkpRTb:debugCWMmo,initialized,0,,1703167883926
debugkpRTb:debugCWMmo,window_resize,0,"[1024, 768]",1703167883926
debugkpRTb:debugCWMmo,focus,180,on,1703167884106
debugkpRTb:debugCWMmo,window_resize,4721,"[1558, 768]",1703167888827
debugkpRTb:debugCWMmo,window_resize,760,"[1539, 768]",1703167889587
debugkpRTb:debugCWMmo,window_resize,13412,"[1600, 900]",1703167902999
debug1M41i:debug1CKXP,initialized,0,,1701964571671
debug1M41i:debug1CKXP,window_resize,0,"[1024, 767]",1701964571671
debug1M41i:debug1CKXP,focus,30693,off,1701964602364
debug1M41i:debug1CKXP,focus,3994,on,1701964606358
debugjg1Gf:debugWZ5sG,initialized,0,,1702748895276
debugjg1Gf:debugWZ5sG,window_resize,0,"[1024, 768]",1702748895276
debugjg1Gf:debugWZ5sG,focus,88,on,1702748895364
debugjg1Gf:debugWZ5sG,focus,15746,off,1702748911110
debugjg1Gf:debugWZ5sG,focus,3997,on,1702748915107
debugjg1Gf:debugWZ5sG,focus,41896,off,1702748957003
debugjg1Gf:debugWZ5sG,focus,482067,on,1702749439070
debugjg1Gf:debugWZ5sG,focus,9160,off,1702749448230
debugjg1Gf:debugWZ5sG,focus,13321,on,1702749461551
debugjg1Gf:debugWZ5sG,focus,64322,off,1702749525873
debugjg1Gf:debugWZ5sG,focus,18644,on,1702749544517
debugjg1Gf:debugWZ5sG,focus,6178,off,1702749550695
debugjg1Gf:debugWZ5sG,focus,68146,on,1702749618841
debugjg1Gf:debugWZ5sG,focus,1975,off,1702749620816
debugjg1Gf:debugWZ5sG,focus,32618,on,1702749653434
debugjg1Gf:debugWZ5sG,focus,37867,off,1702749691301
debugjg1Gf:debugWZ5sG,focus,2046,on,1702749693347
debugjg1Gf:debugWZ5sG,focus,854,off,1702749694201
debugjg1Gf:debugWZ5sG,focus,1826,on,1702749696027
debugjg1Gf:debugWZ5sG,focus,1752,off,1702749697779
debugjg1Gf:debugWZ5sG,focus,38814,on,1702749736593
debugjg1Gf:debugWZ5sG,focus,406258,off,1702750142851
debugjg1Gf:debugWZ5sG,focus,57425,on,1702750200276
debugcgz5O:debugaDCZ1,initialized,0,,1701961187031
debugcgz5O:debugaDCZ1,window_resize,0,"[1024, 767]",1701961187031
debugcgz5O:debugaDCZ1,focus,17339,off,1701961204370
debugcgz5O:debugaDCZ1,focus,7335,on,1701961211705
debug2KDMJ:debugzNpWN,initialized,0,,1701964679187
debug2KDMJ:debugzNpWN,window_resize,0,"[1024, 767]",1701964679187
debug2KDMJ:debugzNpWN,focus,36469,off,1701964715656
debug2KDMJ:debugzNpWN,focus,2645,on,1701964718301
debugQ9mQ2:debugMpf2f,initialized,0,,1701961192665
debugQ9mQ2:debugMpf2f,window_resize,0,"[1024, 740]",1701961192665
debugQ9mQ2:debugMpf2f,focus,21142,off,1701961213807
debugQ9mQ2:debugMpf2f,focus,3212,on,1701961217019
debugQ9mQ2:debugMpf2f,focus,907,off,1701961217926
debugQ9mQ2:debugMpf2f,focus,6395,on,1701961224321
debugQ9mQ2:debugMpf2f,window_resize,40949,"[1238, 786]",1701961265270
debugQ9mQ2:debugMpf2f,window_resize,1341,"[1440, 786]",1701961266611
debugQ9mQ2:debugMpf2f,focus,419948,off,1701961686559
debugQ9mQ2:debugMpf2f,focus,11183,on,1701961697742
debugQ9mQ2:debugMpf2f,focus,2195,off,1701961699937
debugQ9mQ2:debugMpf2f,focus,2457,on,1701961702394
debugQ9mQ2:debugMpf2f,focus,1067,off,1701961703461
debugQ9mQ2:debugMpf2f,focus,6278,on,1701961709739
debugQ9mQ2:debugMpf2f,focus,94555,off,1701961804294
debugQ9mQ2:debugMpf2f,focus,4416,on,1701961808710
debugGaxQW:debugPDMdj,initialized,0,,1701965726127
debugGaxQW:debugPDMdj,window_resize,1,"[1024, 654]",1701965726128
debugGaxQW:debugPDMdj,focus,1642,off,1701965727770
debugGaxQW:debugPDMdj,focus,3233,on,1701965731003
debugGaxQW:debugPDMdj,focus,46256,off,1701965777259
debugGaxQW:debugPDMdj,focus,5385,on,1701965782644
debugGaxQW:debugPDMdj,focus,1008243,off,1701966790887
debugGaxQW:debugPDMdj,focus,120519,on,1701966911406
debugGaxQW:debugPDMdj,focus,2222,off,1701966913628
debugGaxQW:debugPDMdj,focus,18615,on,1701966932243
debugGaxQW:debugPDMdj,focus,101484,off,1701967033727
debugGaxQW:debugPDMdj,focus,68912,on,1701967102639
debugGaxQW:debugPDMdj,focus,839552,off,1701967942191
debugGaxQW:debugPDMdj,focus,58518,on,1701968000709
debugYqMhb:debug81c24,initialized,0,,1701963021208
debugYqMhb:debug81c24,window_resize,0,"[1024, 768]",1701963021208
debugYqMhb:debug81c24,focus,18940,off,1701963040148
debugYqMhb:debug81c24,focus,6884,on,1701963047032
debugYqMhb:debug81c24,window_resize,88006,"[2560, 1326]",1701963135038
debugYqMhb:debug81c24,focus,1589850,off,1701964724888
debugYqMhb:debug81c24,focus,50603,on,1701964775491
debugLyxyy:debugSyGlo,initialized,0,,1701963985718
debugLyxyy:debugSyGlo,window_resize,0,"[1273, 812]",1701963985718
debugLyxyy:debugSyGlo,focus,28339,off,1701964014057
debugLyxyy:debugSyGlo,focus,4076,on,1701964018133
debugLyxyy:debugSyGlo,focus,478664,off,1701964496797
debugLyxyy:debugSyGlo,focus,254,on,1701964497051
debuge45UY:debug25Ute,initialized,0,,1703350168933
debuge45UY:debug25Ute,window_resize,0,"[2560, 1342]",1703350168933
debugGepSX:debugWps3A,initialized,0,,1698250768108
debugGepSX:debugWps3A,window_resize,0,"[1024, 767]",1698250768108
debugGepSX:debugWps3A,window_resize,38826,"[1600, 802]",1698250806934
debug6OKp9:debugskorg,initialized,0,,1695883670224
debug6OKp9:debugskorg,window_resize,0,"[1028, 778]",1695883670224
debug6OKp9:debugskorg,focus,304573,off,1695883974797
debug6OKp9:debugskorg,focus,62368,on,1695884037165
debug6OKp9:debugskorg,focus,22262,off,1695884059427
debug6OKp9:debugskorg,focus,85367,on,1695884144794
debug6OKp9:debugskorg,focus,3197,off,1695884147991
debug6OKp9:debugskorg,focus,33126,on,1695884181117
debug5DFeq:debugsoPz5,initialized,0,,1698251571406
debug5DFeq:debugsoPz5,window_resize,0,"[1024, 660]",1698251571406
debug5DFeq:debugsoPz5,window_resize,49599,"[1366, 768]",1698251621005
debugPv44K:debug8ggFa,initialized,0,,1701963981478
debugPv44K:debug8ggFa,window_resize,0,"[1536, 766]",1701963981478
debuglZzLa:debugj9FJ4,initialized,0,,1698251123698
debuglZzLa:debugj9FJ4,window_resize,17,"[980, 1650]",1698251123715
debuglZzLa:debugj9FJ4,window_resize,35942,"[980, 1650]",1698251159657
debuglZzLa:debugj9FJ4,window_resize,990,"[980, 1650]",1698251160647
debuglZzLa:debugj9FJ4,window_resize,2194,"[980, 1650]",1698251162841
debuglZzLa:debugj9FJ4,window_resize,172119,"[980, 1650]",1698251334960
debuglZzLa:debugj9FJ4,window_resize,824,"[980, 1650]",1698251335784
debuglZzLa:debugj9FJ4,window_resize,1722,"[980, 1650]",1698251337506
debugBf6iJ:debugdHSZb,initialized,0,,1702480016539
debugBf6iJ:debugdHSZb,window_resize,0,"[1028, 752]",1702480016539
debugBf6iJ:debugdHSZb,window_resize,24215,"[1012, 752]",1702480040754
debugBf6iJ:debugdHSZb,window_resize,360,"[1010, 752]",1702480041114
debugBf6iJ:debugdHSZb,window_resize,448,"[759, 752]",1702480041562
debugBf6iJ:debugdHSZb,window_resize,1218,"[699, 752]",1702480042780
debugBf6iJ:debugdHSZb,window_resize,439,"[684, 752]",1702480043219
debugBf6iJ:debugdHSZb,window_resize,1502,"[744, 752]",1702480044721
debugBf6iJ:debugdHSZb,window_resize,929,"[766, 752]",1702480045650
debugBf6iJ:debugdHSZb,window_resize,14545,"[1536, 766]",1702480060195
debugBf6iJ:debugdHSZb,window_resize,1603,"[766, 752]",1702480061798
debugBf6iJ:debugdHSZb,focus,15470,off,1702480077268
debugBf6iJ:debugdHSZb,focus,26732,on,1702480104000
debugBf6iJ:debugdHSZb,window_resize,290709,"[800, 752]",1702480394709
debugBf6iJ:debugdHSZb,window_resize,456,"[807, 752]",1702480395165
debugBf6iJ:debugdHSZb,focus,6423,off,1702480401588
debugBf6iJ:debugdHSZb,focus,13122,on,1702480414710
debugBf6iJ:debugdHSZb,focus,21662,off,1702480436372
debugBf6iJ:debugdHSZb,focus,4335,on,1702480440707
debugBf6iJ:debugdHSZb,focus,36681,off,1702480477388
debugBf6iJ:debugdHSZb,focus,24360,on,1702480501748
debugBf6iJ:debugdHSZb,focus,37393,off,1702480539141
debugBf6iJ:debugdHSZb,focus,7538,on,1702480546679
debugBf6iJ:debugdHSZb,focus,2152,off,1702480548831
debugBf6iJ:debugdHSZb,focus,6283,on,1702480555114
debugBf6iJ:debugdHSZb,focus,4686,off,1702480559800
debugBf6iJ:debugdHSZb,focus,3778,on,1702480563578
debugBf6iJ:debugdHSZb,focus,33859,off,1702480597437
debugBf6iJ:debugdHSZb,focus,55287,on,1702480652724
debugBf6iJ:debugdHSZb,focus,242118,off,1702480894842
debugBf6iJ:debugdHSZb,focus,8191,on,1702480903033
debugBf6iJ:debugdHSZb,focus,31090,off,1702480934123
debugBf6iJ:debugdHSZb,focus,39103,on,1702480973226
debugBf6iJ:debugdHSZb,focus,18151,off,1702480991377
debugBf6iJ:debugdHSZb,focus,55321,on,1702481046698
debugBf6iJ:debugdHSZb,focus,5747,off,1702481052445
debugBf6iJ:debugdHSZb,focus,7775,on,1702481060220
debugBf6iJ:debugdHSZb,focus,19657,off,1702481079877
debugBf6iJ:debugdHSZb,focus,46588,on,1702481126465
debugBf6iJ:debugdHSZb,window_resize,137544,"[747, 752]",1702481264009
debugBf6iJ:debugdHSZb,window_resize,1026,"[770, 752]",1702481265035
debugBf6iJ:debugdHSZb,focus,1601,off,1702481266636
debugBf6iJ:debugdHSZb,focus,66772,on,1702481333408
debugBf6iJ:debugdHSZb,focus,4505,off,1702481337913
debugBf6iJ:debugdHSZb,focus,144441,on,1702481482354
debugBf6iJ:debugdHSZb,focus,47648,off,1702481530002
debugBf6iJ:debugdHSZb,focus,8261,on,1702481538263
debugBf6iJ:debugdHSZb,focus,77094,off,1702481615357
debugBf6iJ:debugdHSZb,focus,13432,on,1702481628789
debugBf6iJ:debugdHSZb,focus,13753,off,1702481642542
debugBf6iJ:debugdHSZb,focus,23357,on,1702481665899
debugBf6iJ:debugdHSZb,focus,18007,off,1702481683906
debugBf6iJ:debugdHSZb,focus,1373,on,1702481685279
debugBf6iJ:debugdHSZb,focus,31064,off,1702481716343
debugBf6iJ:debugdHSZb,focus,15465,on,1702481731808
debugBf6iJ:debugdHSZb,focus,38435,off,1702481770243
debugBf6iJ:debugdHSZb,focus,3361,on,1702481773604
debugBf6iJ:debugdHSZb,focus,74896,off,1702481848500
debugBf6iJ:debugdHSZb,focus,10790,on,1702481859290
debugBf6iJ:debugdHSZb,focus,36521,off,1702481895811
debugBf6iJ:debugdHSZb,focus,6974,on,1702481902785
debugBf6iJ:debugdHSZb,window_resize,98770,"[1536, 766]",1702482001555
debugBf6iJ:debugdHSZb,window_resize,34326,"[770, 752]",1702482035881
debugYo1iD:debugZfNJz,initialized,0,,1703175185464
debugYo1iD:debugZfNJz,window_resize,0,"[1024, 765]",1703175185464
debugYo1iD:debugZfNJz,window_resize,19417,"[1440, 865]",1703175204881
debugbqxLk:debugFqAPX,initialized,0,,1701963985709
debugbqxLk:debugFqAPX,window_resize,0,"[1024, 767]",1701963985709
debugbqxLk:debugFqAPX,window_resize,16877,"[1920, 1020]",1701964002586
debug1NrJx:debughTNWL,initialized,0,,1701961205571
debug1NrJx:debughTNWL,window_resize,0,"[1024, 768]",1701961205571
debug1NrJx:debughTNWL,window_resize,20471,"[1920, 978]",1701961226042
debug1NrJx:debughTNWL,focus,9507,off,1701961235549
debug1NrJx:debughTNWL,focus,5573,on,1701961241122
debug2EcpU:debugsA7DU,initialized,0,,1701964038191
debug2EcpU:debugsA7DU,window_resize,0,"[1024, 767]",1701964038191
debug2EcpU:debugsA7DU,focus,496208,off,1701964534399
debug2EcpU:debugsA7DU,focus,8588,on,1701964542987
debugIrQkz:debugDx9NN,initialized,0,,1702748918030
debugIrQkz:debugDx9NN,window_resize,0,"[1440, 779]",1702748918030
debugIrQkz:debugDx9NN,focus,18700,off,1702748936730
debugIrQkz:debugDx9NN,focus,2577,on,1702748939307
debugho57q:debugJjssZ,initialized,0,,1698251250896
debugho57q:debugJjssZ,window_resize,0,"[1024, 768]",1698251250896
debugho57q:debugJjssZ,focus,133,on,1698251251029
debugho57q:debugJjssZ,window_resize,17918,"[1440, 806]",1698251268947
debugW7an8:debugMyBCD,initialized,0,,1703353352064
debugW7an8:debugMyBCD,window_resize,0,"[1024, 767]",1703353352064
debugW7an8:debugMyBCD,window_resize,33159,"[2240, 1225]",1703353385223
debugrV03N:debug6Hlo7,initialized,0,,1698251514856
debugrV03N:debug6Hlo7,window_resize,0,"[1024, 767]",1698251514856
debugrV03N:debug6Hlo7,window_resize,22764,"[1440, 900]",1698251537620
debug5Dpnz:debug1Dyad,initialized,0,,1703606106316
debug5Dpnz:debug1Dyad,window_resize,0,"[1024, 768]",1703606106316
debug5Dpnz:debug1Dyad,focus,117,on,1703606106433
debug5Dpnz:debug1Dyad,focus,1821,off,1703606108254
debug5Dpnz:debug1Dyad,focus,2670,on,1703606110924
debug5Dpnz:debug1Dyad,window_resize,8600,"[2560, 1328]",1703606119524
debugLn3ba:debug006HG,initialized,0,,1702480029144
debugLn3ba:debug006HG,window_resize,1,"[1366, 651]",1702480029145
debugLn3ba:debug006HG,focus,511714,off,1702480540859
debugLn3ba:debug006HG,focus,1216,on,1702480542075
debugLn3ba:debug006HG,focus,104936,off,1702480647011
debugLn3ba:debug006HG,focus,49,on,1702480647060
debugLn3ba:debug006HG,focus,747,off,1702480647807
debugLn3ba:debug006HG,focus,31,on,1702480647838
debugLn3ba:debug006HG,focus,471873,off,1702481119711
debugLn3ba:debug006HG,focus,1638,on,1702481121349
debug1vcfH:debugvS1b7,initialized,0,,1698251338916
debug1vcfH:debugvS1b7,window_resize,0,"[1024, 767]",1698251338916
debug1vcfH:debugvS1b7,focus,359,off,1698251339275
debug1vcfH:debugvS1b7,focus,2030,on,1698251341305
debug1vcfH:debugvS1b7,focus,102154,off,1698251443459
debug1vcfH:debugvS1b7,focus,6109,on,1698251449568
debug1vcfH:debugvS1b7,focus,8395,off,1698251457963
debug1vcfH:debugvS1b7,focus,17355,on,1698251475318
debug1vcfH:debugvS1b7,focus,1564,off,1698251476882
debug1vcfH:debugvS1b7,focus,3452,on,1698251480334
debug1vcfH:debugvS1b7,focus,277237,off,1698251757571
debug1vcfH:debugvS1b7,focus,129954,on,1698251887525
debug1vcfH:debugvS1b7,focus,162517,off,1698252050042
debug1vcfH:debugvS1b7,focus,14068,on,1698252064110
debug1vcfH:debugvS1b7,focus,43908,off,1698252108018
debug1vcfH:debugvS1b7,focus,14132,on,1698252122150
debug1vcfH:debugvS1b7,focus,57492,off,1698252179642
debug1vcfH:debugvS1b7,focus,20788,on,1698252200430
debug1vcfH:debugvS1b7,focus,135100,off,1698252335530
debug1vcfH:debugvS1b7,focus,2229,on,1698252337759
debug1vcfH:debugvS1b7,focus,867,off,1698252338626
debug1vcfH:debugvS1b7,focus,989,on,1698252339615
debug1vcfH:debugvS1b7,focus,582515,off,1698252922130
debug1vcfH:debugvS1b7,focus,66414,on,1698252988544
debug1vcfH:debugvS1b7,focus,3266,off,1698252991810
debug1vcfH:debugvS1b7,focus,47402,on,1698253039212
debug1vcfH:debugvS1b7,focus,3166,off,1698253042378
debug1vcfH:debugvS1b7,focus,858,on,1698253043236
debug1vcfH:debugvS1b7,focus,67534,off,1698253110770
debug1vcfH:debugvS1b7,focus,653,on,1698253111423
debug1vcfH:debugvS1b7,focus,179,off,1698253111602
debug1vcfH:debugvS1b7,focus,262,on,1698253111864
debug1vcfH:debugvS1b7,focus,114,off,1698253111978
debug1vcfH:debugvS1b7,focus,573,on,1698253112551
debug1vcfH:debugvS1b7,focus,387,off,1698253112938
debug1vcfH:debugvS1b7,focus,6757,on,1698253119695
debug1vcfH:debugvS1b7,focus,579,off,1698253120274
debug1vcfH:debugvS1b7,focus,950,on,1698253121224
debug1vcfH:debugvS1b7,focus,410,off,1698253121634
debug1vcfH:debugvS1b7,focus,703,on,1698253122337
debug1vcfH:debugvS1b7,focus,401,off,1698253122738
debug1vcfH:debugvS1b7,focus,853,on,1698253123591
debug1vcfH:debugvS1b7,focus,539,off,1698253124130
debug1vcfH:debugvS1b7,focus,837,on,1698253124967
debug1vcfH:debugvS1b7,focus,451,off,1698253125418
debug1vcfH:debugvS1b7,focus,1205,on,1698253126623
debug1vcfH:debugvS1b7,focus,3211,off,1698253129834
debug1vcfH:debugvS1b7,focus,566,on,1698253130400
debug1vcfH:debugvS1b7,focus,194,off,1698253130594
debug1vcfH:debugvS1b7,focus,5915,on,1698253136509
debug1vcfH:debugvS1b7,focus,3693,off,1698253140202
debug1vcfH:debugvS1b7,focus,30283,on,1698253170485
debug1vcfH:debugvS1b7,focus,25789,off,1698253196274
debug1vcfH:debugvS1b7,focus,1774,on,1698253198048
debug1vcfH:debugvS1b7,focus,10778,off,1698253208826
debug1vcfH:debugvS1b7,focus,6165,on,1698253214991
debug1vcfH:debugvS1b7,focus,235,off,1698253215226
debug1vcfH:debugvS1b7,focus,389,on,1698253215615
debug1vcfH:debugvS1b7,focus,2771,off,1698253218386
debug1vcfH:debugvS1b7,focus,2374,on,1698253220760
debug1vcfH:debugvS1b7,focus,185,off,1698253220945
debug1vcfH:debugvS1b7,focus,671,on,1698253221616
debug1vcfH:debugvS1b7,focus,601,off,1698253222217
debug1vcfH:debugvS1b7,focus,9165,on,1698253231382
debug1vcfH:debugvS1b7,focus,71389,off,1698253302771
debug1vcfH:debugvS1b7,focus,874,on,1698253303645
debug1vcfH:debugvS1b7,focus,1981,off,1698253305626
debug1vcfH:debugvS1b7,focus,58523,on,1698253364149
debug1vcfH:debugvS1b7,focus,54596,off,1698253418745
debug1vcfH:debugvS1b7,focus,11302,on,1698253430047
debug1vcfH:debugvS1b7,focus,237970,off,1698253668017
debug1vcfH:debugvS1b7,focus,7277,on,1698253675294
debug1vcfH:debugvS1b7,focus,166699,off,1698253841993
debug1vcfH:debugvS1b7,focus,12051,on,1698253854044
debugyGfOU:debughU1bZ,initialized,0,,1702748903742
debugyGfOU:debughU1bZ,window_resize,0,"[1024, 767]",1702748903742
debugyGfOU:debughU1bZ,window_resize,4955,"[1920, 974]",1702748908697
debugyGfOU:debughU1bZ,focus,649379,off,1702749558076
debugyGfOU:debughU1bZ,focus,793000,on,1702750351076
debugJ0in0:debugBFlPM,initialized,0,,1703258242668
debugJ0in0:debugBFlPM,window_resize,0,"[1024, 767]",1703258242668
debugJ0in0:debugBFlPM,window_resize,16232,"[1440, 865]",1703258258900
debugJ0in0:debugBFlPM,window_resize,7825,"[1024, 767]",1703258266725
debugJ0in0:debugBFlPM,focus,2492,off,1703258269217
debugJ0in0:debugBFlPM,focus,2205,on,1703258271422
debugJ0in0:debugBFlPM,window_resize,11521,"[1440, 865]",1703258282943
debugmaX9U:debugEANau,initialized,0,,1698251184513
debugmaX9U:debugEANau,window_resize,0,"[1028, 778]",1698251184513
debugmaX9U:debugEANau,window_resize,19618,"[1472, 806]",1698251204131
debugmaX9U:debugEANau,window_resize,10666,"[1028, 778]",1698251214797
debugmaX9U:debugEANau,focus,2132,off,1698251216929
debugmaX9U:debugEANau,focus,4383,on,1698251221312
debugmaX9U:debugEANau,window_resize,2050,"[1472, 806]",1698251223362
debugq5yvR:debugemj6y,initialized,0,,1698253956455
debugq5yvR:debugemj6y,window_resize,0,"[1024, 767]",1698253956455
debugq5yvR:debugemj6y,window_resize,153408,"[1920, 974]",1698254109863
debugq5yvR:debugemj6y,focus,969588,off,1698255079451
debugq5yvR:debugemj6y,focus,7881,on,1698255087332
debugDA6I9:debugkhoVI,initialized,0,,1701961217422
debugDA6I9:debugkhoVI,window_resize,0,"[1920, 974]",1701961217422
debugDA6I9:debugkhoVI,focus,4415,off,1701961221837
debugDA6I9:debugkhoVI,focus,2514,on,1701961224351
debugDA6I9:debugkhoVI,window_resize,23655,"[1920, 1080]",1701961248006
debugDA6I9:debugkhoVI,focus,5481,off,1701961253487
debugDA6I9:debugkhoVI,window_resize,1069,"[1920, 1079]",1701961254556
debugDA6I9:debugkhoVI,focus,870,on,1701961255426
debugDA6I9:debugkhoVI,window_resize,223,"[1920, 1080]",1701961255649
debugDA6I9:debugkhoVI,focus,27450,off,1701961283099
debugDA6I9:debugkhoVI,focus,3298,on,1701961286397
debugDA6I9:debugkhoVI,focus,25158,off,1701961311555
debugDA6I9:debugkhoVI,window_resize,987,"[1920, 1079]",1701961312542
debugDA6I9:debugkhoVI,focus,1056,on,1701961313598
debugDA6I9:debugkhoVI,window_resize,220,"[1920, 1080]",1701961313818
debugDA6I9:debugkhoVI,focus,606397,off,1701961920215
debugDA6I9:debugkhoVI,window_resize,217,"[1920, 1079]",1701961920432
debugDA6I9:debugkhoVI,focus,6836,on,1701961927268
debugDA6I9:debugkhoVI,window_resize,232,"[1920, 1080]",1701961927500
debugDA6I9:debugkhoVI,focus,2790,off,1701961930290
debugDA6I9:debugkhoVI,window_resize,258,"[1920, 1079]",1701961930548
debugDA6I9:debugkhoVI,focus,1380,on,1701961931928
debugDA6I9:debugkhoVI,window_resize,239,"[1920, 1080]",1701961932167
debugLprDn:debugjE2CS,initialized,0,,1698251957410
debugLprDn:debugjE2CS,window_resize,0,"[1280, 622]",1698251957410
debugLprDn:debugjE2CS,focus,1107,off,1698251958517
debugLprDn:debugjE2CS,focus,30038,on,1698251988555
debugLprDn:debugjE2CS,window_resize,27917,"[1280, 720]",1698252016472
debugLprDn:debugjE2CS,window_resize,8567,"[1280, 622]",1698252025039
debugLprDn:debugjE2CS,focus,1046,off,1698252026085
debugLprDn:debugjE2CS,focus,8863,on,1698252034948
debugLprDn:debugjE2CS,focus,2177,off,1698252037125
debugLprDn:debugjE2CS,focus,3249,on,1698252040374
debugLprDn:debugjE2CS,window_resize,108799,"[1280, 354]",1698252149173
debugLprDn:debugjE2CS,window_resize,43244,"[1280, 622]",1698252192417
debugLprDn:debugjE2CS,focus,89075,off,1698252281492
debugLprDn:debugjE2CS,focus,8118,on,1698252289610
debugLprDn:debugjE2CS,focus,60574,off,1698252350184
debugLprDn:debugjE2CS,focus,8954,on,1698252359138
debugLprDn:debugjE2CS,focus,487981,off,1698252847119
debugLprDn:debugjE2CS,focus,4793,on,1698252851912
debugLprDn:debugjE2CS,focus,177720,off,1698253029632
debugLprDn:debugjE2CS,focus,4630,on,1698253034262
debugLprDn:debugjE2CS,focus,1691869,off,1698254726131
debugLprDn:debugjE2CS,focus,1738,on,1698254727869
debugLprDn:debugjE2CS,focus,1016,off,1698254728885
debugLprDn:debugjE2CS,focus,2958,on,1698254731843
debugr7gCU:debugiZRPD,initialized,0,,1701964024062
debugr7gCU:debugiZRPD,window_resize,0,"[1024, 650]",1701964024062
debugr7gCU:debugiZRPD,window_resize,12625,"[1366, 666]",1701964036687
debugr7gCU:debugiZRPD,focus,2749,off,1701964039436
debugr7gCU:debugiZRPD,focus,764,on,1701964040200
debugIA24w:debug1dK2m,initialized,0,,1698251843056
debugIA24w:debug1dK2m,window_resize,0,"[1000, 629]",1698251843056
debugIA24w:debug1dK2m,window_resize,7376,"[1364, 654]",1698251850432
debugIA24w:debug1dK2m,window_resize,1208681,"[779, 374]",1698253059113
debugIA24w:debug1dK2m,window_resize,5522,"[1818, 872]",1698253064635
debugIA24w:debug1dK2m,window_resize,1584,"[1364, 654]",1698253066219
debugIA24w:debug1dK2m,window_resize,1384,"[1240, 595]",1698253067603
debugDZPto:debug45qIo,initialized,0,,1701963982804
debugDZPto:debug45qIo,window_resize,0,"[1024, 767]",1701963982804
debugDZPto:debug45qIo,focus,58176,off,1701964040980
debugDZPto:debug45qIo,focus,3574,on,1701964044554
debugDZPto:debug45qIo,window_resize,15849,"[1920, 1080]",1701964060403
debugDZPto:debug45qIo,focus,109342,off,1701964169745
debugDZPto:debug45qIo,window_resize,218,"[1920, 1079]",1701964169963
debugDZPto:debug45qIo,focus,5121,on,1701964175084
debugDZPto:debug45qIo,window_resize,228,"[1920, 1080]",1701964175312
debugDZPto:debug45qIo,focus,78032,off,1701964253344
debugDZPto:debug45qIo,window_resize,187,"[1024, 767]",1701964253531
debugDZPto:debug45qIo,focus,15185,on,1701964268716
debugDZPto:debug45qIo,focus,18459,off,1701964287175
debugDZPto:debug45qIo,focus,5575,on,1701964292750
debugDZPto:debug45qIo,window_resize,125614,"[1920, 1080]",1701964418364
debugDZPto:debug45qIo,focus,53916,off,1701964472280
debugDZPto:debug45qIo,window_resize,214,"[1920, 1079]",1701964472494
debugDZPto:debug45qIo,focus,6959,on,1701964479453
debugDZPto:debug45qIo,window_resize,220,"[1920, 1080]",1701964479673
debugDZPto:debug45qIo,focus,77110,off,1701964556783
debugDZPto:debug45qIo,window_resize,185,"[1024, 767]",1701964556968
debugDZPto:debug45qIo,focus,65180,on,1701964622148
debugDZPto:debug45qIo,focus,8833,off,1701964630981
debugDZPto:debug45qIo,focus,10481,on,1701964641462
debugDZPto:debug45qIo,window_resize,60603,"[1920, 1080]",1701964702065
debuggBdwZ:debugpVP7D,initialized,0,,1703353064646
debuggBdwZ:debugpVP7D,window_resize,0,"[1024, 654]",1703353064646
debuggBdwZ:debugpVP7D,focus,16640,off,1703353081286
debuggBdwZ:debugpVP7D,focus,5033,on,1703353086319
debuggBdwZ:debugpVP7D,focus,0,off,1703353086319
debuggBdwZ:debugpVP7D,focus,942,on,1703353087261
debuggBdwZ:debugpVP7D,window_resize,30568,"[1366, 670]",1703353117829
debugOI2Le:debugIe1L1,initialized,0,,1698251954441
debugOI2Le:debugIe1L1,window_resize,0,"[1032, 600]",1698251954441
debugOI2Le:debugIe1L1,window_resize,244544,"[1280, 614]",1698252198985
debugOI2Le:debugIe1L1,focus,294523,off,1698252493508
debugOI2Le:debugIe1L1,focus,807,on,1698252494315
debugq2z4o:debugQIDaa,initialized,0,,1703955481778
debugq2z4o:debugQIDaa,window_resize,0,"[1024, 767]",1703955481778
debugq2z4o:debugQIDaa,window_resize,943,"[2560, 1380]",1703955482721
debugq2z4o:debugQIDaa,focus,189833,on,1703955672554
debug5SHlr:debugeSO1u,initialized,0,,1701961285842
debug5SHlr:debugeSO1u,window_resize,0,"[1026, 770]",1701961285842
debug5SHlr:debugeSO1u,window_resize,8951,"[1213, 935]",1701961294793
debug5SHlr:debugeSO1u,focus,20476,off,1701961315269
debug5SHlr:debugeSO1u,focus,1146,on,1701961316415
debug5SHlr:debugeSO1u,window_resize,10541,"[1542, 944]",1701961326956
debug5SHlr:debugeSO1u,focus,6046,off,1701961333002
debug5SHlr:debugeSO1u,focus,23405,on,1701961356407
debug5SHlr:debugeSO1u,focus,6156,off,1701961362563
debug5SHlr:debugeSO1u,focus,4092,on,1701961366655
debugyUg7K:debugHzW0f,initialized,0,,1701961357932
debugyUg7K:debugHzW0f,window_resize,0,"[1024, 767]",1701961357932
debugyUg7K:debugHzW0f,window_resize,38150,"[1440, 900]",1701961396082
debugyUg7K:debugHzW0f,window_resize,10333,"[1024, 767]",1701961406415
debugyUg7K:debugHzW0f,focus,1565,off,1701961407980
debugyUg7K:debugHzW0f,focus,15674,on,1701961423654
debugyUg7K:debugHzW0f,window_resize,3014,"[1440, 900]",1701961426668
debugycIT4:debugQEZGM,initialized,0,,1701964608250
debugycIT4:debugQEZGM,window_resize,0,"[1024, 768]",1701964608250
debugycIT4:debugQEZGM,window_resize,2297,"[1920, 968]",1701964610547
debugycIT4:debugQEZGM,window_resize,13316,"[1920, 1080]",1701964623863
debugV0KXv:debugQk9a0,initialized,0,,1703353776769
debugV0KXv:debugQk9a0,window_resize,0,"[1024, 664]",1703353776769
debugV0KXv:debugQk9a0,focus,32053,off,1703353808822
debugV0KXv:debugQk9a0,focus,6775,on,1703353815597
debugV0KXv:debugQk9a0,focus,46237,off,1703353861834
debugV0KXv:debugQk9a0,focus,13060,on,1703353874894
debugV0KXv:debugQk9a0,focus,291471,off,1703354166365
debugV0KXv:debugQk9a0,focus,51546,on,1703354217911
debugHFFBr:debug7jkSL,initialized,0,,1698255161223
debugHFFBr:debug7jkSL,window_resize,1,"[1536, 758]",1698255161224
debugHFFBr:debug7jkSL,focus,6908,off,1698255168132
debugHFFBr:debug7jkSL,focus,5598,on,1698255173730
debugHFFBr:debug7jkSL,focus,12648,off,1698255186378
debugHFFBr:debug7jkSL,focus,2588,on,1698255188966
debugHFFBr:debug7jkSL,focus,675697,off,1698255864663
debugHFFBr:debug7jkSL,focus,1643,on,1698255866306
debugHFFBr:debug7jkSL,focus,338728,off,1698256205034
debugHFFBr:debug7jkSL,focus,446,on,1698256205480
debugHFFBr:debug7jkSL,focus,210282,off,1698256415762
debugHFFBr:debug7jkSL,focus,114,on,1698256415876
debugHFFBr:debug7jkSL,focus,6282,off,1698256422158
debugHFFBr:debug7jkSL,focus,68989,on,1698256491147
debugmKkuA:debugk7Wdi,initialized,0,,1701961220562
debugmKkuA:debugk7Wdi,window_resize,1,"[1032, 728]",1701961220563
debugfQNes:debugdUTIL,initialized,0,,1698331440414
debugfQNes:debugdUTIL,window_resize,0,"[1031, 770]",1698331440414
debugfQNes:debugdUTIL,focus,152,on,1698331440566
debugfQNes:debugdUTIL,focus,40984,off,1698331481550
debugfQNes:debugdUTIL,focus,4739,on,1698331486289
debugfQNes:debugdUTIL,window_resize,138479,"[2304, 1296]",1698331624768
debugfQNes:debugdUTIL,window_resize,480124,"[2304, 1296]",1698332104892
debugfQNes:debugdUTIL,window_resize,153938,"[2304, 1296]",1698332258830
debugfQNes:debugdUTIL,window_resize,304599,"[2304, 1296]",1698332563429
debugrQRap:debugdJDP8,initialized,0,,1703955556090
debugrQRap:debugdJDP8,window_resize,0,"[1920, 976]",1703955556090
debugrQRap:debugdJDP8,focus,8187,off,1703955564277
debugrQRap:debugdJDP8,focus,1922,on,1703955566199
debugrQRap:debugdJDP8,focus,8417,off,1703955574616
debugrQRap:debugdJDP8,focus,5528,on,1703955580144
debugCyBls:debugxDbMj,initialized,0,,1701961761436
debugCyBls:debugxDbMj,window_resize,0,"[1366, 670]",1701961761436
debugCyBls:debugxDbMj,window_resize,89620,"[1024, 654]",1701961851056
debugCyBls:debugxDbMj,window_resize,1748,"[1366, 670]",1701961852804
debugO4HNs:debugkDol7,initialized,0,,1698331453950
debugO4HNs:debugkDol7,window_resize,0,"[1024, 767]",1698331453950
debugO4HNs:debugkDol7,window_resize,20066,"[1920, 974]",1698331474016
debugsGlMb:debugA5jU8,initialized,0,,1701963974409
debugsGlMb:debugA5jU8,window_resize,0,"[1024, 767]",1701963974409
debugsGlMb:debugA5jU8,window_resize,16295,"[1920, 982]",1701963990704
debugsGlMb:debugA5jU8,focus,41201,off,1701964031905
debugsGlMb:debugA5jU8,focus,11176,on,1701964043081
debugWuUwJ:debug4Chk8,initialized,0,,1703951043701
debugWuUwJ:debug4Chk8,window_resize,0,"[1024, 661]",1703951043701
debugWuUwJ:debug4Chk8,window_resize,4968,"[1366, 677]",1703951048669
debugkM7q5:debugcgCtz,initialized,0,,1698331441220
debugkM7q5:debugcgCtz,window_resize,0,"[1920, 955]",1698331441220
debugkM7q5:debugcgCtz,window_resize,3427,"[1920, 1080]",1698331444647
debugkM7q5:debugcgCtz,window_resize,12065,"[1920, 955]",1698331456712
debugkM7q5:debugcgCtz,focus,700,off,1698331457412
debugkM7q5:debugcgCtz,focus,1683,on,1698331459095
debugkM7q5:debugcgCtz,window_resize,9176,"[1920, 1080]",1698331468271
debugkM7q5:debugcgCtz,window_resize,22441,"[1920, 955]",1698331490712
debugkM7q5:debugcgCtz,focus,1453,off,1698331492165
debugkM7q5:debugcgCtz,focus,1999,on,1698331494164
debugkM7q5:debugcgCtz,window_resize,2183,"[1920, 1080]",1698331496347
debugkM7q5:debugcgCtz,focus,1133342,off,1698332629689
debugkM7q5:debugcgCtz,window_resize,216,"[1920, 1079]",1698332629905
debugkM7q5:debugcgCtz,focus,1017,on,1698332630922
debugkM7q5:debugcgCtz,window_resize,214,"[1920, 1080]",1698332631136
debugyerUE:debugjJRII,initialized,0,,1701965975285
debugyerUE:debugjJRII,window_resize,0,"[1024, 649]",1701965975285
debugJClmq:debugprMFb,initialized,0,,1701961208523
debugJClmq:debugprMFb,window_resize,0,"[1024, 660]",1701961208523
debugnLTsJ:debugRyHKI,initialized,0,,1704207358001
debugnLTsJ:debugRyHKI,window_resize,0,"[1024, 767]",1704207358001
debugnLTsJ:debugRyHKI,window_resize,21659,"[1920, 982]",1704207379660
debugnLTsJ:debugRyHKI,focus,5056,off,1704207384716
debugnLTsJ:debugRyHKI,focus,6750,on,1704207391466
debugZ4t6T:debugfjxxX,initialized,0,,1703345726493
debugZ4t6T:debugfjxxX,window_resize,1,"[1024, 537]",1703345726494
debugZ4t6T:debugfjxxX,focus,48952,off,1703345775446
debugZ4t6T:debugfjxxX,focus,2872,on,1703345778318
debugZ4t6T:debugfjxxX,focus,47329,off,1703345825647
debugZ4t6T:debugfjxxX,focus,9562,on,1703345835209
debugZ4t6T:debugfjxxX,focus,2962,off,1703345838171
debugZ4t6T:debugfjxxX,focus,1784,on,1703345839955
debugZ4t6T:debugfjxxX,focus,113876,off,1703345953831
debugZ4t6T:debugfjxxX,focus,1965,on,1703345955796
debugZ4t6T:debugfjxxX,window_resize,263401,"[685, 519]",1703346219197
debugZ4t6T:debugfjxxX,focus,882,off,1703346220079
debugZ4t6T:debugfjxxX,focus,1671,on,1703346221750
debugZ4t6T:debugfjxxX,window_resize,1857,"[1024, 537]",1703346223607
debugZ4t6T:debugfjxxX,window_resize,44726,"[685, 519]",1703346268333
debugZ4t6T:debugfjxxX,focus,670,off,1703346269003
debugZ4t6T:debugfjxxX,focus,6136,on,1703346275139
debugZ4t6T:debugfjxxX,window_resize,2114,"[1024, 537]",1703346277253
debugRZKCX:debuguSxsL,initialized,0,,1702748897518
debugRZKCX:debuguSxsL,window_resize,0,"[1026, 600]",1702748897518
debugRZKCX:debuguSxsL,window_resize,13051,"[1280, 614]",1702748910569
debugRZKCX:debuguSxsL,window_resize,3912,"[1280, 720]",1702748914481
debugskkF7:debugvGVKy,initialized,0,,1702748907420
debugskkF7:debugvGVKy,window_resize,0,"[1536, 758]",1702748907420
debugsEceS:debugMSGw5,initialized,0,,1703964697904
debugsEceS:debugMSGw5,window_resize,0,"[1024, 768]",1703964697904
debugsEceS:debugMSGw5,window_resize,515591,"[1793, 1085]",1703965213495
debug0pV20:debugtoU6L,initialized,0,,1701961211324
debug0pV20:debugtoU6L,window_resize,0,"[1024, 643]",1701961211324
debug0pV20:debugtoU6L,window_resize,26780,"[1366, 768]",1701961238104
debugdH97W:debugl3hSK,initialized,0,,1698331461900
debugdH97W:debugl3hSK,window_resize,1,"[1024, 654]",1698331461901
debugdH97W:debugl3hSK,window_resize,9568,"[1366, 670]",1698331471469
debugYwreW:debugoIoiP,initialized,0,,1701961329121
debugYwreW:debugoIoiP,window_resize,0,"[1280, 614]",1701961329121
debugi4Xp7:debugS9Eh6,initialized,0,,1701964041984
debugi4Xp7:debugS9Eh6,window_resize,0,"[1142, 827]",1701964041984
debugi4Xp7:debugS9Eh6,focus,18993,off,1701964060977
debugi4Xp7:debugS9Eh6,focus,18146,on,1701964079123
debugi4Xp7:debugS9Eh6,window_resize,5273,"[1142, 835]",1701964084396
debugi4Xp7:debugS9Eh6,window_resize,1442,"[1142, 827]",1701964085838
debugi4Xp7:debugS9Eh6,window_resize,1946,"[1707, 843]",1701964087784
debugEbkVs:debugd9sRn,initialized,0,,1702748933666
debugEbkVs:debugd9sRn,window_resize,0,"[1280, 622]",1702748933666
debugEbkVs:debugd9sRn,window_resize,29735,"[1280, 720]",1702748963401
debugEbkVs:debugd9sRn,focus,4740,off,1702748968141
debugEbkVs:debugd9sRn,focus,2691,on,1702748970832
debugUCWRW:debug2KLuk,initialized,0,,1701966129272
debugUCWRW:debug2KLuk,window_resize,0,"[1032, 786]",1701966129272
debugUCWRW:debug2KLuk,focus,247287,off,1701966376559
debugUCWRW:debug2KLuk,focus,73867,on,1701966450426
debugUCWRW:debug2KLuk,window_resize,2980,"[1707, 854]",1701966453406
debugUCWRW:debug2KLuk,focus,23126,off,1701966476532
debugUCWRW:debug2KLuk,focus,9916,on,1701966486448
debugbeMqY:debugNANHU,initialized,0,,1701963995035
debugbeMqY:debugNANHU,window_resize,0,"[1024, 767]",1701963995035
debugbeMqY:debugNANHU,window_resize,7292,"[1920, 1102]",1701964002327
debugbeMqY:debugNANHU,focus,349279,off,1701964351606
debugbeMqY:debugNANHU,focus,1819,on,1701964353425
debugbeMqY:debugNANHU,focus,232918,off,1701964586343
debugbeMqY:debugNANHU,focus,3047,on,1701964589390
debugbeMqY:debugNANHU,focus,497918,off,1701965087308
debugbeMqY:debugNANHU,focus,149117,on,1701965236425
debugSINJf:debug8O9hc,initialized,0,,1703951261037
debugSINJf:debug8O9hc,window_resize,0,"[1600, 802]",1703951261037
debugfU6ZH:debugzDepE,initialized,0,,1702480092399
debugfU6ZH:debugzDepE,window_resize,0,"[1024, 660]",1702480092399
debugfU6ZH:debugzDepE,window_resize,19165,"[1366, 768]",1702480111564
debugfU6ZH:debugzDepE,focus,1225227,off,1702481336791
debugfU6ZH:debugzDepE,focus,27595,on,1702481364386
debugEWOpw:debugBNhEP,initialized,0,,1703614293071
debugEWOpw:debugBNhEP,window_resize,0,"[1024, 652]",1703614293071
debugEWOpw:debugBNhEP,window_resize,30825,"[1280, 765]",1703614323896
debugZbBX2:debug4iIPl,initialized,0,,1702480090708
debugZbBX2:debug4iIPl,window_resize,0,"[1024, 594]",1702480090708
debugZbBX2:debug4iIPl,focus,153,on,1702480090861
debugZbBX2:debug4iIPl,focus,1394,off,1702480092255
debugZbBX2:debug4iIPl,focus,3992,on,1702480096247
debugZbBX2:debug4iIPl,focus,2864,off,1702480099111
debugZbBX2:debug4iIPl,focus,16568,on,1702480115679
debugZbBX2:debug4iIPl,focus,3193,off,1702480118872
debugZbBX2:debug4iIPl,focus,4032,on,1702480122904
debugZbBX2:debug4iIPl,focus,7012,off,1702480129916
debugZbBX2:debug4iIPl,focus,11697,on,1702480141613
debugZbBX2:debug4iIPl,focus,446,off,1702480142059
debugZbBX2:debug4iIPl,focus,32131,on,1702480174190
debugZbBX2:debug4iIPl,focus,11856,off,1702480186046
debugZbBX2:debug4iIPl,focus,19464,on,1702480205510
debugZbBX2:debug4iIPl,window_resize,1279,"[1280, 609]",1702480206789
debugZbBX2:debug4iIPl,window_resize,4722,"[1280, 720]",1702480211511
debugZbBX2:debug4iIPl,window_resize,3353,"[1280, 679]",1702480214864
debugZbBX2:debug4iIPl,window_resize,2406,"[1280, 609]",1702480217270
debugZbBX2:debug4iIPl,focus,2267,off,1702480219537
debugZbBX2:debug4iIPl,focus,9241,on,1702480228778
debugZbBX2:debug4iIPl,window_resize,8868,"[1280, 720]",1702480237646
debugZbBX2:debug4iIPl,window_resize,51359,"[1280, 679]",1702480289005
debugZbBX2:debug4iIPl,window_resize,2287,"[1280, 720]",1702480291292
debugZbBX2:debug4iIPl,window_resize,118425,"[1280, 679]",1702480409717
debugZbBX2:debug4iIPl,window_resize,1245,"[1280, 720]",1702480410962
debugZbBX2:debug4iIPl,window_resize,338023,"[1280, 679]",1702480748985
debugZbBX2:debug4iIPl,window_resize,234,"[1280, 720]",1702480749219
debugZbBX2:debug4iIPl,window_resize,646971,"[1280, 679]",1702481396190
debugZbBX2:debug4iIPl,window_resize,248,"[1280, 720]",1702481396438
debughe9Oy:debugEu6lW,initialized,0,,1703967468530
debughe9Oy:debugEu6lW,window_resize,0,"[1024, 767]",1703967468530
debughe9Oy:debugEu6lW,focus,135,on,1703967468665
debughe9Oy:debugEu6lW,focus,10450,off,1703967479115
debughe9Oy:debugEu6lW,focus,4980,on,1703967484095
debughe9Oy:debugEu6lW,focus,37396,on,1703967521491
debughe9Oy:debugEu6lW,focus,12177,off,1703967533668
debughe9Oy:debugEu6lW,focus,1826,on,1703967535494
debughe9Oy:debugEu6lW,focus,86948,off,1703967622442
debughe9Oy:debugEu6lW,focus,2564,on,1703967625006
debughe9Oy:debugEu6lW,focus,899139,off,1703968524145
debughe9Oy:debugEu6lW,focus,10883,on,1703968535028
debughe9Oy:debugEu6lW,focus,237459,off,1703968772487
debughe9Oy:debugEu6lW,focus,15171,on,1703968787658
debughe9Oy:debugEu6lW,focus,266,off,1703968787924
debughe9Oy:debugEu6lW,focus,24570,on,1703968812494
debughe9Oy:debugEu6lW,focus,2867,off,1703968815361
debughe9Oy:debugEu6lW,focus,13786,on,1703968829147
debughe9Oy:debugEu6lW,focus,984,off,1703968830131
debughe9Oy:debugEu6lW,focus,141482,on,1703968971613
debughe9Oy:debugEu6lW,focus,1341,off,1703968972954
debughe9Oy:debugEu6lW,focus,79749,on,1703969052703
debugEdgva:debug1MCuk,initialized,0,,1702749791092
debugEdgva:debug1MCuk,window_resize,0,"[1024, 694]",1702749791092
debugEdgva:debug1MCuk,focus,165489,off,1702749956581
debugEdgva:debug1MCuk,focus,17071,on,1702749973652
debugEdgva:debug1MCuk,focus,229476,off,1702750203128
debugEdgva:debug1MCuk,focus,11206,on,1702750214334
debugEdgva:debug1MCuk,focus,1293736,off,1702751508070
debugEdgva:debug1MCuk,focus,18704,on,1702751526774
debugEdgva:debug1MCuk,window_resize,1383,"[1366, 708]",1702751528157
debugEdgva:debug1MCuk,window_resize,469,"[1024, 694]",1702751528626
debugeTdSy:debugqk6sp,initialized,0,,1703960978795
debugeTdSy:debugqk6sp,window_resize,0,"[1028, 778]",1703960978795
debugVJcBo:debugNLXS5,initialized,0,,1703606149452
debugVJcBo:debugNLXS5,window_resize,0,"[1032, 600]",1703606149452
debugVJcBo:debugNLXS5,window_resize,27940,"[1280, 614]",1703606177392
debugVJcBo:debugNLXS5,focus,4306,off,1703606181698
debugVJcBo:debugNLXS5,focus,4133,on,1703606185831
debugVJcBo:debugNLXS5,focus,332038,off,1703606517869
debugVJcBo:debugNLXS5,focus,7725,on,1703606525594
debugVJcBo:debugNLXS5,focus,17681,off,1703606543275
debugVJcBo:debugNLXS5,focus,4107,on,1703606547382
debugVJcBo:debugNLXS5,focus,29887,off,1703606577269
debugVJcBo:debugNLXS5,focus,6743,on,1703606584012
debugVJcBo:debugNLXS5,focus,485401,off,1703607069413
debugVJcBo:debugNLXS5,focus,14662,on,1703607084075
debugVJcBo:debugNLXS5,focus,343657,off,1703607427732
debugVJcBo:debugNLXS5,focus,1350,on,1703607429082
debugVJcBo:debugNLXS5,window_resize,4088,"[1124, 600]",1703607433170
debugVJcBo:debugNLXS5,window_resize,6885,"[1251, 600]",1703607440055
debugVJcBo:debugNLXS5,window_resize,618,"[1256, 600]",1703607440673
debugVJcBo:debugNLXS5,window_resize,752,"[1217, 600]",1703607441425
debugVJcBo:debugNLXS5,focus,6233,off,1703607447658
debugVJcBo:debugNLXS5,focus,4839,on,1703607452497
debugVJcBo:debugNLXS5,focus,29472,off,1703607481969
debugVJcBo:debugNLXS5,focus,57978,on,1703607539947
debugVJcBo:debugNLXS5,focus,1039488,off,1703608579435
debugVJcBo:debugNLXS5,focus,19336,on,1703608598771
debugoWqLO:debugnRegb,initialized,0,,1706020618774
debugoWqLO:debugnRegb,window_resize,0,"[1024, 767]",1706020618774
debugoWqLO:debugnRegb,focus,21790,off,1706020640564
debugoWqLO:debugnRegb,focus,5896,on,1706020646460
debugoWqLO:debugnRegb,window_resize,9020,"[1280, 926]",1706020655480
debugoWqLO:debugnRegb,focus,49458,off,1706020704938
debugoWqLO:debugnRegb,focus,4580,on,1706020709518
debugoWqLO:debugnRegb,focus,124494,off,1706020834012
debugoWqLO:debugnRegb,focus,3578,on,1706020837590
debugoWqLO:debugnRegb,focus,358035,off,1706021195625
debugoWqLO:debugnRegb,focus,1655,on,1706021197280
debugvYPlW:debugOTiTV,initialized,0,,1701961205679
debugvYPlW:debugOTiTV,window_resize,0,"[1024, 767]",1701961205679
debugvYPlW:debugOTiTV,window_resize,25650,"[1440, 865]",1701961231329
debugvYPlW:debugOTiTV,window_resize,16770,"[1024, 767]",1701961248099
debugvYPlW:debugOTiTV,focus,1778,off,1701961249877
debugvYPlW:debugOTiTV,focus,12071,on,1701961261948
debugvYPlW:debugOTiTV,window_resize,72993,"[1440, 865]",1701961334941
debugRUtzk:debugPEEPL,initialized,0,,1698331471087
debugRUtzk:debugPEEPL,window_resize,0,"[1023, 594]",1698331471087
debugRUtzk:debugPEEPL,focus,194,on,1698331471281
debugRUtzk:debugPEEPL,window_resize,42067,"[1280, 609]",1698331513348
debugRUtzk:debugPEEPL,focus,6764,off,1698331520112
debugRUtzk:debugPEEPL,focus,7019,on,1698331527131
debugRUtzk:debugPEEPL,window_resize,3073,"[1280, 720]",1698331530204
debugvgAxL:debugRBglI,initialized,0,,1702479994657
debugvgAxL:debugRBglI,window_resize,0,"[1032, 608]",1702479994657
debugvgAxL:debugRBglI,focus,29431,off,1702480024088
debugvgAxL:debugRBglI,focus,1838,on,1702480025926
debugvgAxL:debugRBglI,focus,428096,off,1702480454022
debugvgAxL:debugRBglI,focus,10754,on,1702480464776
debugvgAxL:debugRBglI,focus,1096602,off,1702481561378
debugvgAxL:debugRBglI,focus,60366,on,1702481621744
debugCVlmO:debug4Oyof,initialized,0,,1701961215234
debugCVlmO:debug4Oyof,window_resize,0,"[1028, 778]",1701961215234
debugCVlmO:debug4Oyof,window_resize,14344,"[774, 778]",1701961229578
debugCVlmO:debug4Oyof,window_resize,2101,"[774, 795]",1701961231679
debugCVlmO:debug4Oyof,window_resize,276,"[774, 799]",1701961231955
debugCVlmO:debug4Oyof,window_resize,6697,"[815, 799]",1701961238652
debugCVlmO:debug4Oyof,window_resize,443,"[840, 799]",1701961239095
debugCVlmO:debug4Oyof,focus,734,off,1701961239829
debugCVlmO:debug4Oyof,focus,3631,on,1701961243460
debugTvoiP:debugUMLeb,initialized,0,,1701961439815
debugTvoiP:debugUMLeb,window_resize,0,"[1024, 643]",1701961439815
debugTvoiP:debugUMLeb,focus,36234,off,1701961476049
debugTvoiP:debugUMLeb,focus,9968,on,1701961486017
debugTvoiP:debugUMLeb,window_resize,167188,"[1247, 643]",1701961653205
debugDip7E:debugwXmRy,initialized,0,,1701964050006
debugDip7E:debugwXmRy,window_resize,0,"[1024, 768]",1701964050006
debugDip7E:debugwXmRy,window_resize,24068,"[1920, 968]",1701964074074
debugDip7E:debugwXmRy,focus,10986,off,1701964085060
debugDip7E:debugwXmRy,focus,6941,on,1701964092001
debugtz7yq:debug9ueq1,initialized,0,,1698331563328
debugtz7yq:debug9ueq1,window_resize,0,"[1440, 725]",1698331563328
debugVoeFx:debugNY9Wk,initialized,0,,1701961193654
debugVoeFx:debugNY9Wk,window_resize,0,"[1137, 852]",1701961193654
debugVoeFx:debugNY9Wk,focus,3307,off,1701961196961
debugVoeFx:debugNY9Wk,focus,5635,on,1701961202596
debugVoeFx:debugNY9Wk,focus,7676,off,1701961210272
debugVoeFx:debugNY9Wk,focus,108838,on,1701961319110
debugVoeFx:debugNY9Wk,focus,31508,off,1701961350618
debugVoeFx:debugNY9Wk,focus,6324,on,1701961356942
debugVoeFx:debugNY9Wk,focus,6383,off,1701961363325
debugVoeFx:debugNY9Wk,focus,2854,on,1701961366179
debugVoeFx:debugNY9Wk,focus,209848,off,1701961576027
debugVoeFx:debugNY9Wk,focus,1508,on,1701961577535
debugVoeFx:debugNY9Wk,focus,2036,off,1701961579571
debugVoeFx:debugNY9Wk,focus,5066,on,1701961584637
debugVoeFx:debugNY9Wk,focus,139569,off,1701961724206
debugVoeFx:debugNY9Wk,focus,13706,on,1701961737912
debugVoeFx:debugNY9Wk,focus,50539,off,1701961788451
debugVoeFx:debugNY9Wk,focus,32997,on,1701961821448
debugVoeFx:debugNY9Wk,focus,98701,off,1701961920149
debugVoeFx:debugNY9Wk,focus,47877,on,1701961968026
debugVoeFx:debugNY9Wk,focus,2537,off,1701961970563
debugVoeFx:debugNY9Wk,focus,33265,on,1701962003828
debugVoeFx:debugNY9Wk,focus,1175,off,1701962005003
debugVoeFx:debugNY9Wk,focus,3623,on,1701962008626
debugIv7na:debugvm2ix,initialized,0,,1701961506646
debugIv7na:debugvm2ix,window_resize,0,"[1680, 956]",1701961506646
debugIv7na:debugvm2ix,focus,180,on,1701961506826
debugIv7na:debugvm2ix,focus,47794,off,1701961554620
debugIv7na:debugvm2ix,focus,7241,on,1701961561861
debugIv7na:debugvm2ix,window_resize,22994,"[1024, 768]",1701961584855
debugIv7na:debugvm2ix,focus,3216,off,1701961588071
debugIv7na:debugvm2ix,focus,5615,on,1701961593686
debugIv7na:debugvm2ix,focus,2810,off,1701961596496
debugIv7na:debugvm2ix,focus,7386,on,1701961603882
debugIv7na:debugvm2ix,window_resize,10921,"[1680, 956]",1701961614803
debugkfFdG:debugAVRv1,initialized,0,,1701965865983
debugkfFdG:debugAVRv1,window_resize,0,"[1280, 614]",1701965865983
debugkfFdG:debugAVRv1,focus,487398,off,1701966353381
debugkfFdG:debugAVRv1,focus,23691,on,1701966377072
debugkfFdG:debugAVRv1,window_resize,810012,"[1032, 600]",1701967187084
debugkfFdG:debugAVRv1,window_resize,2108,"[1280, 614]",1701967189192
debugkfFdG:debugAVRv1,focus,262153,off,1701967451345
debugkfFdG:debugAVRv1,focus,9377,on,1701967460722
debugkfFdG:debugAVRv1,focus,1419932,off,1701968880654
debugkfFdG:debugAVRv1,focus,6106,on,1701968886760
debugkfFdG:debugAVRv1,focus,256835,off,1701969143595
debugkfFdG:debugAVRv1,focus,19558,on,1701969163153
debugVRPxl:debugTnjy5,initialized,0,,1702749099266
debugVRPxl:debugTnjy5,window_resize,0,"[1366, 681]",1702749099266
debugVRPxl:debugTnjy5,focus,530813,off,1702749630079
debugVRPxl:debugTnjy5,focus,3758,on,1702749633837
debugecyNW:debugLubkd,initialized,0,,1702480177035
debugecyNW:debugLubkd,window_resize,0,"[931, 697]",1702480177035
debugecyNW:debugLubkd,focus,11192,off,1702480188227
debugecyNW:debugLubkd,focus,27400,on,1702480215627
debugecyNW:debugLubkd,window_resize,9609,"[1527, 865]",1702480225236
debugfBbzQ:debugB3l3W,initialized,0,,1703963772092
debugfBbzQ:debugB3l3W,window_resize,0,"[822, 936]",1703963772092
debugfBbzQ:debugB3l3W,window_resize,1796,"[834, 948]",1703963773888
debugfBbzQ:debugB3l3W,window_resize,239330,"[822, 936]",1703964013218
debugfBbzQ:debugB3l3W,window_resize,3508,"[1668, 944]",1703964016726
debugfBbzQ:debugB3l3W,window_resize,4585,"[1680, 1050]",1703964021311
debug3z4gA:debugqihCD,initialized,0,,1702749951633
debug3z4gA:debugqihCD,window_resize,0,"[1536, 806]",1702749951633
debug3z4gA:debugqihCD,focus,5884,on,1702749957517
debug3z4gA:debugqihCD,focus,49148,off,1702750006665
debug3z4gA:debugqihCD,focus,4904,on,1702750011569
debug3z4gA:debugqihCD,focus,257226,off,1702750268795
debug3z4gA:debugqihCD,focus,4005,on,1702750272800
debug3z4gA:debugqihCD,focus,11247,off,1702750284047
debug3z4gA:debugqihCD,focus,3180,on,1702750287227
debug3z4gA:debugqihCD,focus,51437,off,1702750338664
debug3z4gA:debugqihCD,focus,3946,on,1702750342610
debug3z4gA:debugqihCD,focus,214306,off,1702750556916
debug3z4gA:debugqihCD,focus,2051,on,1702750558967
debug3z4gA:debugqihCD,focus,1822,off,1702750560789
debug3z4gA:debugqihCD,focus,3665,on,1702750564454
debug3z4gA:debugqihCD,focus,52719,off,1702750617173
debug3z4gA:debugqihCD,focus,1893,on,1702750619066
debug3z4gA:debugqihCD,focus,1342,off,1702750620408
debug3z4gA:debugqihCD,focus,1783,on,1702750622191
debug3z4gA:debugqihCD,focus,1477,off,1702750623668
debug3z4gA:debugqihCD,focus,1683,on,1702750625351
debug3z4gA:debugqihCD,focus,4992,off,1702750630343
debug3z4gA:debugqihCD,focus,1648,on,1702750631991
debug3z4gA:debugqihCD,focus,1884166,on,1702752516157
debug3z4gA:debugqihCD,focus,11954,off,1702752528111
debug3z4gA:debugqihCD,focus,5842,on,1702752533953
debug3z4gA:debugqihCD,focus,12112,off,1702752546065
debug3z4gA:debugqihCD,focus,5464,on,1702752551529
debug3z4gA:debugqihCD,focus,43699,off,1702752595228
debug3z4gA:debugqihCD,focus,132,on,1702752595360
debug3z4gA:debugqihCD,focus,91681,off,1702752687041
debug3z4gA:debugqihCD,focus,3376,on,1702752690417
debug3z4gA:debugqihCD,focus,81261,off,1702752771678
debug3z4gA:debugqihCD,focus,273,on,1702752771951
debug3z4gA:debugqihCD,focus,9719,off,1702752781670
debug3z4gA:debugqihCD,focus,2308,on,1702752783978
debug3z4gA:debugqihCD,focus,72211,off,1702752856189
debug3z4gA:debugqihCD,focus,5605,on,1702752861794
debug3z4gA:debugqihCD,focus,34441,off,1702752896235
debug3z4gA:debugqihCD,focus,5120,on,1702752901355
debug3z4gA:debugqihCD,focus,11271,off,1702752912626
debug3z4gA:debugqihCD,focus,13469,on,1702752926095
debug3z4gA:debugqihCD,focus,3518,off,1702752929613
debug3z4gA:debugqihCD,focus,15497,on,1702752945110
debug3z4gA:debugqihCD,focus,96139,off,1702753041249
debug3z4gA:debugqihCD,focus,4094,on,1702753045343
debug3z4gA:debugqihCD,focus,103469,off,1702753148812
debug3z4gA:debugqihCD,focus,22177,on,1702753170989
debug3z4gA:debugqihCD,focus,125108,off,1702753296097
debug3z4gA:debugqihCD,focus,7518,on,1702753303615
debug3z4gA:debugqihCD,focus,92998,off,1702753396613
debug3z4gA:debugqihCD,focus,25326,on,1702753421939
debug3z4gA:debugqihCD,focus,1,on,1702753421940
debug3z4gA:debugqihCD,focus,99227,off,1702753521167
debug3z4gA:debugqihCD,focus,3268,on,1702753524435
debug3z4gA:debugqihCD,focus,448213,off,1702753972648
debug3z4gA:debugqihCD,focus,3478,on,1702753976126
debuglrzfa:debugD7fyg,initialized,0,,1704213972472
debuglrzfa:debugD7fyg,window_resize,0,"[1024, 768]",1704213972472
debuglrzfa:debugD7fyg,focus,69,on,1704213972541
debuglrzfa:debugD7fyg,window_resize,16598,"[1920, 1016]",1704213989139
debugFegCw:debugReKAZ,initialized,0,,1701961333177
debugFegCw:debugReKAZ,window_resize,0,"[1920, 976]",1701961333177
debugFegCw:debugReKAZ,focus,133,on,1701961333310
debugFegCw:debugReKAZ,window_resize,22973,"[1920, 1080]",1701961356283
debugFegCw:debugReKAZ,window_resize,7629,"[1920, 976]",1701961363912
debugFegCw:debugReKAZ,focus,1391,off,1701961365303
debugFegCw:debugReKAZ,focus,4999,on,1701961370302
debugFegCw:debugReKAZ,window_resize,2411,"[1920, 1080]",1701961372713
debugMLsM3:debugJcV5Q,initialized,0,,1698331431107
debugMLsM3:debugJcV5Q,window_resize,0,"[1470, 885]",1698331431107
debugzzV6t:debugl0aN1,initialized,0,,1703168093995
debugzzV6t:debugl0aN1,window_resize,0,"[1028, 752]",1703168093995
debugzzV6t:debugl0aN1,window_resize,201423,"[1536, 766]",1703168295418
debugVX7um:debugraWB3,initialized,0,,1701964030118
debugVX7um:debugraWB3,window_resize,0,"[1023, 746]",1701964030118
debugVX7um:debugraWB3,focus,133,on,1701964030251
debugVX7um:debugraWB3,focus,6349,off,1701964036600
debugVX7um:debugraWB3,window_resize,219,"[1536, 760]",1701964036819
debugVX7um:debugraWB3,focus,4486,on,1701964041305
debugg267y:debugEQ3Lz,initialized,0,,1698331495686
debugg267y:debugEQ3Lz,window_resize,0,"[1024, 768]",1698331495686
debugg267y:debugEQ3Lz,focus,159,on,1698331495845
debugg267y:debugEQ3Lz,focus,20843,off,1698331516688
debugg267y:debugEQ3Lz,focus,2765,on,1698331519453
debugg267y:debugEQ3Lz,window_resize,8821,"[1920, 976]",1698331528274
debugg267y:debugEQ3Lz,focus,64362,off,1698331592636
debugg267y:debugEQ3Lz,focus,4439,on,1698331597075
debugg267y:debugEQ3Lz,focus,5369,off,1698331602444
debugg267y:debugEQ3Lz,focus,16507,on,1698331618951
debugg267y:debugEQ3Lz,focus,36142,off,1698331655093
debugg267y:debugEQ3Lz,focus,11706,on,1698331666799
debugg267y:debugEQ3Lz,focus,520,off,1698331667319
debugg267y:debugEQ3Lz,window_resize,230,"[1024, 768]",1698331667549
debugg267y:debugEQ3Lz,focus,118419,on,1698331785968
debugg267y:debugEQ3Lz,focus,34774,off,1698331820742
debugg267y:debugEQ3Lz,focus,22122,on,1698331842864
debugg267y:debugEQ3Lz,focus,118111,off,1698331960975
debugg267y:debugEQ3Lz,focus,104260,on,1698332065235
debugg267y:debugEQ3Lz,focus,4922,off,1698332070157
debugg267y:debugEQ3Lz,focus,2217396,on,1698334287553
debugg267y:debugEQ3Lz,window_resize,2283,"[1920, 976]",1698334289836
debugg267y:debugEQ3Lz,focus,423553,off,1698334713389
debugg267y:debugEQ3Lz,focus,12225,on,1698334725614
debugg267y:debugEQ3Lz,focus,65727,off,1698334791341
debugg267y:debugEQ3Lz,focus,120447,on,1698334911788
debugg267y:debugEQ3Lz,focus,238199,off,1698335149987
debugg267y:debugEQ3Lz,focus,63169,on,1698335213156
debugWDBfZ:debugWAqQL,initialized,0,,1702480352649
debugWDBfZ:debugWAqQL,window_resize,1,"[1023, 746]",1702480352650
debugWDBfZ:debugWAqQL,focus,169,on,1702480352819
debugWDBfZ:debugWAqQL,window_resize,5209,"[1399, 746]",1702480358028
debugWDBfZ:debugWAqQL,window_resize,472,"[1400, 746]",1702480358500
debugWDBfZ:debugWAqQL,window_resize,15204,"[1536, 760]",1702480373704
debugWDBfZ:debugWAqQL,focus,5275,off,1702480378979
debugWDBfZ:debugWAqQL,focus,8729,on,1702480387708
debugmRdCl:debugK7ALN,initialized,0,,1703354354147
debugmRdCl:debugK7ALN,window_resize,0,"[1024, 767]",1703354354147
debugmRdCl:debugK7ALN,window_resize,232776,"[1920, 974]",1703354586923
debugx6wJ3:debugQrduK,initialized,0,,1701964018910
debugx6wJ3:debugQrduK,window_resize,1,"[1028, 744]",1701964018911
debugx6wJ3:debugQrduK,focus,89735,off,1701964108646
debugx6wJ3:debugQrduK,focus,13135,on,1701964121781
debugx6wJ3:debugQrduK,focus,7866,off,1701964129647
debugx6wJ3:debugQrduK,focus,8403,on,1701964138050
debugx6wJ3:debugQrduK,window_resize,30466,"[1536, 758]",1701964168516
debugvJWup:debugl94ni,initialized,0,,1703345831927
debugvJWup:debugl94ni,window_resize,0,"[1028, 752]",1703345831927
debugvJWup:debugl94ni,window_resize,23554,"[1536, 766]",1703345855481
debugXbDce:debugngNba,initialized,0,,1703961063740
debugXbDce:debugngNba,window_resize,0,"[1024, 768]",1703961063740
debugXbDce:debugngNba,focus,113,on,1703961063853
debugXbDce:debugngNba,window_resize,3881,"[1680, 1009]",1703961067734
debugXbDce:debugngNba,window_resize,16592,"[1024, 768]",1703961084326
debugXbDce:debugngNba,focus,1722,off,1703961086048
debugXbDce:debugngNba,focus,2608,on,1703961088656
debugXbDce:debugngNba,window_resize,2831,"[1680, 1009]",1703961091487
debugXbDce:debugngNba,focus,1530278,off,1703962621765
debugXbDce:debugngNba,focus,439,on,1703962622204
debugnsCXz:debugrNuo9,initialized,0,,1703167867078
debugnsCXz:debugrNuo9,window_resize,0,"[1020, 764]",1703167867078
debugnsCXz:debugrNuo9,focus,158,on,1703167867236
debugnsCXz:debugrNuo9,window_resize,2082,"[1466, 1539]",1703167869318
debugnsCXz:debugrNuo9,focus,3415,off,1703167872733
debugnsCXz:debugrNuo9,focus,1791,on,1703167874524
debugnsCXz:debugrNuo9,focus,867,off,1703167875391
debugnsCXz:debugrNuo9,focus,3247,on,1703167878638
debugnsCXz:debugrNuo9,focus,141722,off,1703168020360
debugnsCXz:debugrNuo9,focus,935,on,1703168021295
debugnsCXz:debugrNuo9,focus,24334,off,1703168045629
debugnsCXz:debugrNuo9,focus,38666,on,1703168084295
debugnsCXz:debugrNuo9,focus,1855,off,1703168086150
debugnsCXz:debugrNuo9,focus,32590,on,1703168118740
debugnsCXz:debugrNuo9,focus,6210,off,1703168124950
debugnsCXz:debugrNuo9,focus,5085,on,1703168130035
debugnsCXz:debugrNuo9,focus,37212,off,1703168167247
debugnsCXz:debugrNuo9,focus,1701,on,1703168168948
debugnsCXz:debugrNuo9,focus,7367,off,1703168176315
debugnsCXz:debugrNuo9,focus,62967,on,1703168239282
debugnsCXz:debugrNuo9,focus,3640,off,1703168242922
debugnsCXz:debugrNuo9,focus,33074,on,1703168275996
debugnsCXz:debugrNuo9,focus,2858,off,1703168278854
debugnsCXz:debugrNuo9,focus,16558,on,1703168295412
debugnsCXz:debugrNuo9,focus,34187,off,1703168329599
debugnsCXz:debugrNuo9,focus,1452,on,1703168331051
debugnsCXz:debugrNuo9,focus,415,off,1703168331466
debugnsCXz:debugrNuo9,focus,62626,on,1703168394092
debugnsCXz:debugrNuo9,focus,1248,off,1703168395340
debugnsCXz:debugrNuo9,focus,867,on,1703168396207
debugnsCXz:debugrNuo9,focus,382,off,1703168396589
debugnsCXz:debugrNuo9,focus,44920,on,1703168441509
debugnsCXz:debugrNuo9,focus,1045,off,1703168442554
debugnsCXz:debugrNuo9,focus,7054,on,1703168449608
debugnsCXz:debugrNuo9,focus,2555,off,1703168452163
debugnsCXz:debugrNuo9,focus,1119,on,1703168453282
debugnsCXz:debugrNuo9,focus,4449,off,1703168457731
debugnsCXz:debugrNuo9,focus,65180,on,1703168522911
debugnsCXz:debugrNuo9,focus,3553,off,1703168526464
debugnsCXz:debugrNuo9,focus,32905,on,1703168559369
debugnsCXz:debugrNuo9,focus,1720,off,1703168561089
debugnsCXz:debugrNuo9,focus,64844,on,1703168625933
debugnsCXz:debugrNuo9,focus,4464,off,1703168630397
debugnsCXz:debugrNuo9,focus,2194,on,1703168632591
debugnsCXz:debugrNuo9,focus,3037,off,1703168635628
debugnsCXz:debugrNuo9,focus,32703,on,1703168668331
debugj5rXF:debugx7SCu,initialized,0,,1701964101868
debugj5rXF:debugx7SCu,window_resize,0,"[1028, 778]",1701964101868
debugj5rXF:debugx7SCu,window_resize,1504,"[1022, 1047]",1701964103372
debugj5rXF:debugx7SCu,focus,5865,off,1701964109237
debugj5rXF:debugx7SCu,focus,26811,on,1701964136048
debugj5rXF:debugx7SCu,focus,1672,off,1701964137720
debugj5rXF:debugx7SCu,focus,549526,on,1701964687246
debugj5rXF:debugx7SCu,focus,13291,off,1701964700537
debugj5rXF:debugx7SCu,focus,211635,on,1701964912172
debugj5rXF:debugx7SCu,focus,2511,off,1701964914683
debugj5rXF:debugx7SCu,focus,222,on,1701964914905
debugj5rXF:debugx7SCu,focus,12730,off,1701964927635
debugj5rXF:debugx7SCu,focus,6618,on,1701964934253
debugj5rXF:debugx7SCu,focus,5970,off,1701964940223
debugj5rXF:debugx7SCu,focus,8814,on,1701964949037
debugj5rXF:debugx7SCu,focus,1597,off,1701964950634
debugj5rXF:debugx7SCu,focus,11638,on,1701964962272
debugj5rXF:debugx7SCu,focus,23758,off,1701964986030
debugj5rXF:debugx7SCu,focus,279206,on,1701965265236
debugj5rXF:debugx7SCu,focus,7767,off,1701965273003
debugj5rXF:debugx7SCu,focus,9050,on,1701965282053
debugj5rXF:debugx7SCu,window_resize,100104,"[2048, 1054]",1701965382157
debugj5rXF:debugx7SCu,window_resize,11431,"[1022, 1047]",1701965393588
debugj5rXF:debugx7SCu,focus,2770,off,1701965396358
debugj5rXF:debugx7SCu,focus,1809,on,1701965398167
debugj5rXF:debugx7SCu,focus,1008,off,1701965399175
debugj5rXF:debugx7SCu,focus,18852,on,1701965418027
debugj5rXF:debugx7SCu,focus,1064,off,1701965419091
debugj5rXF:debugx7SCu,focus,654,on,1701965419745
debugj5rXF:debugx7SCu,focus,1976,off,1701965421721
debugj5rXF:debugx7SCu,focus,62511,on,1701965484232
debugj5rXF:debugx7SCu,focus,1223,off,1701965485455
debugj5rXF:debugx7SCu,focus,16055,on,1701965501510
debugj5rXF:debugx7SCu,focus,5359,off,1701965506869
debugj5rXF:debugx7SCu,focus,30908,on,1701965537777
debugj5rXF:debugx7SCu,focus,50646,off,1701965588423
debugj5rXF:debugx7SCu,focus,3502,on,1701965591925
debugj5rXF:debugx7SCu,focus,1884,off,1701965593809
debugj5rXF:debugx7SCu,focus,4928,on,1701965598737
debugj5rXF:debugx7SCu,focus,1664,off,1701965600401
debugj5rXF:debugx7SCu,focus,67910,on,1701965668311
debugj5rXF:debugx7SCu,focus,4178,off,1701965672489
debugj5rXF:debugx7SCu,focus,43067,on,1701965715556
debugj5rXF:debugx7SCu,focus,2763,off,1701965718319
debugj5rXF:debugx7SCu,focus,6887,on,1701965725206
debugj5rXF:debugx7SCu,focus,78001,off,1701965803207
debugj5rXF:debugx7SCu,focus,4359,on,1701965807566
debugj5rXF:debugx7SCu,focus,1448,off,1701965809014
debugj5rXF:debugx7SCu,focus,1757,on,1701965810771
debugj5rXF:debugx7SCu,focus,1526,off,1701965812297
debugj5rXF:debugx7SCu,focus,59784,on,1701965872081
debugj5rXF:debugx7SCu,focus,3691,off,1701965875772
debugj5rXF:debugx7SCu,focus,147797,on,1701966023569
debugj5rXF:debugx7SCu,focus,5248,off,1701966028817
debugj5rXF:debugx7SCu,focus,29085,on,1701966057902
debugj5rXF:debugx7SCu,focus,76443,off,1701966134345
debugj5rXF:debugx7SCu,focus,1058,on,1701966135403
debugj5rXF:debugx7SCu,focus,923,off,1701966136326
debugj5rXF:debugx7SCu,focus,61715,on,1701966198041
debugj5rXF:debugx7SCu,focus,4359,off,1701966202400
debugj5rXF:debugx7SCu,focus,10245,on,1701966212645
debugj5rXF:debugx7SCu,focus,41679,off,1701966254324
debugj5rXF:debugx7SCu,focus,3654,on,1701966257978
debugj5rXF:debugx7SCu,focus,689,off,1701966258667
debugj5rXF:debugx7SCu,focus,10330,on,1701966268997
debugj5rXF:debugx7SCu,focus,423,off,1701966269420
debugj5rXF:debugx7SCu,focus,13465,on,1701966282885
debugjdP9X:debugQMWGN,initialized,0,,1703606297299
debugjdP9X:debugQMWGN,window_resize,0,"[1024, 748]",1703606297299
debugjdP9X:debugQMWGN,window_resize,16672,"[1536, 762]",1703606313971
debugjdP9X:debugQMWGN,focus,2568,off,1703606316539
debugjdP9X:debugQMWGN,focus,750,on,1703606317289
debugXx4Yv:debugm9FNy,initialized,0,,1704207990854
debugXx4Yv:debugm9FNy,window_resize,0,"[1024, 650]",1704207990854
debugXx4Yv:debugm9FNy,window_resize,10268,"[1366, 666]",1704208001122
debugXx4Yv:debugm9FNy,focus,26807,off,1704208027929
debugXx4Yv:debugm9FNy,focus,8248,on,1704208036177
debugQHfGh:debugh1bMt,initialized,0,,1706198187086
debugQHfGh:debugh1bMt,window_resize,0,"[1440, 813]",1706198187086
debugQHfGh:debugh1bMt,window_resize,18904,"[1348, 734]",1706198205990
debugQHfGh:debugh1bMt,window_resize,1564,"[1440, 813]",1706198207554
debugQHfGh:debugh1bMt,focus,5981,off,1706198213535
debugQHfGh:debugh1bMt,focus,2996,on,1706198216531
debugL2tvP:debugdiDoy,initialized,0,,1698332074595
debugL2tvP:debugdiDoy,window_resize,0,"[1024, 767]",1698332074595
debugL2tvP:debugdiDoy,window_resize,19133,"[1920, 982]",1698332093728
debugL2tvP:debugdiDoy,focus,234671,off,1698332328399
debugL2tvP:debugdiDoy,focus,3133,on,1698332331532
debugL2tvP:debugdiDoy,focus,1205,off,1698332332737
debugL2tvP:debugdiDoy,focus,5795,on,1698332338532
debugL2tvP:debugdiDoy,focus,5673,off,1698332344205
debugL2tvP:debugdiDoy,focus,4850,on,1698332349055
debugL2tvP:debugdiDoy,focus,918,off,1698332349973
debugL2tvP:debugdiDoy,focus,32297,on,1698332382270
debugL2tvP:debugdiDoy,focus,2662,off,1698332384932
debugL2tvP:debugdiDoy,focus,6827,on,1698332391759
debugL2tvP:debugdiDoy,focus,36659,off,1698332428418
debugL2tvP:debugdiDoy,focus,63509,on,1698332491927
debugL2tvP:debugdiDoy,focus,2090,off,1698332494017
debugL2tvP:debugdiDoy,focus,53257,on,1698332547274
debugL2tvP:debugdiDoy,focus,60918,off,1698332608192
debugL2tvP:debugdiDoy,focus,61529,on,1698332669721
debugL2tvP:debugdiDoy,focus,2870,off,1698332672591
debugL2tvP:debugdiDoy,focus,45958,on,1698332718549
debugL2tvP:debugdiDoy,focus,41538,off,1698332760087
debugL2tvP:debugdiDoy,focus,65358,on,1698332825445
debugL2tvP:debugdiDoy,focus,1497,off,1698332826942
debugL2tvP:debugdiDoy,focus,50727,on,1698332877669
debugL2tvP:debugdiDoy,focus,38965,off,1698332916634
debugL2tvP:debugdiDoy,focus,48438,on,1698332965072
debugMxXI2:debugahX0a,initialized,0,,1703964453325
debugMxXI2:debugahX0a,window_resize,0,"[822, 936]",1703964453325
debugMxXI2:debugahX0a,window_resize,7162,"[834, 948]",1703964460487
debugMxXI2:debugahX0a,window_resize,1148,"[822, 936]",1703964461635
debugMxXI2:debugahX0a,window_resize,1064,"[954, 978]",1703964462699
debugsoJsn:debugPD8AO,initialized,0,,1702748963170
debugsoJsn:debugPD8AO,window_resize,0,"[1028, 778]",1702748963170
debugsoJsn:debugPD8AO,window_resize,17705,"[1536, 806]",1702748980875
debugsoJsn:debugPD8AO,focus,24730,off,1702749005605
debugsoJsn:debugPD8AO,focus,1250,on,1702749006855
debugGAGqe:debugO708h,initialized,0,,1701963995649
debugGAGqe:debugO708h,window_resize,0,"[1389, 1091]",1701963995649
debugGAGqe:debugO708h,focus,1447,off,1701963997096
debugGAGqe:debugO708h,focus,7110,on,1701964004206
debugGAGqe:debugO708h,window_resize,15328,"[1846, 1210]",1701964019534
debugGAGqe:debugO708h,focus,714,off,1701964020248
debugGAGqe:debugO708h,focus,1188,on,1701964021436
debugGAGqe:debugO708h,focus,492521,off,1701964513957
debugGAGqe:debugO708h,focus,52340,on,1701964566297
debugGAGqe:debugO708h,focus,5531,off,1701964571828
debugGAGqe:debugO708h,focus,37936,on,1701964609764
debugGAGqe:debugO708h,focus,53453,off,1701964663217
debugGAGqe:debugO708h,focus,65963,on,1701964729180
debugGAGqe:debugO708h,focus,4662,off,1701964733842
debugGAGqe:debugO708h,focus,30133,on,1701964763975
debugGAGqe:debugO708h,focus,27080,off,1701964791055
debugGAGqe:debugO708h,focus,9613,on,1701964800668
debugGAGqe:debugO708h,focus,31280,off,1701964831948
debugGAGqe:debugO708h,focus,37864,on,1701964869812
debugB40gN:debugcpTej,initialized,0,,1698331467655
debugB40gN:debugcpTej,window_resize,0,"[1024, 767]",1698331467655
debugB40gN:debugcpTej,focus,36850,off,1698331504505
debugB40gN:debugcpTej,focus,229,on,1698331504734
debugB40gN:debugcpTej,window_resize,350,"[1745, 864]",1698331505084
debuglCE9H:debugEQk6s,initialized,0,,1701961432840
debuglCE9H:debugEQk6s,window_resize,0,"[1024, 767]",1701961432840
debuglCE9H:debugEQk6s,focus,23080,off,1701961455920
debuglCE9H:debugEQk6s,focus,6299,on,1701961462219
debuglCE9H:debugEQk6s,focus,4141,off,1701961466360
debuglCE9H:debugEQk6s,focus,186,on,1701961466546
debuglCE9H:debugEQk6s,window_resize,6905,"[1920, 982]",1701961473451
debugG3RN8:debug3DV9y,initialized,0,,1702480029881
debugG3RN8:debug3DV9y,window_resize,0,"[1536, 758]",1702480029881
debugG3RN8:debug3DV9y,focus,6988,off,1702480036869
debugG3RN8:debug3DV9y,focus,3781,on,1702480040650
debughmrxs:debugtvRP7,initialized,0,,1698331485750
debughmrxs:debugtvRP7,window_resize,0,"[1037, 602]",1698331485750
debugCVtjw:debugQQHpH,initialized,0,,1701961245296
debugCVtjw:debugQQHpH,window_resize,0,"[1040, 812]",1701961245296
debugCVtjw:debugQQHpH,window_resize,23159,"[1707, 854]",1701961268455
debugCVtjw:debugQQHpH,window_resize,11056,"[1040, 812]",1701961279511
debugCVtjw:debugQQHpH,focus,6962,off,1701961286473
debugCVtjw:debugQQHpH,focus,6397,on,1701961292870
debugCVtjw:debugQQHpH,window_resize,10131,"[1707, 854]",1701961303001
debugxLb1V:debug8OsDX,initialized,0,,1701964166912
debugxLb1V:debug8OsDX,window_resize,0,"[1028, 744]",1701964166912
debugxLb1V:debug8OsDX,window_resize,32487,"[1536, 758]",1701964199399
debugxLb1V:debug8OsDX,window_resize,60504,"[1028, 744]",1701964259903
debugxLb1V:debug8OsDX,focus,1206,off,1701964261109
debugxLb1V:debug8OsDX,focus,3553,on,1701964264662
debugxLb1V:debug8OsDX,focus,4659,off,1701964269321
debugxLb1V:debug8OsDX,focus,6302,on,1701964275623
debugxLb1V:debug8OsDX,window_resize,986112,"[1028, 744]",1701965261735
debugxLb1V:debug8OsDX,focus,3677,off,1701965265412
debugxLb1V:debug8OsDX,focus,8988,on,1701965274400
debugxLb1V:debug8OsDX,window_resize,261,"[1536, 758]",1701965274661
debugxLb1V:debug8OsDX,focus,441823,off,1701965716484
debugxLb1V:debug8OsDX,focus,1227,on,1701965717711
debugxLb1V:debug8OsDX,window_resize,7116,"[1028, 744]",1701965724827
debugxLb1V:debug8OsDX,focus,960,off,1701965725787
debugxLb1V:debug8OsDX,focus,2222,on,1701965728009
debugxLb1V:debug8OsDX,window_resize,2973,"[1536, 758]",1701965730982
debugxLb1V:debug8OsDX,window_resize,1413,"[1028, 744]",1701965732395
debugxLb1V:debug8OsDX,focus,2263,off,1701965734658
debugxLb1V:debug8OsDX,focus,4314,on,1701965738972
debugxLb1V:debug8OsDX,window_resize,2306,"[1536, 758]",1701965741278
debugxLb1V:debug8OsDX,focus,682068,off,1701966423346
debugxLb1V:debug8OsDX,focus,2821,on,1701966426167
debugxLb1V:debug8OsDX,focus,793342,off,1701967219509
debugxLb1V:debug8OsDX,focus,2278,on,1701967221787
debugMlK6P:debugxNIiv,initialized,0,,1702480097671
debugMlK6P:debugxNIiv,window_resize,0,"[1024, 646]",1702480097671
debugMlK6P:debugxNIiv,window_resize,266845,"[1366, 662]",1702480364516
debugMlK6P:debugxNIiv,focus,468562,off,1702480833078
debugMlK6P:debugxNIiv,focus,812,on,1702480833890
debugMlK6P:debugxNIiv,focus,168392,off,1702481002282
debugMlK6P:debugxNIiv,focus,827,on,1702481003109
debug6QRvv:debug41HRl,initialized,0,,1703167940873
debug6QRvv:debug41HRl,window_resize,0,"[1025, 768]",1703167940873
debug6QRvv:debug41HRl,focus,24185,off,1703167965058
debug6QRvv:debug41HRl,focus,5277,on,1703167970335
debug6QRvv:debug41HRl,window_resize,5406,"[2560, 1356]",1703167975741
debug6QRvv:debug41HRl,focus,1648,off,1703167977389
debug6QRvv:debug41HRl,focus,2125,on,1703167979514
debug6QRvv:debug41HRl,focus,934237,off,1703168913751
debug6QRvv:debug41HRl,focus,7350,on,1703168921101
debug3X1wE:debug0aWLu,initialized,0,,1703345788214
debug3X1wE:debug0aWLu,window_resize,0,"[1295, 1210]",1703345788214
debug3X1wE:debug0aWLu,window_resize,28508,"[2470, 1210]",1703345816722
debug3X1wE:debug0aWLu,window_resize,3183,"[2528, 1287]",1703345819905
debugGAFq6:debugAAq9G,initialized,0,,1704207487853
debugGAFq6:debugAAq9G,window_resize,0,"[1920, 974]",1704207487853
debugBpGAy:debug6QzaG,initialized,0,,1703606648335
debugBpGAy:debug6QzaG,window_resize,0,"[1278, 1325]",1703606648335
debugBpGAy:debug6QzaG,focus,12610,off,1703606660945
debugBpGAy:debug6QzaG,focus,110248,on,1703606771193
debugBpGAy:debug6QzaG,focus,4007,off,1703606775200
debugBpGAy:debug6QzaG,focus,1123,on,1703606776323
debugBpGAy:debug6QzaG,focus,13564,off,1703606789887
debugBpGAy:debug6QzaG,focus,7530,on,1703606797417
debugBpGAy:debug6QzaG,focus,3570,off,1703606800987
debugBpGAy:debug6QzaG,focus,239715,on,1703607040702
debugBpGAy:debug6QzaG,window_resize,243,"[2560, 1334]",1703607040945
debugBpGAy:debug6QzaG,focus,4019,off,1703607044964
debugBpGAy:debug6QzaG,focus,2954,on,1703607047918
debugBpGAy:debug6QzaG,focus,21954,off,1703607069872
debugBpGAy:debug6QzaG,focus,28571,on,1703607098443
debugBpGAy:debug6QzaG,window_resize,8288,"[1024, 767]",1703607106731
debugBpGAy:debug6QzaG,focus,536,off,1703607107267
debugBpGAy:debug6QzaG,window_resize,198,"[1278, 1325]",1703607107465
debugBpGAy:debug6QzaG,focus,721,on,1703607108186
debugBpGAy:debug6QzaG,focus,5805,off,1703607113991
debugBpGAy:debug6QzaG,focus,4824,on,1703607118815
debugBpGAy:debug6QzaG,focus,65787,off,1703607184602
debugBpGAy:debug6QzaG,focus,17795,on,1703607202397
debugBpGAy:debug6QzaG,focus,477,off,1703607202874
debugBpGAy:debug6QzaG,focus,2554,on,1703607205428
debugBpGAy:debug6QzaG,focus,378,off,1703607205806
debugBpGAy:debug6QzaG,focus,22772,on,1703607228578
debugBpGAy:debug6QzaG,focus,91149,off,1703607319727
debugBpGAy:debug6QzaG,focus,59432,on,1703607379159
debugBpGAy:debug6QzaG,focus,853,off,1703607380012
debugBpGAy:debug6QzaG,focus,3133,on,1703607383145
debugBpGAy:debug6QzaG,focus,429,off,1703607383574
debugBpGAy:debug6QzaG,focus,33217,on,1703607416791
debugBpGAy:debug6QzaG,focus,59680,off,1703607476471
debugBpGAy:debug6QzaG,focus,55273,on,1703607531744
debugBpGAy:debug6QzaG,focus,670,off,1703607532414
debugBpGAy:debug6QzaG,focus,878,on,1703607533292
debugBpGAy:debug6QzaG,focus,1160,off,1703607534452
debugBpGAy:debug6QzaG,focus,46461,on,1703607580913
debugBpGAy:debug6QzaG,focus,210700,off,1703607791613
debugBpGAy:debug6QzaG,focus,341317,on,1703608132930
debugBpGAy:debug6QzaG,focus,3343,off,1703608136273
debugBpGAy:debug6QzaG,focus,584,on,1703608136857
debugBpGAy:debug6QzaG,focus,422,off,1703608137279
debugBpGAy:debug6QzaG,focus,33368,on,1703608170647
debugBpGAy:debug6QzaG,focus,7361,off,1703608178008
debugBpGAy:debug6QzaG,focus,14237,on,1703608192245
debugBpGAy:debug6QzaG,focus,15183,off,1703608207428
debugBpGAy:debug6QzaG,focus,2194,on,1703608209622
debugBpGAy:debug6QzaG,focus,120348,off,1703608329970
debugBpGAy:debug6QzaG,focus,2093,on,1703608332063
debugBpGAy:debug6QzaG,focus,476,off,1703608332539
debugBpGAy:debug6QzaG,focus,39599,on,1703608372138
debugBpGAy:debug6QzaG,focus,61541,off,1703608433679
debugBpGAy:debug6QzaG,focus,6232,on,1703608439911
debugbZ5v1:debugeQC5a,initialized,0,,1703603182320
debugbZ5v1:debugeQC5a,window_resize,0,"[1028, 744]",1703603182320
debugbZ5v1:debugeQC5a,focus,34414,off,1703603216734
debugbZ5v1:debugeQC5a,focus,45847,on,1703603262581
debugbZ5v1:debugeQC5a,window_resize,23256,"[1536, 758]",1703603285837
debugEDrmJ:debugxR6Tm,initialized,0,,1703696302085
debugEDrmJ:debugxR6Tm,window_resize,0,"[1920, 982]",1703696302085
debugEDrmJ:debugxR6Tm,focus,19648,off,1703696321733
debugEDrmJ:debugxR6Tm,focus,8706,on,1703696330439
debugEDrmJ:debugxR6Tm,window_resize,1396,"[1920, 1080]",1703696331835
debugEDrmJ:debugxR6Tm,window_resize,12825,"[1920, 982]",1703696344660
debugEDrmJ:debugxR6Tm,focus,993,off,1703696345653
debugEDrmJ:debugxR6Tm,focus,1810,on,1703696347463
debugEDrmJ:debugxR6Tm,window_resize,6831,"[1920, 1080]",1703696354294
debugNFYP7:debugUNGw2,initialized,0,,1703696071389
debugNFYP7:debugUNGw2,window_resize,0,"[1024, 720]",1703696071389
debugNFYP7:debugUNGw2,window_resize,15583,"[1280, 800]",1703696086972
debugNFYP7:debugUNGw2,window_resize,10299,"[1024, 720]",1703696097271
debugNFYP7:debugUNGw2,focus,1409,off,1703696098680
debugNFYP7:debugUNGw2,focus,13054,on,1703696111734
debugNFYP7:debugUNGw2,window_resize,2314,"[1280, 800]",1703696114048
debugJGga7:debugRnFQP,initialized,0,,1701961723988
debugJGga7:debugRnFQP,window_resize,0,"[1536, 758]",1701961723988
debug7mUFQ:debugTX5VG,initialized,0,,1701963973872
debug7mUFQ:debugTX5VG,window_resize,0,"[1440, 812]",1701963973872
debug7mUFQ:debugTX5VG,window_resize,3522,"[1440, 900]",1701963977394
debug7mUFQ:debugTX5VG,focus,19361,off,1701963996755
debug7mUFQ:debugTX5VG,focus,9643,on,1701964006398
debugLCEp0:debugCg4LX,initialized,0,,1703167937528
debugLCEp0:debugCg4LX,window_resize,0,"[1440, 812]",1703167937528
debugqw9Ik:debugjXISa,initialized,0,,1702749170185
debugqw9Ik:debugjXISa,window_resize,0,"[1517, 735]",1702749170185
debugRkWyK:debugHD4jr,initialized,0,,1701961550971
debugRkWyK:debugHD4jr,window_resize,0,"[1366, 670]",1701961550971
debugRkWyK:debugHD4jr,window_resize,413499,"[1366, 768]",1701961964470
debugRkWyK:debugHD4jr,window_resize,2070,"[1366, 670]",1701961966540
debugRkWyK:debugHD4jr,focus,4215,off,1701961970755
debugRkWyK:debugHD4jr,focus,26878,on,1701961997633
debugUXUWx:debugMD1B5,initialized,0,,1703606234554
debugUXUWx:debugMD1B5,window_resize,0,"[1024, 751]",1703606234554
debugUXUWx:debugMD1B5,focus,4588,off,1703606239142
debugUXUWx:debugMD1B5,focus,7557,on,1703606246699
debugUXUWx:debugMD1B5,focus,7976,off,1703606254675
debugUXUWx:debugMD1B5,focus,10665,on,1703606265340
debugUXUWx:debugMD1B5,focus,7546,off,1703606272886
debugUXUWx:debugMD1B5,focus,3919,on,1703606276805
debugkRXDg:debug8tAjn,initialized,0,,1703954302267
debugkRXDg:debug8tAjn,window_resize,0,"[1024, 767]",1703954302267
debugkRXDg:debug8tAjn,window_resize,224728,"[819, 614]",1703954526995
debugkRXDg:debug8tAjn,window_resize,852,"[1024, 767]",1703954527847
debugkRXDg:debug8tAjn,focus,354868,off,1703954882715
debugkRXDg:debug8tAjn,focus,699,on,1703954883414
debugkRXDg:debug8tAjn,focus,1677,off,1703954885091
debugkRXDg:debug8tAjn,focus,60100,on,1703954945191
debugZJK7K:debugk7zeq,initialized,0,,1701964456444
debugZJK7K:debugk7zeq,window_resize,1,"[1028, 752]",1701964456445
debugZJK7K:debugk7zeq,focus,270716,off,1701964727161
debugZJK7K:debugk7zeq,focus,11392,on,1701964738553
debugZJK7K:debugk7zeq,window_resize,301089,"[1536, 766]",1701965039642
debugZJK7K:debugk7zeq,focus,116094,off,1701965155736
debugZJK7K:debugk7zeq,focus,2477,on,1701965158213
debugDX2Cp:debugmeS7m,initialized,0,,1702480511019
debugDX2Cp:debugmeS7m,window_resize,1,"[1024, 767]",1702480511020
debugDX2Cp:debugmeS7m,window_resize,58370,"[1920, 974]",1702480569390
debugDX2Cp:debugmeS7m,window_resize,2479,"[1024, 767]",1702480571869
debugDX2Cp:debugmeS7m,focus,967,off,1702480572836
debugDX2Cp:debugmeS7m,focus,19665,on,1702480592501
debugDX2Cp:debugmeS7m,window_resize,4505,"[1920, 974]",1702480597006
debugDX2Cp:debugmeS7m,window_resize,6327,"[1024, 767]",1702480603333
debugDX2Cp:debugmeS7m,focus,3536,off,1702480606869
debugDX2Cp:debugmeS7m,focus,2953,on,1702480609822
debugDX2Cp:debugmeS7m,window_resize,7111,"[1920, 974]",1702480616933
debugDX2Cp:debugmeS7m,window_resize,342457,"[1024, 767]",1702480959390
debugDX2Cp:debugmeS7m,focus,4203,off,1702480963593
debugDX2Cp:debugmeS7m,focus,3341,on,1702480966934
debugDX2Cp:debugmeS7m,focus,8176,off,1702480975110
debugDX2Cp:debugmeS7m,focus,170689,on,1702481145799
debugDX2Cp:debugmeS7m,focus,20415,off,1702481166214
debugDX2Cp:debugmeS7m,focus,983,on,1702481167197
debugDX2Cp:debugmeS7m,focus,5204,off,1702481172401
debugDX2Cp:debugmeS7m,window_resize,198,"[958, 965]",1702481172599
debugDX2Cp:debugmeS7m,focus,44253,on,1702481216852
debugDX2Cp:debugmeS7m,focus,181903,off,1702481398755
debugDX2Cp:debugmeS7m,focus,86670,on,1702481485425
debugDX2Cp:debugmeS7m,focus,7047,off,1702481492472
debugDX2Cp:debugmeS7m,focus,109611,on,1702481602083
debugDX2Cp:debugmeS7m,focus,4486,off,1702481606569
debugDX2Cp:debugmeS7m,focus,13176,on,1702481619745
debugDX2Cp:debugmeS7m,focus,3168,off,1702481622913
debugDX2Cp:debugmeS7m,focus,50427,on,1702481673340
debugDX2Cp:debugmeS7m,focus,185804,off,1702481859144
debugDX2Cp:debugmeS7m,focus,2766,on,1702481861910
debugDX2Cp:debugmeS7m,focus,1442,off,1702481863352
debugDX2Cp:debugmeS7m,focus,78069,on,1702481941421
debugDX2Cp:debugmeS7m,focus,6082,off,1702481947503
debugDX2Cp:debugmeS7m,focus,33956,on,1702481981459
debugDX2Cp:debugmeS7m,focus,2002,off,1702481983461
debugDX2Cp:debugmeS7m,focus,3594,on,1702481987055
debugDX2Cp:debugmeS7m,focus,172239,off,1702482159294
debugDX2Cp:debugmeS7m,focus,62259,on,1702482221553
debugDX2Cp:debugmeS7m,focus,35809,off,1702482257362
debugDX2Cp:debugmeS7m,focus,68839,on,1702482326201
debugDX2Cp:debugmeS7m,focus,220779,off,1702482546980
debugDX2Cp:debugmeS7m,focus,34804,on,1702482581784
debugDX2Cp:debugmeS7m,focus,308446,off,1702482890230
debugDX2Cp:debugmeS7m,focus,66354,on,1702482956584
debugj9XO0:debugAFTvO,initialized,0,,1703612120587
debugj9XO0:debugAFTvO,window_resize,0,"[1028, 744]",1703612120587
debugj9XO0:debugAFTvO,focus,20264,off,1703612140851
debugj9XO0:debugAFTvO,focus,6382,on,1703612147233
