debugCM4Dc:debugAktYU,initialized,0,,1694881539879
debugCM4Dc:debugAktYU,window_resize,0,"[1028, 778]",1694881539879
debugKQvoY:debugONmQg,initialized,0,,1695887930163
debugKQvoY:debugONmQg,window_resize,0,"[1028, 778]",1695887930163
debugKQvoY:debugONmQg,focus,1127,off,1695887931290
debugKQvoY:debugONmQg,focus,6735,on,1695887938025
debugKQvoY:debugONmQg,focus,8115,off,1695887946140
debugKQvoY:debugONmQg,focus,62843,on,1695888008983
debugKQvoY:debugONmQg,focus,101045,off,1695888110028
debugKQvoY:debugONmQg,focus,11020,on,1695888121048
debugKQvoY:debugONmQg,focus,6483,off,1695888127531
debugKQvoY:debugONmQg,focus,3933,on,1695888131464
debugKQvoY:debugONmQg,focus,1572,off,1695888133036
debugKQvoY:debugONmQg,focus,55974,on,1695888189010
debugKQvoY:debugONmQg,focus,3785,off,1695888192795
debugKQvoY:debugONmQg,focus,25578,on,1695888218373
debugKQvoY:debugONmQg,focus,2643,off,1695888221016
debugKQvoY:debugONmQg,focus,66065,on,1695888287081
debugKQvoY:debugONmQg,focus,12847,off,1695888299928
debugKQvoY:debugONmQg,focus,19301,on,1695888319229
debugKQvoY:debugONmQg,focus,5918,off,1695888325147
debugKQvoY:debugONmQg,focus,8758,on,1695888333905
debugKQvoY:debugONmQg,focus,6825,off,1695888340730
debugKQvoY:debugONmQg,focus,8364,on,1695888349094
debugKQvoY:debugONmQg,focus,1605,off,1695888350699
debugKQvoY:debugONmQg,focus,10247,on,1695888360946
debugKQvoY:debugONmQg,focus,2986,off,1695888363932
debugKQvoY:debugONmQg,focus,34283,on,1695888398215
debugKQvoY:debugONmQg,focus,14729,off,1695888412944
debugKQvoY:debugONmQg,focus,36859,on,1695888449803
debugKQvoY:debugONmQg,focus,1675,off,1695888451478
debugKQvoY:debugONmQg,focus,37973,on,1695888489451
debugKQvoY:debugONmQg,focus,2073,off,1695888491524
debugKQvoY:debugONmQg,focus,1914,on,1695888493438
debugKQvoY:debugONmQg,focus,1522,off,1695888494960
debugKQvoY:debugONmQg,focus,35866,on,1695888530826
debugKQvoY:debugONmQg,focus,8737,off,1695888539563
debugKQvoY:debugONmQg,focus,57957,on,1695888597520
debugKQvoY:debugONmQg,focus,26062,off,1695888623582
debugKQvoY:debugONmQg,focus,16946,on,1695888640528
debugKQvoY:debugONmQg,focus,2180,off,1695888642708
debugKQvoY:debugONmQg,focus,1871,on,1695888644579
debugKQvoY:debugONmQg,focus,5643,off,1695888650222
debugKQvoY:debugONmQg,focus,1454,on,1695888651676
debugKQvoY:debugONmQg,focus,1381,off,1695888653057
debugKQvoY:debugONmQg,focus,4243,on,1695888657300
debugKQvoY:debugONmQg,focus,1227,off,1695888658527
debugKQvoY:debugONmQg,focus,22920,on,1695888681447
debugKQvoY:debugONmQg,focus,2370,off,1695888683817
debugKQvoY:debugONmQg,focus,77752,on,1695888761569
debugKQvoY:debugONmQg,focus,2938,off,1695888764507
debugKQvoY:debugONmQg,focus,24171,on,1695888788678
debugKQvoY:debugONmQg,focus,1240,off,1695888789918
debugKQvoY:debugONmQg,focus,7271,on,1695888797189
debugKQvoY:debugONmQg,focus,9361,off,1695888806550
debugKQvoY:debugONmQg,focus,1473,on,1695888808023
debugKQvoY:debugONmQg,focus,34475,off,1695888842498
debugKQvoY:debugONmQg,focus,71666,on,1695888914164
debugKQvoY:debugONmQg,focus,2740,off,1695888916904
debugKQvoY:debugONmQg,focus,8665,on,1695888925569
debugKQvoY:debugONmQg,focus,6082,off,1695888931651
debugKQvoY:debugONmQg,focus,86845,on,1695889018496
debugKQvoY:debugONmQg,focus,9604,off,1695889028100
debugKQvoY:debugONmQg,focus,5018,on,1695889033118
debugKQvoY:debugONmQg,focus,1281,off,1695889034399
debugKQvoY:debugONmQg,focus,61139,on,1695889095538
debugBmyRE:debug8T2fC,initialized,0,,1701964054093
debugBmyRE:debug8T2fC,window_resize,1,"[1026, 746]",1701964054094
debugBmyRE:debug8T2fC,focus,15666,off,1701964069760
debugBmyRE:debug8T2fC,focus,3673,on,1701964073433
debugBmyRE:debug8T2fC,focus,6171,off,1701964079604
debugBmyRE:debug8T2fC,focus,5082,on,1701964084686
debugBmyRE:debug8T2fC,window_resize,8658,"[1024, 744]",1701964093344
debugBmyRE:debug8T2fC,focus,4394,off,1701964097738
debugBmyRE:debug8T2fC,focus,991,on,1701964098729
debugBmyRE:debug8T2fC,focus,61115,off,1701964159844
debugBmyRE:debug8T2fC,focus,7814,on,1701964167658
debugBmyRE:debug8T2fC,focus,198966,off,1701964366624
debugBmyRE:debug8T2fC,focus,15657,on,1701964382281
debugBmyRE:debug8T2fC,focus,36221,off,1701964418502
debugBmyRE:debug8T2fC,focus,18519,on,1701964437021
debugBmyRE:debug8T2fC,focus,25034,off,1701964462055
debugBmyRE:debug8T2fC,focus,23097,on,1701964485152
debugBmyRE:debug8T2fC,focus,1039,off,1701964486191
debugBmyRE:debug8T2fC,focus,33568,on,1701964519759
debugBmyRE:debug8T2fC,focus,60961,off,1701964580720
debugBmyRE:debug8T2fC,focus,12590,on,1701964593310
debugBmyRE:debug8T2fC,focus,69419,off,1701964662729
debugBmyRE:debug8T2fC,focus,57404,on,1701964720133
debugBmyRE:debug8T2fC,focus,2980,off,1701964723113
debugBmyRE:debug8T2fC,focus,13107,on,1701964736220
debugBmyRE:debug8T2fC,focus,5337,off,1701964741557
debugBmyRE:debug8T2fC,focus,27256,on,1701964768813
debugBmyRE:debug8T2fC,focus,7354,off,1701964776167
debugBmyRE:debug8T2fC,focus,6974,on,1701964783141
debugBmyRE:debug8T2fC,focus,4160,off,1701964787301
debugBmyRE:debug8T2fC,focus,619,on,1701964787920
debugBmyRE:debug8T2fC,focus,4595,off,1701964792515
debugBmyRE:debug8T2fC,focus,5225,on,1701964797740
debugBmyRE:debug8T2fC,focus,391484,off,1701965189224
debugBmyRE:debug8T2fC,focus,7557,on,1701965196781
debugBmyRE:debug8T2fC,window_resize,13591,"[1026, 747]",1701965210372
debugBmyRE:debug8T2fC,window_resize,535,"[1024, 744]",1701965210907
debugBmyRE:debug8T2fC,focus,54865,off,1701965265772
debugBmyRE:debug8T2fC,focus,18747,on,1701965284519
debugBmyRE:debug8T2fC,focus,15315,off,1701965299834
debugBmyRE:debug8T2fC,focus,78505,on,1701965378339
debugBmyRE:debug8T2fC,focus,6229,off,1701965384568
debugBmyRE:debug8T2fC,focus,1284,on,1701965385852
debugBmyRE:debug8T2fC,focus,43149,off,1701965429001
debugBmyRE:debug8T2fC,focus,74143,on,1701965503144
debugBmyRE:debug8T2fC,focus,308174,off,1701965811318
debugBmyRE:debug8T2fC,focus,11024,on,1701965822342
debugBmyRE:debug8T2fC,focus,151251,off,1701965973593
debugBmyRE:debug8T2fC,focus,1673,on,1701965975266
debug0UIQi:debugn4eqb,initialized,0,,1698250670803
debug0UIQi:debugn4eqb,window_resize,0,"[1027, 607]",1698250670803
debug0UIQi:debugn4eqb,window_resize,21034,"[1220, 619]",1698250691837
debug0UIQi:debugn4eqb,focus,6518,off,1698250698355
debug0UIQi:debugn4eqb,focus,4496,on,1698250702851
debug0UIQi:debugn4eqb,window_resize,6895,"[1027, 607]",1698250709746
debug0UIQi:debugn4eqb,focus,608,off,1698250710354
debug0UIQi:debugn4eqb,focus,7735,on,1698250718089
debug0UIQi:debugn4eqb,window_resize,12219,"[1220, 619]",1698250730308
debug0UIQi:debugn4eqb,focus,522659,off,1698251252967
debug0UIQi:debugn4eqb,focus,466,on,1698251253433
debug0UIQi:debugn4eqb,focus,270916,off,1698251524349
debug0UIQi:debugn4eqb,focus,440,on,1698251524789
debug0UIQi:debugn4eqb,focus,65874,off,1698251590663
debug0UIQi:debugn4eqb,focus,439,on,1698251591102
debug0UIQi:debugn4eqb,focus,5476,off,1698251596578
debug0UIQi:debugn4eqb,focus,444,on,1698251597022
debug0UIQi:debugn4eqb,focus,349208,off,1698251946230
debug0UIQi:debugn4eqb,focus,2537,on,1698251948767
debug0UIQi:debugn4eqb,focus,192138,off,1698252140905
debug0UIQi:debugn4eqb,focus,2326,on,1698252143231
debug0UIQi:debugn4eqb,focus,187863,off,1698252331094
debug0UIQi:debugn4eqb,focus,140775,on,1698252471869
debug0UIQi:debugn4eqb,focus,155224,off,1698252627093
debug0UIQi:debugn4eqb,focus,444,on,1698252627537
debug0UIQi:debugn4eqb,focus,1830,off,1698252629367
debug0UIQi:debugn4eqb,focus,441,on,1698252629808
debug0UIQi:debugn4eqb,focus,610753,off,1698253240561
debug0UIQi:debugn4eqb,focus,2756,on,1698253243317
debug1iDNa:debugK5Yiy,initialized,0,,1698331576161
debug1iDNa:debugK5Yiy,window_resize,1,"[980, 1829]",1698331576162
debugGNnSb:debugSvbkr,initialized,0,,1701964205206
debugGNnSb:debugSvbkr,window_resize,0,"[1024, 654]",1701964205206
debugGNnSb:debugSvbkr,focus,25360,off,1701964230566
debugGNnSb:debugSvbkr,focus,5134,on,1701964235700
debugqtfx5:debug3XZfc,initialized,0,,1698250666699
debugqtfx5:debug3XZfc,window_resize,0,"[1024, 657]",1698250666699
debugqtfx5:debug3XZfc,window_resize,33468,"[1366, 714]",1698250700167
debugqtfx5:debug3XZfc,focus,24285,off,1698250724452
debugqtfx5:debug3XZfc,focus,8000,on,1698250732452
debugqtfx5:debug3XZfc,focus,1,off,1698250732453
debugqtfx5:debug3XZfc,focus,1009,on,1698250733462
debugqtfx5:debug3XZfc,focus,739547,off,1698251473009
debugqtfx5:debug3XZfc,focus,29167,on,1698251502176
debugqtfx5:debug3XZfc,focus,188883,off,1698251691059
debugqtfx5:debug3XZfc,focus,43283,on,1698251734342
debugqtfx5:debug3XZfc,focus,281294,off,1698252015636
debugqtfx5:debug3XZfc,focus,3487,on,1698252019123
debugqtfx5:debug3XZfc,focus,629543,off,1698252648666
debugqtfx5:debug3XZfc,focus,19549,on,1698252668215
debugqtfx5:debug3XZfc,focus,74114,off,1698252742329
debugqtfx5:debug3XZfc,focus,12446,on,1698252754775
debugqtfx5:debug3XZfc,focus,177326,off,1698252932101
debugqtfx5:debug3XZfc,focus,12346,on,1698252944447
debugqtfx5:debug3XZfc,focus,377014,off,1698253321461
debugqtfx5:debug3XZfc,focus,14232,on,1698253335693
debugqtfx5:debug3XZfc,focus,349028,off,1698253684721
debugqtfx5:debug3XZfc,focus,15540,on,1698253700261
debugqtfx5:debug3XZfc,focus,155642,off,1698253855903
debugqtfx5:debug3XZfc,focus,12881,on,1698253868784
debugqtfx5:debug3XZfc,focus,607426,off,1698254476210
debugqtfx5:debug3XZfc,focus,19585,on,1698254495795
debugqtfx5:debug3XZfc,focus,55473,off,1698254551268
debugqtfx5:debug3XZfc,focus,16279,on,1698254567547
debugqtfx5:debug3XZfc,focus,588111,off,1698255155658
debugqtfx5:debug3XZfc,focus,18559,on,1698255174217
debugqtfx5:debug3XZfc,focus,432256,off,1698255606473
debugqtfx5:debug3XZfc,focus,51355,on,1698255657828
debugqtfx5:debug3XZfc,focus,1354836,off,1698257012664
debugqtfx5:debug3XZfc,focus,12757,on,1698257025421
debugqtfx5:debug3XZfc,focus,345428,off,1698257370849
debugqtfx5:debug3XZfc,focus,13134,on,1698257383983
debugxGAXd:debug1Xlzg,initialized,0,,1701966148780
debugxGAXd:debug1Xlzg,window_resize,0,"[1023, 745]",1701966148780
debugxGAXd:debug1Xlzg,focus,191,on,1701966148971
debugxGAXd:debug1Xlzg,focus,9460,off,1701966158431
debugxGAXd:debug1Xlzg,focus,1187,on,1701966159618
debugxGAXd:debug1Xlzg,focus,2651,off,1701966162269
debugxGAXd:debug1Xlzg,focus,15716,on,1701966177985
debugxGAXd:debug1Xlzg,window_resize,2714,"[1536, 760]",1701966180699
debugxGAXd:debug1Xlzg,focus,9891,off,1701966190590
debugxGAXd:debug1Xlzg,focus,647,on,1701966191237
debugxGAXd:debug1Xlzg,focus,980,off,1701966192217
debugxGAXd:debug1Xlzg,focus,6626,on,1701966198843
debugHkheK:debugn5tjE,initialized,0,,1701971944476
debugHkheK:debugn5tjE,window_resize,0,"[2307, 1197]",1701971944476
debugHkheK:debugn5tjE,focus,2941,off,1701971947417
debugHkheK:debugn5tjE,focus,2361,on,1701971949778
debugHkheK:debugn5tjE,window_resize,10269,"[1034, 788]",1701971960047
debugHkheK:debugn5tjE,focus,1570,off,1701971961617
debugHkheK:debugn5tjE,focus,8681,on,1701971970298
debugHkheK:debugn5tjE,focus,1818,off,1701971972116
debugHkheK:debugn5tjE,focus,1264,on,1701971973380
debugHkheK:debugn5tjE,window_resize,318,"[2307, 1197]",1701971973698
debugHkheK:debugn5tjE,focus,2072,off,1701971975770
debugHkheK:debugn5tjE,focus,1280,on,1701971977050
debugHkheK:debugn5tjE,focus,799,off,1701971977849
debugHkheK:debugn5tjE,focus,702,on,1701971978551
debugHkheK:debugn5tjE,focus,4702,off,1701971983253
debugHkheK:debugn5tjE,focus,167,on,1701971983420
debugHkheK:debugn5tjE,focus,351274,off,1701972334694
debugHkheK:debugn5tjE,focus,37307,on,1701972372001
debugHkheK:debugn5tjE,focus,7104,off,1701972379105
debugHkheK:debugn5tjE,focus,12491,on,1701972391596
debugHkheK:debugn5tjE,focus,31831,off,1701972423427
debugHkheK:debugn5tjE,focus,2251,on,1701972425678
debugHkheK:debugn5tjE,focus,7653,off,1701972433331
debugHkheK:debugn5tjE,focus,125875,on,1701972559206
debugHkheK:debugn5tjE,focus,3105,off,1701972562311
debugHkheK:debugn5tjE,focus,1062,on,1701972563373
debugHkheK:debugn5tjE,focus,64409,off,1701972627782
debugHkheK:debugn5tjE,focus,7062,on,1701972634844
debugHkheK:debugn5tjE,focus,5144,off,1701972639988
debugHkheK:debugn5tjE,focus,1883,on,1701972641871
debugHkheK:debugn5tjE,focus,33528,off,1701972675399
debugHkheK:debugn5tjE,focus,85851,on,1701972761250
debugHkheK:debugn5tjE,focus,40939,off,1701972802189
debugHkheK:debugn5tjE,focus,88343,on,1701972890532
debugHkheK:debugn5tjE,focus,191661,off,1701973082193
debugHkheK:debugn5tjE,focus,62872,on,1701973145065
debugHkheK:debugn5tjE,focus,52831,off,1701973197896
debugHkheK:debugn5tjE,focus,61581,on,1701973259477
debugHkheK:debugn5tjE,focus,37950,off,1701973297427
debugHkheK:debugn5tjE,focus,63225,on,1701973360652
debugHkheK:debugn5tjE,focus,31490,off,1701973392142
debugHkheK:debugn5tjE,focus,5806,on,1701973397948
debugHkheK:debugn5tjE,focus,30532,off,1701973428480
debugHkheK:debugn5tjE,focus,42897,on,1701973471377
debugHkheK:debugn5tjE,focus,905,off,1701973472282
debugHkheK:debugn5tjE,focus,1623,on,1701973473905
debugHkheK:debugn5tjE,focus,6658,off,1701973480563
debugHkheK:debugn5tjE,focus,38336,on,1701973518899
debugHkheK:debugn5tjE,focus,32509,off,1701973551408
debugHkheK:debugn5tjE,focus,71673,on,1701973623081
debugHkheK:debugn5tjE,focus,1486,off,1701973624567
debugHkheK:debugn5tjE,focus,4796,on,1701973629363
debugHkheK:debugn5tjE,focus,19422,off,1701973648785
debugHkheK:debugn5tjE,focus,14475,on,1701973663260
debugHkheK:debugn5tjE,focus,38493,off,1701973701753
debugHkheK:debugn5tjE,focus,10602,on,1701973712355
debugHkheK:debugn5tjE,focus,982,off,1701973713337
debugHkheK:debugn5tjE,focus,26432,on,1701973739769
debugHkheK:debugn5tjE,focus,79040,off,1701973818809
debugHkheK:debugn5tjE,focus,70531,on,1701973889340
debugHkheK:debugn5tjE,focus,917,off,1701973890257
debugHkheK:debugn5tjE,focus,42025,on,1701973932282
debugHkheK:debugn5tjE,focus,48276,off,1701973980558
debugHkheK:debugn5tjE,focus,61766,on,1701974042324
debugHkheK:debugn5tjE,focus,38171,off,1701974080495
debugHkheK:debugn5tjE,focus,101768,on,1701974182263
debugHkheK:debugn5tjE,focus,4203,off,1701974186466
debugHkheK:debugn5tjE,focus,2039,on,1701974188505
debugHkheK:debugn5tjE,focus,141517,off,1701974330022
debugHkheK:debugn5tjE,focus,35704,on,1701974365726
debugHkheK:debugn5tjE,focus,27906,off,1701974393632
debugHkheK:debugn5tjE,focus,1919,on,1701974395551
debugHkheK:debugn5tjE,focus,5024,off,1701974400575
debugHkheK:debugn5tjE,focus,16911,on,1701974417486
debugHkheK:debugn5tjE,focus,1019,off,1701974418505
debugHkheK:debugn5tjE,focus,3303,on,1701974421808
debugHkheK:debugn5tjE,focus,6355,off,1701974428163
debugHkheK:debugn5tjE,focus,2202,on,1701974430365
debugHkheK:debugn5tjE,focus,3922,off,1701974434287
debugHkheK:debugn5tjE,focus,1472,on,1701974435759
debugHkheK:debugn5tjE,focus,29688,off,1701974465447
debugHkheK:debugn5tjE,focus,2469,on,1701974467916
debugHkheK:debugn5tjE,focus,15159,off,1701974483075
debugHkheK:debugn5tjE,focus,7668,on,1701974490743
debugHkheK:debugn5tjE,focus,1182,off,1701974491925
debugHkheK:debugn5tjE,focus,852,on,1701974492777
debugHkheK:debugn5tjE,focus,19191,off,1701974511968
debugHkheK:debugn5tjE,focus,34874,on,1701974546842
debugHkheK:debugn5tjE,focus,11751,off,1701974558593
debugHkheK:debugn5tjE,focus,13864,on,1701974572457
debugHkheK:debugn5tjE,focus,20560,off,1701974593017
debugHkheK:debugn5tjE,focus,18277,on,1701974611294
debugHkheK:debugn5tjE,focus,62558,off,1701974673852
debugHkheK:debugn5tjE,focus,19051,on,1701974692903
debugHkheK:debugn5tjE,focus,28622,off,1701974721525
debugHkheK:debugn5tjE,focus,18805,on,1701974740330
debug3igH8:debugZKKbt,initialized,0,,1698331942986
debug3igH8:debugZKKbt,window_resize,0,"[1536, 776]",1698331942986
debug3igH8:debugZKKbt,window_resize,22838,"[1536, 864]",1698331965824
debug3igH8:debugZKKbt,window_resize,7756,"[1536, 776]",1698331973580
debug3igH8:debugZKKbt,focus,1585,off,1698331975165
debug3igH8:debugZKKbt,focus,7745,on,1698331982910
debug3igH8:debugZKKbt,window_resize,6701,"[1536, 864]",1698331989611
debug9oPWF:debugvcoZw,initialized,0,,1701961015035
debug9oPWF:debugvcoZw,window_resize,0,"[1024, 768]",1701961015035
debug9oPWF:debugvcoZw,window_resize,16523,"[1920, 968]",1701961031558
debug9oPWF:debugvcoZw,focus,9776,off,1701961041334
debug9oPWF:debugvcoZw,focus,3258,on,1701961044592
debug9oPWF:debugvcoZw,focus,233128,off,1701961277720
debug9oPWF:debugvcoZw,focus,72707,on,1701961350427
debug9oPWF:debugvcoZw,focus,6719,off,1701961357146
debug9oPWF:debugvcoZw,focus,4940,on,1701961362086
debug9oPWF:debugvcoZw,focus,9965,off,1701961372051
debug9oPWF:debugvcoZw,focus,8638,on,1701961380689
debug9oPWF:debugvcoZw,focus,1583933,off,1701962964622
debug9oPWF:debugvcoZw,focus,2143,on,1701962966765
debugD0ToC:debugp0xNl,initialized,0,,1698256856015
debugD0ToC:debugp0xNl,window_resize,0,"[1920, 982]",1698256856015
debugD0ToC:debugp0xNl,focus,20848,off,1698256876863
debugD0ToC:debugp0xNl,focus,12508,on,1698256889371
debugD0ToC:debugp0xNl,window_resize,5839,"[1024, 767]",1698256895210
debugD0ToC:debugp0xNl,focus,721,off,1698256895931
debugD0ToC:debugp0xNl,focus,10471,on,1698256906402
debugD0ToC:debugp0xNl,window_resize,4418,"[1920, 982]",1698256910820
debugD0ToC:debugp0xNl,focus,26129,off,1698256936949
debugD0ToC:debugp0xNl,focus,12626,on,1698256949575
debugD0ToC:debugp0xNl,focus,123275,off,1698257072850
debugD0ToC:debugp0xNl,focus,10956,on,1698257083806
debugD0ToC:debugp0xNl,focus,1515,off,1698257085321
debugD0ToC:debugp0xNl,focus,16983,on,1698257102304
debugD0ToC:debugp0xNl,focus,957,off,1698257103261
debugD0ToC:debugp0xNl,focus,51663,on,1698257154924
debugD0ToC:debugp0xNl,focus,123690,off,1698257278614
debugD0ToC:debugp0xNl,focus,61219,on,1698257339833
debugD0ToC:debugp0xNl,focus,117415,off,1698257457248
debugD0ToC:debugp0xNl,focus,60249,on,1698257517497
debugD0ToC:debugp0xNl,focus,99826,off,1698257617323
debugD0ToC:debugp0xNl,focus,2113,on,1698257619436
debugD0ToC:debugp0xNl,focus,1303,off,1698257620739
debugD0ToC:debugp0xNl,focus,56958,on,1698257677697
debugD0ToC:debugp0xNl,focus,2416,off,1698257680113
debugD0ToC:debugp0xNl,focus,32834,on,1698257712947
debugD0ToC:debugp0xNl,focus,34336,off,1698257747283
debugD0ToC:debugp0xNl,focus,62240,on,1698257809523
debugD0ToC:debugp0xNl,focus,3938,off,1698257813461
debugD0ToC:debugp0xNl,focus,30901,on,1698257844362
debugD0ToC:debugp0xNl,focus,60856,off,1698257905218
debugD0ToC:debugp0xNl,focus,62082,on,1698257967300
debugD0ToC:debugp0xNl,focus,73486,off,1698258040786
debugD0ToC:debugp0xNl,focus,39822,on,1698258080608
debugD0ToC:debugp0xNl,focus,2893,off,1698258083501
debugD0ToC:debugp0xNl,focus,20095,on,1698258103596
debugD0ToC:debugp0xNl,focus,2411,off,1698258106007
debugD0ToC:debugp0xNl,focus,31975,on,1698258137982
debugD0ToC:debugp0xNl,focus,82518,off,1698258220500
debugD0ToC:debugp0xNl,focus,7449,on,1698258227949
debugm3I3A:debugmEeeI,initialized,0,,1698334622010
debugm3I3A:debugmEeeI,window_resize,0,"[1366, 670]",1698334622010
debugm3I3A:debugmEeeI,window_resize,296471,"[1366, 768]",1698334918481
debugm3I3A:debugmEeeI,window_resize,17189,"[1366, 670]",1698334935670
debugm3I3A:debugmEeeI,focus,1315,off,1698334936985
debugm3I3A:debugmEeeI,focus,6343,on,1698334943328
debugm3I3A:debugmEeeI,window_resize,6135,"[1366, 768]",1698334949463
debugnmbfJ:debugifTID,initialized,0,,1698331474903
debugnmbfJ:debugifTID,window_resize,0,"[1023, 745]",1698331474903
debugnmbfJ:debugifTID,focus,152,on,1698331475055
debugnmbfJ:debugifTID,focus,14595,off,1698331489650
debugnmbfJ:debugifTID,focus,4281,on,1698331493931
debugnmbfJ:debugifTID,focus,54022,off,1698331547953
debugnmbfJ:debugifTID,window_resize,63,"[1023, 504]",1698331548016
debugnmbfJ:debugifTID,focus,12335,on,1698331560351
debugnmbfJ:debugifTID,focus,2369,off,1698331562720
debugnmbfJ:debugifTID,focus,130,on,1698331562850
debugnmbfJ:debugifTID,window_resize,223,"[1023, 745]",1698331563073
debugnmbfJ:debugifTID,focus,93472,off,1698331656545
debugnmbfJ:debugifTID,focus,4602,on,1698331661147
debugnmbfJ:debugifTID,focus,39146,off,1698331700293
debugnmbfJ:debugifTID,window_resize,76,"[1023, 504]",1698331700369
debugnmbfJ:debugifTID,focus,19217,on,1698331719586
debugnmbfJ:debugifTID,window_resize,234,"[1023, 745]",1698331719820
debugnmbfJ:debugifTID,focus,3068,off,1698331722888
debugnmbfJ:debugifTID,focus,4851,on,1698331727739
debugnmbfJ:debugifTID,focus,122046,off,1698331849785
debugnmbfJ:debugifTID,focus,857344,on,1698332707129
debugnmbfJ:debugifTID,focus,22808,off,1698332729937
debugnmbfJ:debugifTID,focus,7025,on,1698332736962
debugnmbfJ:debugifTID,focus,6084,off,1698332743046
debugnmbfJ:debugifTID,focus,56787,on,1698332799833
debugnmbfJ:debugifTID,focus,17270,off,1698332817103
debugnmbfJ:debugifTID,focus,898,on,1698332818001
debugnmbfJ:debugifTID,focus,277,off,1698332818278
debugnmbfJ:debugifTID,focus,13769,on,1698332832047
debugnmbfJ:debugifTID,focus,487,off,1698332832534
debugnmbfJ:debugifTID,focus,33004,on,1698332865538
debugnmbfJ:debugifTID,focus,44878,off,1698332910416
debugnmbfJ:debugifTID,focus,19425,on,1698332929841
debugnmbfJ:debugifTID,focus,162128,off,1698333091969
debugnmbfJ:debugifTID,focus,580,on,1698333092549
debugnmbfJ:debugifTID,focus,27021,off,1698333119570
debugnmbfJ:debugifTID,focus,2597,on,1698333122167
debugnmbfJ:debugifTID,focus,7907,off,1698333130074
debugnmbfJ:debugifTID,focus,30063,on,1698333160137
debugnmbfJ:debugifTID,focus,96127,off,1698333256264
debugnmbfJ:debugifTID,focus,2356,on,1698333258620
debugnmbfJ:debugifTID,focus,9849,off,1698333268469
debugnmbfJ:debugifTID,focus,1686,on,1698333270155
debugnmbfJ:debugifTID,focus,5790,off,1698333275945
debugnmbfJ:debugifTID,focus,4784,on,1698333280729
debugnmbfJ:debugifTID,focus,4165,off,1698333284894
debugnmbfJ:debugifTID,focus,6195,on,1698333291089
debugnmbfJ:debugifTID,focus,2843,off,1698333293932
debugnmbfJ:debugifTID,focus,42010,on,1698333335942
debugnmbfJ:debugifTID,focus,21732,off,1698333357674
debugnmbfJ:debugifTID,focus,15717,on,1698333373391
debugnmbfJ:debugifTID,focus,3220,off,1698333376611
debugnmbfJ:debugifTID,focus,1837,on,1698333378448
debugBIQRq:debugEfl3p,initialized,0,,1701967673029
debugBIQRq:debugEfl3p,window_resize,0,"[1024, 767]",1701967673029
debugBIQRq:debugEfl3p,window_resize,3720,"[1920, 1020]",1701967676749
debugBIQRq:debugEfl3p,focus,20349,off,1701967697098
debugBIQRq:debugEfl3p,focus,3583,on,1701967700681
debugBIQRq:debugEfl3p,focus,18626,off,1701967719307
debugBIQRq:debugEfl3p,focus,3215,on,1701967722522
debugBIQRq:debugEfl3p,focus,4898,off,1701967727420
debugBIQRq:debugEfl3p,focus,7847,on,1701967735267
debugBIQRq:debugEfl3p,focus,55826,off,1701967791093
debugBIQRq:debugEfl3p,focus,11932,on,1701967803025
debugBIQRq:debugEfl3p,focus,76644,off,1701967879669
debugBIQRq:debugEfl3p,focus,5567,on,1701967885236
debugBIQRq:debugEfl3p,focus,18269,off,1701967903505
debugBIQRq:debugEfl3p,focus,11137,on,1701967914642
debugdzChq:debuguuFtO,initialized,0,,1698250750021
debugdzChq:debuguuFtO,window_resize,0,"[1024, 755]",1698250750021
debugdzChq:debuguuFtO,focus,78572,off,1698250828593
debugdzChq:debuguuFtO,focus,8238,on,1698250836831
debug6k4ba:debuguuH04,initialized,0,,1701961121160
debug6k4ba:debuguuH04,window_resize,0,"[1024, 767]",1701961121160
debugggNRz:debugkVY9I,initialized,0,,1698250832075
debugggNRz:debugkVY9I,window_resize,0,"[1032, 608]",1698250832075
debugggNRz:debugkVY9I,window_resize,26856,"[1280, 622]",1698250858931
debugggNRz:debugkVY9I,focus,18287,off,1698250877218
debugggNRz:debugkVY9I,focus,11642,on,1698250888860
debugggNRz:debugkVY9I,focus,78130,off,1698250966990
debugggNRz:debugkVY9I,focus,5715,on,1698250972705
debugggNRz:debugkVY9I,focus,454058,off,1698251426763
debugggNRz:debugkVY9I,focus,15625,on,1698251442388
debugggNRz:debugkVY9I,focus,1198090,off,1698252640478
debugggNRz:debugkVY9I,focus,10853,on,1698252651331
debugggNRz:debugkVY9I,focus,502562,off,1698253153893
debugggNRz:debugkVY9I,focus,17149,on,1698253171042
debugggNRz:debugkVY9I,focus,472994,off,1698253644036
debugggNRz:debugkVY9I,focus,4387,on,1698253648423
debugggNRz:debugkVY9I,focus,175894,off,1698253824317
debugggNRz:debugkVY9I,focus,17278,on,1698253841595
debugggNRz:debugkVY9I,focus,45740,off,1698253887335
debugggNRz:debugkVY9I,focus,2333,on,1698253889668
debugggNRz:debugkVY9I,focus,17898,off,1698253907566
debugggNRz:debugkVY9I,focus,4068,on,1698253911634
debugggNRz:debugkVY9I,focus,131075,off,1698254042709
debugggNRz:debugkVY9I,focus,4165,on,1698254046874
debugggNRz:debugkVY9I,focus,78358,off,1698254125232
debugggNRz:debugkVY9I,focus,0,on,1698254125232
debugggNRz:debugkVY9I,focus,177136,off,1698254302368
debugggNRz:debugkVY9I,focus,15520,on,1698254317888
debug8GyNo:debugDniMa,initialized,0,,1701960957344
debug8GyNo:debugDniMa,window_resize,1,"[1024, 700]",1701960957345
debug8GyNo:debugDniMa,focus,32578,off,1701960989923
debug8GyNo:debugDniMa,focus,744,on,1701960990667
debug8GyNo:debugDniMa,focus,285191,off,1701961275858
debug8GyNo:debugDniMa,focus,7078,on,1701961282936
debug8GyNo:debugDniMa,focus,213810,off,1701961496746
debug8GyNo:debugDniMa,focus,873,on,1701961497619
debug8GyNo:debugDniMa,focus,20077,off,1701961517696
debug8GyNo:debugDniMa,focus,2335,on,1701961520031
debug8GyNo:debugDniMa,window_resize,131163,"[1024, 700]",1701961651194
debug8GyNo:debugDniMa,focus,58486,off,1701961709680
debug8GyNo:debugDniMa,focus,3943,on,1701961713623
debug8GyNo:debugDniMa,focus,292474,off,1701962006097
debug8GyNo:debugDniMa,focus,2217,on,1701962008314
debug8GyNo:debugDniMa,focus,225799,off,1701962234113
debug8GyNo:debugDniMa,focus,2702,on,1701962236815
debug8GyNo:debugDniMa,focus,185546,off,1701962422361
debug8GyNo:debugDniMa,focus,1935,on,1701962424296
debug8GyNo:debugDniMa,window_resize,176966,"[1024, 544]",1701962601262
debug8GyNo:debugDniMa,focus,6563,off,1701962607825
debug8GyNo:debugDniMa,focus,857,on,1701962608682
debug8GyNo:debugDniMa,window_resize,245,"[1024, 700]",1701962608927
debug8GyNo:debugDniMa,window_resize,236382,"[1024, 478]",1701962845309
debug8GyNo:debugDniMa,focus,4117,off,1701962849426
debug8GyNo:debugDniMa,focus,991,on,1701962850417
debug8GyNo:debugDniMa,window_resize,255,"[1024, 700]",1701962850672
debug8GyNo:debugDniMa,window_resize,89104,"[1024, 727]",1701962939776
debug8GyNo:debugDniMa,window_resize,78939,"[1024, 700]",1701963018715
debug8GyNo:debugDniMa,focus,23894,off,1701963042609
debug8GyNo:debugDniMa,window_resize,9571,"[1024, 727]",1701963052180
debug8GyNo:debugDniMa,focus,2375,on,1701963054555
debug8GyNo:debugDniMa,window_resize,14044,"[1024, 700]",1701963068599
debug8GyNo:debugDniMa,window_resize,57936,"[1024, 727]",1701963126535
debug8GyNo:debugDniMa,focus,104719,off,1701963231254
debug8GyNo:debugDniMa,focus,4559,on,1701963235813
debug8GyNo:debugDniMa,focus,94405,off,1701963330218
debug8GyNo:debugDniMa,focus,5154,on,1701963335372
debugv0Biv:debug2FGq3,initialized,0,,1701961067661
debugv0Biv:debug2FGq3,window_resize,0,"[1440, 815]",1701961067661
debugv0Biv:debug2FGq3,focus,41001,off,1701961108662
debugv0Biv:debug2FGq3,focus,2989,on,1701961111651
debugv0Biv:debug2FGq3,window_resize,1302463,"[1014, 790]",1701962414114
debugv0Biv:debug2FGq3,window_resize,76150,"[1440, 815]",1701962490264
debugv0Biv:debug2FGq3,focus,1015260,on,1701963505524
debugUlmhP:debugnGPap,initialized,0,,1702479971781
debugUlmhP:debugnGPap,window_resize,0,"[1366, 670]",1702479971781
debugUlmhP:debugnGPap,focus,33664,off,1702480005445
debugUlmhP:debugnGPap,focus,11770,on,1702480017215
debugUlmhP:debugnGPap,window_resize,3830,"[1366, 768]",1702480021045
debugUlmhP:debugnGPap,window_resize,67480,"[1366, 768]",1702480088525
debugvSkL6:debugL0wWe,initialized,0,,1701961076694
debugvSkL6:debugL0wWe,window_resize,0,"[1024, 767]",1701961076694
debugvSkL6:debugL0wWe,focus,28761,off,1701961105455
debugvSkL6:debugL0wWe,focus,3901,on,1701961109356
debugvSkL6:debugL0wWe,window_resize,2199,"[1792, 956]",1701961111555
debugvSkL6:debugL0wWe,focus,971668,off,1701962083223
debugvSkL6:debugL0wWe,focus,48100,on,1701962131323
debug5scai:debugVg2N9,initialized,0,,1701961782527
debug5scai:debugVg2N9,window_resize,0,"[1536, 758]",1701961782527
debug5scai:debugVg2N9,window_resize,53834,"[1028, 744]",1701961836361
debug5scai:debugVg2N9,window_resize,6677,"[1536, 758]",1701961843038
debug00CL3:debug94o0T,initialized,0,,1703176404364
debug00CL3:debug94o0T,window_resize,0,"[1920, 982]",1703176404364
debug00CL3:debug94o0T,window_resize,572,"[1920, 982]",1703176404936
debug00CL3:debug94o0T,window_resize,4268,"[1920, 1080]",1703176409204
debug00CL3:debug94o0T,focus,60896,off,1703176470100
debug00CL3:debug94o0T,focus,37791,on,1703176507891
debug00CL3:debug94o0T,focus,2913,off,1703176510804
debug00CL3:debug94o0T,focus,4490,on,1703176515294
debug00CL3:debug94o0T,focus,26066,off,1703176541360
debug00CL3:debug94o0T,focus,32233,on,1703176573593
debugKZuSN:debugkdAAD,initialized,0,,1698331495814
debugKZuSN:debugkdAAD,window_resize,1,"[1181, 547]",1698331495815
debugKZuSN:debugkdAAD,focus,79140,off,1698331574955
debugKZuSN:debugkdAAD,focus,19043,on,1698331593998
debugKZuSN:debugkdAAD,window_resize,228,"[1181, 547]",1698331594226
debugKZuSN:debugkdAAD,window_resize,734175,"[1024, 539]",1698332328401
debugKZuSN:debugkdAAD,focus,1269,off,1698332329670
debugKZuSN:debugkdAAD,focus,6720,on,1698332336390
debugKZuSN:debugkdAAD,focus,805011,off,1698333141401
debugKZuSN:debugkdAAD,focus,131296,on,1698333272697
debugKZuSN:debugkdAAD,focus,36875,off,1698333309572
debugKZuSN:debugkdAAD,focus,10885,on,1698333320457
debugKZuSN:debugkdAAD,focus,65230,off,1698333385687
debugKZuSN:debugkdAAD,focus,12041,on,1698333397728
debugKZuSN:debugkdAAD,focus,170546,off,1698333568274
debugKZuSN:debugkdAAD,focus,6132,on,1698333574406
debugKZuSN:debugkdAAD,focus,548218,off,1698334122624
debugKZuSN:debugkdAAD,focus,30593,on,1698334153217
debugKZuSN:debugkdAAD,focus,927111,off,1698335080328
debugKZuSN:debugkdAAD,focus,9698,on,1698335090026
debugKZuSN:debugkdAAD,focus,1024591,off,1698336114617
debugKZuSN:debugkdAAD,focus,45806,on,1698336160423
debugKZuSN:debugkdAAD,focus,123530,off,1698336283953
debugKZuSN:debugkdAAD,focus,4314,on,1698336288267
debugKZuSN:debugkdAAD,focus,105126,off,1698336393393
debugKZuSN:debugkdAAD,focus,24138,on,1698336417531
debugKZuSN:debugkdAAD,focus,11006,off,1698336428537
debugKZuSN:debugkdAAD,focus,10538,on,1698336439075
debugKZuSN:debugkdAAD,focus,9193,off,1698336448268
debugKZuSN:debugkdAAD,focus,8898,on,1698336457166
debug3H10z:debugt8dV6,initialized,0,,1703258856354
debug3H10z:debugt8dV6,window_resize,0,"[1028, 744]",1703258856354
debug3H10z:debugt8dV6,window_resize,38440,"[1536, 758]",1703258894794
debugi86dd:debug6mbhc,initialized,0,,1703175971535
debugi86dd:debug6mbhc,window_resize,0,"[1920, 976]",1703175971535
debugi86dd:debug6mbhc,focus,111,on,1703175971646
debugi86dd:debug6mbhc,focus,764630,off,1703176736276
debugi86dd:debug6mbhc,focus,52986,on,1703176789262
debugi86dd:debug6mbhc,focus,14261,off,1703176803523
debugi86dd:debug6mbhc,focus,66142,on,1703176869665
debugpT8n2:debug3QLQJ,initialized,0,,1701966635181
debugpT8n2:debug3QLQJ,window_resize,0,"[1023, 738]",1701966635181
debugpT8n2:debug3QLQJ,focus,247,on,1701966635428
debugpT8n2:debug3QLQJ,window_resize,41490,"[1536, 864]",1701966676918
debugpT8n2:debug3QLQJ,window_resize,2820,"[1023, 738]",1701966679738
debugpT8n2:debug3QLQJ,focus,655,off,1701966680393
debugpT8n2:debug3QLQJ,focus,7582,on,1701966687975
debugpT8n2:debug3QLQJ,window_resize,8998,"[1536, 752]",1701966696973
debugpT8n2:debug3QLQJ,focus,20699,off,1701966717672
debugpT8n2:debug3QLQJ,focus,3621,on,1701966721293
debugpT8n2:debug3QLQJ,window_resize,40847,"[1536, 864]",1701966762140
debugpT8n2:debug3QLQJ,window_resize,952230,"[1536, 823]",1701967714370
debugpT8n2:debug3QLQJ,window_resize,820,"[1536, 864]",1701967715190
debugYskiq:debugrgJNU,initialized,0,,1702480052284
debugYskiq:debugrgJNU,window_resize,0,"[1024, 767]",1702480052284
debugYskiq:debugrgJNU,focus,20840,off,1702480073124
debugYskiq:debugrgJNU,focus,4439,on,1702480077563
debugYskiq:debugrgJNU,focus,23788,off,1702480101351
debugYskiq:debugrgJNU,focus,9888,on,1702480111239
debugYskiq:debugrgJNU,window_resize,18306,"[2560, 982]",1702480129545
debugYskiq:debugrgJNU,focus,749022,off,1702480878567
debugYskiq:debugrgJNU,focus,76,on,1702480878643
debug3QkFd:debugEK7So,initialized,0,,1703176901126
debug3QkFd:debugEK7So,window_resize,1,"[1024, 767]",1703176901127
debug3QkFd:debugEK7So,window_resize,536,"[1920, 982]",1703176901663
debug3QkFd:debugEK7So,window_resize,994,"[1920, 1080]",1703176902657
debug3QkFd:debugEK7So,focus,36277,off,1703176938934
debug3QkFd:debugEK7So,focus,892,on,1703176939826
debug3QkFd:debugEK7So,focus,41626,off,1703176981452
debug3QkFd:debugEK7So,focus,20276,on,1703177001728
debug6WQsn:debugDuxSs,initialized,0,,1703173717125
debug6WQsn:debugDuxSs,window_resize,0,"[1366, 670]",1703173717125
debug6WQsn:debugDuxSs,window_resize,25713,"[1366, 768]",1703173742838
debug6WQsn:debugDuxSs,window_resize,10318,"[1366, 670]",1703173753156
debug6WQsn:debugDuxSs,focus,1781,off,1703173754937
debug6WQsn:debugDuxSs,focus,6108,on,1703173761045
debug6WQsn:debugDuxSs,focus,246485,off,1703174007530
debug6WQsn:debugDuxSs,focus,4340,on,1703174011870
debug6WQsn:debugDuxSs,focus,840231,off,1703174852101
debug6WQsn:debugDuxSs,focus,3954,on,1703174856055
debug6WQsn:debugDuxSs,focus,13112,off,1703174869167
debug6WQsn:debugDuxSs,focus,1727,on,1703174870894
debug6WQsn:debugDuxSs,focus,392819,off,1703175263713
debug6WQsn:debugDuxSs,focus,56793,on,1703175320506
debug8LWOM:debug0zAxC,initialized,0,,1702479962618
debug8LWOM:debug0zAxC,window_resize,0,"[1024, 768]",1702479962618
debug8LWOM:debug0zAxC,window_resize,1994,"[2560, 1338]",1702479964612
debug8LWOM:debug0zAxC,focus,6933,off,1702479971545
debug8LWOM:debug0zAxC,focus,4339,on,1702479975884
debug8LWOM:debug0zAxC,focus,239237,off,1702480215121
debug8LWOM:debug0zAxC,focus,10336,on,1702480225457
debug8LWOM:debug0zAxC,focus,11345,off,1702480236802
debug8LWOM:debug0zAxC,focus,11077,on,1702480247879
debug8LWOM:debug0zAxC,focus,60139,off,1702480308018
debug8LWOM:debug0zAxC,focus,4149,on,1702480312167
debug8LWOM:debug0zAxC,focus,18891,off,1702480331058
debug8LWOM:debug0zAxC,focus,855,on,1702480331913
debug8LWOM:debug0zAxC,focus,1362,off,1702480333275
debug8LWOM:debug0zAxC,focus,4227,on,1702480337502
debug8LWOM:debug0zAxC,focus,691556,off,1702481029058
debug8LWOM:debug0zAxC,focus,10947,on,1702481040005
debugM99jr:debugGfdKs,initialized,0,,1701967896528
debugM99jr:debugGfdKs,window_resize,0,"[1024, 767]",1701967896528
debugM99jr:debugGfdKs,focus,7919,off,1701967904447
debugM99jr:debugGfdKs,focus,3533,on,1701967907980
debugM99jr:debugGfdKs,window_resize,6569,"[2560, 1334]",1701967914549
debugM99jr:debugGfdKs,focus,1655,off,1701967916204
debugM99jr:debugGfdKs,focus,8681,on,1701967924885
debugM99jr:debugGfdKs,window_resize,40111,"[2560, 1440]",1701967964996
debugM99jr:debugGfdKs,window_resize,1827,"[2560, 1334]",1701967966823
debugM99jr:debugGfdKs,focus,4277,off,1701967971100
debugM99jr:debugGfdKs,focus,64439,on,1701968035539
debugM99jr:debugGfdKs,focus,12233,off,1701968047772
debugM99jr:debugGfdKs,focus,5804,on,1701968053576
debugM99jr:debugGfdKs,window_resize,13665,"[1024, 767]",1701968067241
debugM99jr:debugGfdKs,focus,1734,off,1701968068975
debugM99jr:debugGfdKs,window_resize,193,"[1278, 1325]",1701968069168
debugM99jr:debugGfdKs,focus,1126,on,1701968070294
debugM99jr:debugGfdKs,window_resize,329,"[1024, 767]",1701968070623
debugM99jr:debugGfdKs,focus,179,off,1701968070802
debugM99jr:debugGfdKs,window_resize,116,"[1278, 1325]",1701968070918
debugM99jr:debugGfdKs,focus,21931,on,1701968092849
debugM99jr:debugGfdKs,focus,8503,off,1701968101352
debugM99jr:debugGfdKs,focus,17334,on,1701968118686
debugM99jr:debugGfdKs,focus,111169,off,1701968229855
debugM99jr:debugGfdKs,focus,81478,on,1701968311333
debugM99jr:debugGfdKs,focus,79040,off,1701968390373
debugM99jr:debugGfdKs,focus,4267,on,1701968394640
debugM99jr:debugGfdKs,focus,62859,off,1701968457499
debugM99jr:debugGfdKs,focus,1300,on,1701968458799
debugM99jr:debugGfdKs,focus,176945,off,1701968635744
debugM99jr:debugGfdKs,focus,3900,on,1701968639644
debugM99jr:debugGfdKs,focus,16132,off,1701968655776
debugM99jr:debugGfdKs,focus,798,on,1701968656574
debugM99jr:debugGfdKs,focus,1836,off,1701968658410
debugM99jr:debugGfdKs,focus,4888,on,1701968663298
debugM99jr:debugGfdKs,focus,64369,off,1701968727667
debugM99jr:debugGfdKs,focus,28490,on,1701968756157
debugM99jr:debugGfdKs,focus,40120,off,1701968796277
debugM99jr:debugGfdKs,focus,2625,on,1701968798902
debugM99jr:debugGfdKs,focus,16163,off,1701968815065
debugM99jr:debugGfdKs,focus,7746,on,1701968822811
debugM99jr:debugGfdKs,window_resize,213516,"[1024, 767]",1701969036327
debugM99jr:debugGfdKs,window_resize,641,"[1278, 1325]",1701969036968
debugeUF6d:debughnFEv,initialized,0,,1701960947574
debugeUF6d:debughnFEv,window_resize,0,"[2328, 1215]",1701960947574
debugtVIve:debugkvu63,initialized,0,,1701964175803
debugtVIve:debugkvu63,window_resize,0,"[1024, 767]",1701964175803
debugtVIve:debugkvu63,window_resize,15311,"[1920, 982]",1701964191114
debugtVIve:debugkvu63,focus,1015,off,1701964192129
debugtVIve:debugkvu63,focus,40295,on,1701964232424
debugtVIve:debugkvu63,window_resize,2809,"[1920, 1080]",1701964235233
debugtVIve:debugkvu63,window_resize,8531,"[1920, 982]",1701964243764
debugtVIve:debugkvu63,focus,1453,off,1701964245217
debugtVIve:debugkvu63,focus,6252,on,1701964251469
debugtVIve:debugkvu63,window_resize,2084,"[1920, 1080]",1701964253553
debugtVIve:debugkvu63,focus,68390,off,1701964321943
debugtVIve:debugkvu63,focus,13850,on,1701964335793
debugtVIve:debugkvu63,focus,86287,off,1701964422080
debugtVIve:debugkvu63,focus,24199,on,1701964446279
debugtVIve:debugkvu63,focus,941038,off,1701965387317
debugtVIve:debugkvu63,focus,24136,on,1701965411453
debugtVIve:debugkvu63,focus,17525,off,1701965428978
debugtVIve:debugkvu63,focus,14143,on,1701965443121
debugbJysz:debugopVc6,initialized,0,,1703174241325
debugbJysz:debugopVc6,window_resize,0,"[1024, 688]",1703174241325
debugbJysz:debugopVc6,focus,573,on,1703174241898
debugbJysz:debugopVc6,window_resize,30551,"[1366, 704]",1703174272449
debugbJysz:debugopVc6,focus,17735,off,1703174290184
debugbJysz:debugopVc6,focus,12687,on,1703174302871
debugbJysz:debugopVc6,focus,405521,off,1703174708392
debugbJysz:debugopVc6,focus,2146,on,1703174710538
debugbJysz:debugopVc6,focus,665283,off,1703175375821
debugbJysz:debugopVc6,focus,184202,on,1703175560023
debugbJysz:debugopVc6,focus,7600,off,1703175567623
debugbJysz:debugopVc6,focus,28533,on,1703175596156
debugbJysz:debugopVc6,focus,73897,off,1703175670053
debugbJysz:debugopVc6,focus,50364,on,1703175720417
debugbJysz:debugopVc6,focus,31152,off,1703175751569
debugbJysz:debugopVc6,focus,25482,on,1703175777051
debugsupva:debugNJmPu,initialized,0,,1703173906212
debugsupva:debugNJmPu,window_resize,0,"[1028, 744]",1703173906212
debugsupva:debugNJmPu,window_resize,179181,"[1536, 758]",1703174085393
debugsupva:debugNJmPu,focus,5348,off,1703174090741
debugsupva:debugNJmPu,focus,5518,on,1703174096259
debugXa5eB:debugwLMGp,initialized,0,,1701962874338
debugXa5eB:debugwLMGp,window_resize,0,"[1024, 767]",1701962874338
debugXa5eB:debugwLMGp,focus,12373,off,1701962886711
debugXa5eB:debugwLMGp,focus,47547,on,1701962934258
debugXa5eB:debugwLMGp,focus,6475,off,1701962940733
debugXa5eB:debugwLMGp,focus,60696,on,1701963001429
debugXa5eB:debugwLMGp,focus,390,off,1701963001819
debugXa5eB:debugwLMGp,focus,9,on,1701963001828
debugXa5eB:debugwLMGp,focus,42,off,1701963001870
debugXa5eB:debugwLMGp,focus,2157,on,1701963004027
debugXa5eB:debugwLMGp,focus,166563,off,1701963170590
debugXa5eB:debugwLMGp,focus,66209,on,1701963236799
debugXa5eB:debugwLMGp,focus,8771,off,1701963245570
debugXa5eB:debugwLMGp,focus,1960,on,1701963247530
debugXa5eB:debugwLMGp,window_resize,11039,"[1920, 982]",1701963258569
debugXa5eB:debugwLMGp,focus,40290,off,1701963298859
debugXa5eB:debugwLMGp,focus,60364,on,1701963359223
debugXa5eB:debugwLMGp,focus,6952,off,1701963366175
debugXa5eB:debugwLMGp,focus,1006,on,1701963367181
debugXa5eB:debugwLMGp,focus,352,off,1701963367533
debugXa5eB:debugwLMGp,focus,2161,on,1701963369694
debugXa5eB:debugwLMGp,window_resize,222,"[1024, 767]",1701963369916
debugXa5eB:debugwLMGp,window_resize,35061,"[1920, 982]",1701963404977
debugXa5eB:debugwLMGp,focus,30620,off,1701963435597
debugXa5eB:debugwLMGp,focus,923,on,1701963436520
debugXa5eB:debugwLMGp,focus,558,off,1701963437078
debugXa5eB:debugwLMGp,focus,87912,on,1701963524990
debugXa5eB:debugwLMGp,focus,121969,off,1701963646959
debugXa5eB:debugwLMGp,focus,67825,on,1701963714784
debugXa5eB:debugwLMGp,window_resize,579,"[1024, 767]",1701963715363
debugXa5eB:debugwLMGp,window_resize,36516,"[1331, 973]",1701963751879
debugXa5eB:debugwLMGp,focus,156504,off,1701963908383
debugXa5eB:debugwLMGp,focus,61600,on,1701963969983
debugXa5eB:debugwLMGp,focus,1411,off,1701963971394
debugXa5eB:debugwLMGp,focus,1651,on,1701963973045
debugXa5eB:debugwLMGp,focus,1219,off,1701963974264
debugXa5eB:debugwLMGp,window_resize,16,"[1162, 973]",1701963974280
debugXa5eB:debugwLMGp,focus,1495,on,1701963975775
debugXa5eB:debugwLMGp,focus,68676,off,1701964044451
debugXa5eB:debugwLMGp,focus,7057,on,1701964051508
debugXa5eB:debugwLMGp,focus,1085,off,1701964052593
debugXa5eB:debugwLMGp,focus,1836,on,1701964054429
debugXa5eB:debugwLMGp,focus,52081,off,1701964106510
debugXa5eB:debugwLMGp,focus,32541,on,1701964139051
debugXa5eB:debugwLMGp,focus,835,off,1701964139886
debugXa5eB:debugwLMGp,focus,19907,on,1701964159793
debugXa5eB:debugwLMGp,focus,153804,off,1701964313597
debugXa5eB:debugwLMGp,focus,5858,on,1701964319455
debugXa5eB:debugwLMGp,focus,752,off,1701964320207
debugXa5eB:debugwLMGp,focus,27532,on,1701964347739
debugXa5eB:debugwLMGp,focus,25577,off,1701964373316
debugXa5eB:debugwLMGp,focus,3667,on,1701964376983
debugXa5eB:debugwLMGp,focus,2459,off,1701964379442
debugXa5eB:debugwLMGp,focus,7946,on,1701964387388
debugXa5eB:debugwLMGp,focus,6384,off,1701964393772
debugXa5eB:debugwLMGp,focus,7543,on,1701964401315
debugXa5eB:debugwLMGp,focus,21495,off,1701964422810
debugXa5eB:debugwLMGp,focus,19569,on,1701964442379
debugXa5eB:debugwLMGp,focus,1703,off,1701964444082
debugXa5eB:debugwLMGp,focus,603,on,1701964444685
debugXa5eB:debugwLMGp,focus,66542,off,1701964511227
debugXa5eB:debugwLMGp,focus,66456,on,1701964577683
debugXa5eB:debugwLMGp,focus,56060,off,1701964633743
debugXa5eB:debugwLMGp,focus,2446,on,1701964636189
debugXa5eB:debugwLMGp,focus,776,off,1701964636965
debugXa5eB:debugwLMGp,focus,54718,on,1701964691683
debugXa5eB:debugwLMGp,focus,6901,off,1701964698584
debugXa5eB:debugwLMGp,focus,36796,on,1701964735380
debugXa5eB:debugwLMGp,focus,811,off,1701964736191
debugXa5eB:debugwLMGp,focus,16308,on,1701964752499
debugXa5eB:debugwLMGp,focus,67381,off,1701964819880
debugXa5eB:debugwLMGp,focus,5347,on,1701964825227
debugXa5eB:debugwLMGp,focus,1721,off,1701964826948
debugXa5eB:debugwLMGp,focus,2102,on,1701964829050
debugXa5eB:debugwLMGp,focus,68764,off,1701964897814
debugXa5eB:debugwLMGp,focus,43058,on,1701964940872
debugXa5eB:debugwLMGp,focus,34479,off,1701964975351
debugXa5eB:debugwLMGp,focus,28968,on,1701965004319
debugXa5eB:debugwLMGp,focus,1903,off,1701965006222
debugXa5eB:debugwLMGp,focus,5179,on,1701965011401
debugXa5eB:debugwLMGp,focus,70784,off,1701965082185
debugXa5eB:debugwLMGp,focus,20212,on,1701965102397
debug6zlCO:debugE2xHV,initialized,0,,1701964155357
debug6zlCO:debugE2xHV,window_resize,0,"[1028, 778]",1701964155357
debug6zlCO:debugE2xHV,window_resize,29547,"[2752, 1152]",1701964184904
debug6zlCO:debugE2xHV,focus,4365,off,1701964189269
debug6zlCO:debugE2xHV,focus,895,on,1701964190164
debug6zlCO:debugE2xHV,focus,2376,off,1701964192540
debug6zlCO:debugE2xHV,focus,2782,on,1701964195322
debug6zlCO:debugE2xHV,focus,7566,off,1701964202888
debug6zlCO:debugE2xHV,focus,9684,on,1701964212572
debug6zlCO:debugE2xHV,focus,4478,off,1701964217050
debug6zlCO:debugE2xHV,focus,114,on,1701964217164
debug6zlCO:debugE2xHV,focus,28323,off,1701964245487
debug6zlCO:debugE2xHV,focus,7192,on,1701964252679
debug6zlCO:debugE2xHV,focus,125787,off,1701964378466
debug6zlCO:debugE2xHV,focus,192399,on,1701964570865
debug6zlCO:debugE2xHV,focus,37574,off,1701964608439
debug6zlCO:debugE2xHV,focus,38034,on,1701964646473
debug6zlCO:debugE2xHV,focus,241026,off,1701964887499
debug6zlCO:debugE2xHV,focus,13171,on,1701964900670
debug6zlCO:debugE2xHV,focus,9015,off,1701964909685
debug6zlCO:debugE2xHV,focus,125482,on,1701965035167
debug6zlCO:debugE2xHV,focus,152748,off,1701965187915
debug6zlCO:debugE2xHV,focus,143205,on,1701965331120
debug6zlCO:debugE2xHV,focus,145865,off,1701965476985
debug6zlCO:debugE2xHV,focus,173578,on,1701965650563
debug6zlCO:debugE2xHV,focus,35052,off,1701965685615
debug6zlCO:debugE2xHV,focus,5259,on,1701965690874
debug6zlCO:debugE2xHV,focus,178224,off,1701965869098
debug6zlCO:debugE2xHV,focus,188324,on,1701966057422
debug6zlCO:debugE2xHV,focus,205683,off,1701966263105
debug6zlCO:debugE2xHV,focus,211523,on,1701966474628
debug6zlCO:debugE2xHV,focus,210141,off,1701966684769
debug6zlCO:debugE2xHV,focus,126659,on,1701966811428
debug6zlCO:debugE2xHV,focus,85754,off,1701966897182
debug6zlCO:debugE2xHV,focus,1750,on,1701966898932
debug6zlCO:debugE2xHV,focus,94144,off,1701966993076
debug6zlCO:debugE2xHV,focus,74434,on,1701967067510
debug6zlCO:debugE2xHV,focus,145902,off,1701967213412
debug6zlCO:debugE2xHV,focus,39554,on,1701967252966
debug6zlCO:debugE2xHV,focus,32146,off,1701967285112
debug6zlCO:debugE2xHV,focus,97453,on,1701967382565
debug6zlCO:debugE2xHV,focus,113747,off,1701967496312
debug6zlCO:debugE2xHV,focus,25955,on,1701967522267
debug6zlCO:debugE2xHV,focus,20413,off,1701967542680
debug6zlCO:debugE2xHV,focus,3909,on,1701967546589
debug6zlCO:debugE2xHV,focus,9880,off,1701967556469
debug6zlCO:debugE2xHV,focus,4553,on,1701967561022
debug6zlCO:debugE2xHV,focus,4599,off,1701967565621
debug6zlCO:debugE2xHV,focus,2983,on,1701967568604
debug6zlCO:debugE2xHV,focus,3410,off,1701967572014
debug6zlCO:debugE2xHV,focus,2558,on,1701967574572
debug6zlCO:debugE2xHV,focus,1139,off,1701967575711
debug6zlCO:debugE2xHV,focus,12414,on,1701967588125
debug6zlCO:debugE2xHV,focus,1899,off,1701967590024
debug6zlCO:debugE2xHV,focus,130900,on,1701967720924
debug6zlCO:debugE2xHV,focus,48005,off,1701967768929
debug6zlCO:debugE2xHV,focus,28364,on,1701967797293
debug6zlCO:debugE2xHV,focus,55476,off,1701967852769
debug6zlCO:debugE2xHV,focus,5427,on,1701967858196
debug6zlCO:debugE2xHV,focus,6277,off,1701967864473
debug6zlCO:debugE2xHV,focus,2328,on,1701967866801
debugJgiiX:debugS2lJ1,initialized,0,,1702479934687
debugJgiiX:debugS2lJ1,window_resize,0,"[1470, 885]",1702479934687
debugfUfY8:debugLDPLS,initialized,0,,1703258872920
debugfUfY8:debugLDPLS,window_resize,0,"[1536, 758]",1703258872920
debugfUfY8:debugLDPLS,window_resize,16299,"[1536, 864]",1703258889219
debugfUfY8:debugLDPLS,window_resize,2667,"[1536, 758]",1703258891886
debugfUfY8:debugLDPLS,focus,2888,off,1703258894774
debugfUfY8:debugLDPLS,focus,5294,on,1703258900068
debugfUfY8:debugLDPLS,window_resize,2949,"[1536, 864]",1703258903017
debugxgY70:debugDOHsg,initialized,0,,1701968268640
debugxgY70:debugDOHsg,window_resize,0,"[1024, 712]",1701968268640
debugxgY70:debugDOHsg,focus,32711,off,1701968301351
debugxgY70:debugDOHsg,focus,6102,on,1701968307453
debugxgY70:debugDOHsg,focus,1034820,off,1701969342273
debugxgY70:debugDOHsg,focus,17968,on,1701969360241
debugxgY70:debugDOHsg,focus,5671,off,1701969365912
debugxgY70:debugDOHsg,focus,79795,on,1701969445707
debugxgY70:debugDOHsg,focus,25711,off,1701969471418
debugxgY70:debugDOHsg,focus,50096,on,1701969521514
debugxgY70:debugDOHsg,focus,314982,off,1701969836496
debugxgY70:debugDOHsg,focus,6179,on,1701969842675
debug27lPu:debugFZ5JH,initialized,0,,1701964612363
debug27lPu:debugFZ5JH,window_resize,0,"[1024, 654]",1701964612363
debug27lPu:debugFZ5JH,window_resize,37340,"[1366, 670]",1701964649703
debug27lPu:debugFZ5JH,focus,1313971,off,1701965963674
debug27lPu:debugFZ5JH,focus,2822,on,1701965966496
debug27lPu:debugFZ5JH,focus,15994,off,1701965982490
debug27lPu:debugFZ5JH,focus,2454,on,1701965984944
debug8Fh9b:debugWaRAG,initialized,0,,1701968864760
debug8Fh9b:debugWaRAG,window_resize,0,"[1280, 614]",1701968864760
debug8Fh9b:debugWaRAG,focus,2418330,off,1701971283090
debug8Fh9b:debugWaRAG,focus,5051,on,1701971288141
debugO0F4F:debug1bT0c,initialized,0,,1703177667830
debugO0F4F:debug1bT0c,window_resize,0,"[1517, 852]",1703177667830
debug1is6t:debugQfnOE,initialized,0,,1702479956637
debug1is6t:debugQfnOE,window_resize,0,"[1024, 767]",1702479956637
debug1is6t:debugQfnOE,focus,6482,off,1702479963119
debug1is6t:debugQfnOE,focus,337,on,1702479963456
debug1is6t:debugQfnOE,window_resize,12187,"[1920, 1020]",1702479975643
debug1is6t:debugQfnOE,focus,799070,off,1702480774713
debug1is6t:debugQfnOE,focus,1102,on,1702480775815
debugVEomw:debugS8kFa,initialized,0,,1702479947041
debugVEomw:debugS8kFa,window_resize,0,"[1024, 654]",1702479947041
debugXPToG:debugUTp2R,initialized,0,,1702481603278
debugXPToG:debugUTp2R,window_resize,0,"[1366, 670]",1702481603278
debugXPToG:debugUTp2R,focus,96154,off,1702481699432
debugXPToG:debugUTp2R,focus,19048,on,1702481718480
debugXPToG:debugUTp2R,window_resize,157311,"[1366, 670]",1702481875791
debugK3Y28:debugBsKYW,initialized,0,,1703175084184
debugK3Y28:debugBsKYW,window_resize,0,"[1024, 767]",1703175084184
debugK3Y28:debugBsKYW,window_resize,5146,"[1920, 982]",1703175089330
debugK3Y28:debugBsKYW,focus,18353,off,1703175107683
debugK3Y28:debugBsKYW,focus,2002,on,1703175109685
debugK3Y28:debugBsKYW,window_resize,2810,"[1920, 1080]",1703175112495
debugK3Y28:debugBsKYW,window_resize,1747,"[1920, 982]",1703175114242
debugK3Y28:debugBsKYW,window_resize,430,"[1920, 1080]",1703175114672
debugbWJ9X:debugygkbx,initialized,0,,1702479964311
debugbWJ9X:debugygkbx,window_resize,0,"[1024, 648]",1702479964311
debugbWJ9X:debugygkbx,focus,199,on,1702479964510
debugbWJ9X:debugygkbx,window_resize,14701,"[1366, 664]",1702479979211
debugtvZS1:debugtzXVb,initialized,0,,1703263742429
debugtvZS1:debugtzXVb,window_resize,0,"[1024, 767]",1703263742429
debugtvZS1:debugtzXVb,focus,18566,off,1703263760995
debugtvZS1:debugtzXVb,focus,11964,on,1703263772959
debugtvZS1:debugtzXVb,focus,46005,off,1703263818964
debugtvZS1:debugtzXVb,focus,14806,on,1703263833770
debugtvZS1:debugtzXVb,focus,29366,off,1703263863136
debugtvZS1:debugtzXVb,focus,3800,on,1703263866936
debugtvZS1:debugtzXVb,window_resize,551746,"[1920, 982]",1703264418682
