debugXu4p6:debugZJi3d,initialized,0,,1695887307452
debugXu4p6:debugZJi3d,window_resize,0,"[1028, 778]",1695887307452
debugHL4FS:debugtOXga,initialized,0,,1701963947568
debugHL4FS:debugtOXga,window_resize,0,"[1028, 752]",1701963947568
debugHL4FS:debugtOXga,focus,52373,off,1701963999941
debugHL4FS:debugtOXga,focus,15389,on,1701964015330
debugHL4FS:debugtOXga,window_resize,8181,"[1467, 752]",1701964023511
debugHL4FS:debugtOXga,window_resize,241,"[1470, 752]",1701964023752
debugHL4FS:debugtOXga,focus,370098,off,1701964393850
debugHL4FS:debugtOXga,focus,8894,on,1701964402744
debugbeUMe:debugbJ8yT,initialized,0,,1701961195626
debugbeUMe:debugbJ8yT,window_resize,0,"[1024, 767]",1701961195626
debugbeUMe:debugbJ8yT,window_resize,2946,"[1024, 751]",1701961198572
debugbeUMe:debugbJ8yT,window_resize,4224,"[1920, 1102]",1701961202796
debugbeUMe:debugbJ8yT,focus,7591,off,1701961210387
debugbeUMe:debugbJ8yT,focus,1949,on,1701961212336
debugDiJ9O:debugO6PbG,initialized,0,,1701963293615
debugDiJ9O:debugO6PbG,window_resize,0,"[1024, 767]",1701963293615
debugDiJ9O:debugO6PbG,window_resize,70036,"[1920, 974]",1701963363651
debugDiJ9O:debugO6PbG,focus,874606,off,1701964238257
debugDiJ9O:debugO6PbG,focus,12643,on,1701964250900
debugDiJ9O:debugO6PbG,focus,5907,off,1701964256807
debugDiJ9O:debugO6PbG,focus,2714,on,1701964259521
debugDiJ9O:debugO6PbG,focus,12676,off,1701964272197
debugDiJ9O:debugO6PbG,focus,2039,on,1701964274236
debugDiJ9O:debugO6PbG,focus,10719,off,1701964284955
debugDiJ9O:debugO6PbG,focus,2497,on,1701964287452
debugDiJ9O:debugO6PbG,focus,9697,off,1701964297149
debugDiJ9O:debugO6PbG,focus,1163,on,1701964298312
debugDiJ9O:debugO6PbG,focus,4882,off,1701964303194
debugDiJ9O:debugO6PbG,focus,2900,on,1701964306094
debugDiJ9O:debugO6PbG,focus,6261,off,1701964312355
debugDiJ9O:debugO6PbG,focus,1634,on,1701964313989
debugDiJ9O:debugO6PbG,focus,3800,off,1701964317789
debugDiJ9O:debugO6PbG,focus,4349,on,1701964322138
debugDiJ9O:debugO6PbG,focus,15163,off,1701964337301
debugDiJ9O:debugO6PbG,focus,2877,on,1701964340178
debugDiJ9O:debugO6PbG,focus,7427,off,1701964347605
debugDiJ9O:debugO6PbG,focus,2928,on,1701964350533
debugDiJ9O:debugO6PbG,focus,7100,off,1701964357633
debugDiJ9O:debugO6PbG,focus,2336,on,1701964359969
debugDiJ9O:debugO6PbG,focus,5116,off,1701964365085
debugDiJ9O:debugO6PbG,focus,6785,on,1701964371870
debugDiJ9O:debugO6PbG,focus,5262,off,1701964377132
debugDiJ9O:debugO6PbG,focus,2951,on,1701964380083
debugDiJ9O:debugO6PbG,focus,5091,off,1701964385174
debugDiJ9O:debugO6PbG,focus,1737,on,1701964386911
debugDiJ9O:debugO6PbG,focus,2955,off,1701964389866
debugDiJ9O:debugO6PbG,focus,2143,on,1701964392009
debugDiJ9O:debugO6PbG,focus,6401,off,1701964398410
debugDiJ9O:debugO6PbG,focus,4891,on,1701964403301
debugDiJ9O:debugO6PbG,focus,51113,off,1701964454414
debugDiJ9O:debugO6PbG,focus,798,on,1701964455212
debugDiJ9O:debugO6PbG,focus,3153,off,1701964458365
debugDiJ9O:debugO6PbG,focus,14675,on,1701964473040
debugDiJ9O:debugO6PbG,focus,12959,off,1701964485999
debugDiJ9O:debugO6PbG,focus,4539,on,1701964490538
debugDiJ9O:debugO6PbG,focus,9532,off,1701964500070
debugDiJ9O:debugO6PbG,focus,2663,on,1701964502733
debugDiJ9O:debugO6PbG,focus,6178,off,1701964508911
debugDiJ9O:debugO6PbG,focus,2224,on,1701964511135
debugDiJ9O:debugO6PbG,focus,11236,off,1701964522371
debugDiJ9O:debugO6PbG,focus,2128,on,1701964524499
debugDiJ9O:debugO6PbG,focus,8250,off,1701964532749
debugDiJ9O:debugO6PbG,focus,2052,on,1701964534801
debugDiJ9O:debugO6PbG,focus,7998,off,1701964542799
debugDiJ9O:debugO6PbG,focus,2614,on,1701964545413
debugetKCj:debugbVnEU,initialized,0,,1701961205063
debugetKCj:debugbVnEU,window_resize,0,"[1280, 622]",1701961205063
debugetKCj:debugbVnEU,focus,18030,off,1701961223093
debugetKCj:debugbVnEU,focus,5804,on,1701961228897
debugAtEIJ:debugGClXC,initialized,0,,1698251853570
debugAtEIJ:debugGClXC,window_resize,0,"[1366, 708]",1698251853570
debugAtEIJ:debugGClXC,focus,54218,off,1698251907788
debugAtEIJ:debugGClXC,focus,43411,on,1698251951199
debugAqvLU:debugSwzrL,initialized,0,,1701961002486
debugAqvLU:debugSwzrL,window_resize,1,"[1028, 744]",1701961002487
debugAqvLU:debugSwzrL,window_resize,43841,"[1536, 758]",1701961046328
debugJDGNh:debugsX5uc,initialized,0,,1698331434715
debugJDGNh:debugsX5uc,window_resize,0,"[1280, 715]",1698331434715
debugoua4f:debugF88fo,initialized,0,,1702750281934
debugoua4f:debugF88fo,window_resize,0,"[1024, 767]",1702750281934
debugoua4f:debugF88fo,window_resize,17634,"[1680, 1050]",1702750299568
debug5pC2H:debugPWjwm,initialized,0,,1698331501195
debug5pC2H:debugPWjwm,window_resize,0,"[1024, 654]",1698331501195
debug5pC2H:debugPWjwm,window_resize,19336,"[1366, 768]",1698331520531
debugBeBXi:debugnsi8D,initialized,0,,1701961219216
debugBeBXi:debugnsi8D,window_resize,0,"[1032, 648]",1701961219216
debugTG3A5:debugVLK3z,initialized,0,,1703258968849
debugTG3A5:debugVLK3z,window_resize,0,"[1536, 770]",1703258968849
debugTG3A5:debugVLK3z,window_resize,62568,"[1536, 864]",1703259031417
debugQrZKm:debug4DhWP,initialized,0,,1703345771267
debugQrZKm:debug4DhWP,window_resize,0,"[1024, 646]",1703345771267
debugQrZKm:debug4DhWP,window_resize,2388,"[1366, 662]",1703345773655
debugQrZKm:debug4DhWP,focus,49927,off,1703345823582
debugQrZKm:debug4DhWP,focus,6819,on,1703345830401
debugQrZKm:debug4DhWP,focus,301277,off,1703346131678
debugQrZKm:debug4DhWP,focus,4874,on,1703346136552
debugQrZKm:debug4DhWP,focus,27197,off,1703346163749
debugQrZKm:debug4DhWP,focus,16409,on,1703346180158
debugQrZKm:debug4DhWP,focus,35682,off,1703346215840
debugQrZKm:debug4DhWP,focus,4801,on,1703346220641
debugQrZKm:debug4DhWP,focus,108622,off,1703346329263
debugQrZKm:debug4DhWP,focus,5093,on,1703346334356
debugS6BZn:debug12YCz,initialized,0,,1702012375603
debugS6BZn:debug12YCz,window_resize,0,"[1028, 778]",1702012375603
debugS6BZn:debug12YCz,window_resize,258367,"[1536, 854]",1702012633970
debugBFsfi:debugYGClH,initialized,0,,1698250802527
debugBFsfi:debugYGClH,window_resize,0,"[1366, 664]",1698250802527
debugBFsfi:debugYGClH,focus,220,on,1698250802747
debugiVSM7:debugSmZ8b,initialized,0,,1698331419188
debugiVSM7:debugSmZ8b,window_resize,1,"[1024, 661]",1698331419189
debugiVSM7:debugSmZ8b,window_resize,13196,"[1366, 677]",1698331432385
debugiVSM7:debugSmZ8b,focus,3686,off,1698331436071
debugiVSM7:debugSmZ8b,focus,2071,on,1698331438142
debugiVSM7:debugSmZ8b,focus,2744,off,1698331440886
debugiVSM7:debugSmZ8b,focus,4232,on,1698331445118
debugiVSM7:debugSmZ8b,window_resize,336097,"[1366, 768]",1698331781215
debugEgIfR:debugTD6up,initialized,0,,1698251862691
debugEgIfR:debugTD6up,window_resize,0,"[1024, 767]",1698251862691
debugEgIfR:debugTD6up,focus,21217,off,1698251883908
debugEgIfR:debugTD6up,focus,4514,on,1698251888422
debugEgIfR:debugTD6up,window_resize,82802,"[1600, 802]",1698251971224
debugSCChi:debugQDRvK,initialized,0,,1698251886620
debugSCChi:debugQDRvK,window_resize,0,"[1024, 654]",1698251886620
debugSCChi:debugQDRvK,window_resize,24496,"[1366, 670]",1698251911116
debugFr52l:debugTYT9C,initialized,0,,1698251703293
debugFr52l:debugTYT9C,window_resize,0,"[1440, 820]",1698251703293
debug5rcIo:debugHEmmJ,initialized,0,,1698331431540
debug5rcIo:debugHEmmJ,window_resize,0,"[1028, 758]",1698331431540
debug5rcIo:debugHEmmJ,window_resize,2739,"[1536, 772]",1698331434279
debug5rcIo:debugHEmmJ,focus,14906,off,1698331449185
debug5rcIo:debugHEmmJ,focus,2109,on,1698331451294
debug5rcIo:debugHEmmJ,focus,23653,off,1698331474947
debug5rcIo:debugHEmmJ,focus,15276,on,1698331490223
debug5rcIo:debugHEmmJ,focus,172663,off,1698331662886
debug5rcIo:debugHEmmJ,focus,2890,on,1698331665776
debugUuIy1:debug7Xo0T,initialized,0,,1698331412927
debugUuIy1:debug7Xo0T,window_resize,0,"[1024, 767]",1698331412927
debugUuIy1:debug7Xo0T,window_resize,16694,"[1920, 982]",1698331429621
debugUuIy1:debug7Xo0T,focus,65210,off,1698331494831
debugUuIy1:debug7Xo0T,focus,4374,on,1698331499205
debugvtMgP:debugTbRj9,initialized,0,,1698251810730
debugvtMgP:debugTbRj9,window_resize,0,"[1024, 748]",1698251810730
debugvtMgP:debugTbRj9,window_resize,25217,"[1536, 762]",1698251835947
debugvtMgP:debugTbRj9,focus,400805,off,1698252236752
debugvtMgP:debugTbRj9,focus,407,on,1698252237159
debugvtMgP:debugTbRj9,focus,2424,off,1698252239583
debugvtMgP:debugTbRj9,focus,442,on,1698252240025
debugvtMgP:debugTbRj9,focus,3003,off,1698252243028
debugvtMgP:debugTbRj9,focus,430,on,1698252243458
debugvtMgP:debugTbRj9,focus,2540,off,1698252245998
debugvtMgP:debugTbRj9,focus,527,on,1698252246525
debugvtMgP:debugTbRj9,focus,3964,off,1698252250489
debugvtMgP:debugTbRj9,focus,436,on,1698252250925
debugvtMgP:debugTbRj9,focus,3329,off,1698252254254
debugvtMgP:debugTbRj9,focus,421,on,1698252254675
debugvtMgP:debugTbRj9,focus,2829,off,1698252257504
debugvtMgP:debugTbRj9,focus,420,on,1698252257924
debugvtMgP:debugTbRj9,focus,348186,off,1698252606110
debugvtMgP:debugTbRj9,focus,425,on,1698252606535
debugvtMgP:debugTbRj9,focus,2654,off,1698252609189
debugvtMgP:debugTbRj9,focus,429,on,1698252609618
debugvtMgP:debugTbRj9,focus,14037,off,1698252623655
debugvtMgP:debugTbRj9,focus,429,on,1698252624084
debugvtMgP:debugTbRj9,focus,3156,off,1698252627240
debugvtMgP:debugTbRj9,focus,431,on,1698252627671
debugvtMgP:debugTbRj9,focus,2477,off,1698252630148
debugvtMgP:debugTbRj9,focus,453,on,1698252630601
debugvtMgP:debugTbRj9,focus,298548,off,1698252929149
debugvtMgP:debugTbRj9,focus,412,on,1698252929561
debug7ENlE:debuguqc6c,initialized,0,,1698252653662
debug7ENlE:debuguqc6c,window_resize,0,"[1028, 744]",1698252653662
debug7ENlE:debuguqc6c,window_resize,314072,"[1536, 758]",1698252967734
debug7ENlE:debuguqc6c,window_resize,11911,"[1028, 744]",1698252979645
debug7ENlE:debuguqc6c,window_resize,3762,"[1536, 758]",1698252983407
debug8jsOd:debugaBZgJ,initialized,0,,1701961211569
debug8jsOd:debugaBZgJ,window_resize,0,"[1920, 976]",1701961211569
debug8jsOd:debugaBZgJ,focus,118,on,1701961211687
debug8jsOd:debugaBZgJ,focus,24712,off,1701961236399
debug8jsOd:debugaBZgJ,focus,6202,on,1701961242601
debugeCFrD:debugFCc6p,initialized,0,,1701964062100
debugeCFrD:debugFCc6p,window_resize,0,"[1024, 654]",1701964062100
debugeCFrD:debugFCc6p,focus,42534,off,1701964104634
debugeCFrD:debugFCc6p,focus,8963,on,1701964113597
debugc3qfJ:debugk11r9,initialized,0,,1701961290158
debugc3qfJ:debugk11r9,window_resize,0,"[1024, 767]",1701961290158
debugc3qfJ:debugk11r9,window_resize,4746,"[1920, 982]",1701961294904
debugc3qfJ:debugk11r9,focus,92280,off,1701961387184
debugc3qfJ:debugk11r9,focus,3468,on,1701961390652
debugLCdNS:debugdTmwy,initialized,0,,1701965489073
debugLCdNS:debugdTmwy,window_resize,0,"[1025, 750]",1701965489073
debugLCdNS:debugdTmwy,window_resize,12026,"[1536, 762]",1701965501099
debugLCdNS:debugdTmwy,window_resize,923086,"[1536, 758]",1701966424185
debugLCdNS:debugdTmwy,focus,18097,off,1701966442282
debugLCdNS:debugdTmwy,focus,5966,on,1701966448248
debugEba2m:debugUOxjG,initialized,0,,1703345823601
debugEba2m:debugUOxjG,window_resize,0,"[1025, 768]",1703345823601
debugEba2m:debugUOxjG,window_resize,7923,"[2560, 1356]",1703345831524
debugEba2m:debugUOxjG,focus,4808,off,1703345836332
debugEba2m:debugUOxjG,focus,1305,on,1703345837637
debugEba2m:debugUOxjG,window_resize,1375,"[2560, 1440]",1703345839012
debugMVeC4:debuglgXvd,initialized,0,,1701961233830
debugMVeC4:debuglgXvd,window_resize,0,"[1745, 898]",1701961233830
debugIyc6t:debugmVbhf,initialized,0,,1698252832769
debugIyc6t:debugmVbhf,window_resize,0,"[1536, 758]",1698252832769
debugIyc6t:debugmVbhf,focus,67332,off,1698252900101
debugIyc6t:debugmVbhf,focus,41321,on,1698252941422
debugvK9EX:debugqEev8,initialized,0,,1698331856933
debugvK9EX:debugqEev8,window_resize,0,"[1026, 770]",1698331856933
debugvK9EX:debugqEev8,window_resize,39496,"[1542, 944]",1698331896429
debugvK9EX:debugqEev8,focus,11444,off,1698331907873
debugvK9EX:debugqEev8,focus,3349,on,1698331911222
debugCeAzl:debugvklgb,initialized,0,,1701978905132
debugCeAzl:debugvklgb,window_resize,0,"[1024, 767]",1701978905132
debugiKN72:debugEn5cc,initialized,0,,1701961788506
debugiKN72:debugEn5cc,window_resize,0,"[1032, 786]",1701961788506
debugiKN72:debugEn5cc,focus,24554,off,1701961813060
debugiKN72:debugEn5cc,focus,35526,on,1701961848586
debugiKN72:debugEn5cc,window_resize,1340,"[1707, 961]",1701961849926
debugiKN72:debugEn5cc,focus,3884,off,1701961853810
debugiKN72:debugEn5cc,focus,4504,on,1701961858314
debugiKN72:debugEn5cc,focus,34031,off,1701961892345
debugiKN72:debugEn5cc,focus,5262,on,1701961897607
debugiKN72:debugEn5cc,focus,4835,off,1701961902442
debugiKN72:debugEn5cc,focus,2167,on,1701961904609
debugiKN72:debugEn5cc,focus,7893,off,1701961912502
debugiKN72:debugEn5cc,focus,20326,on,1701961932828
debugiKN72:debugEn5cc,focus,19071,off,1701961951899
debugiKN72:debugEn5cc,focus,1684,on,1701961953583
debugiKN72:debugEn5cc,focus,868,off,1701961954451
debugiKN72:debugEn5cc,focus,32586,on,1701961987037
debugiKN72:debugEn5cc,focus,134628,off,1701962121665
debugiKN72:debugEn5cc,focus,26816,on,1701962148481
debugiKN72:debugEn5cc,focus,26496,off,1701962174977
debugiKN72:debugEn5cc,focus,74637,on,1701962249614
debugiKN72:debugEn5cc,focus,550,off,1701962250164
debugiKN72:debugEn5cc,focus,760768,on,1701963010932
debugiKN72:debugEn5cc,focus,126341,off,1701963137273
debugiKN72:debugEn5cc,focus,29223,on,1701963166496
debugiKN72:debugEn5cc,focus,123163,off,1701963289659
debugiKN72:debugEn5cc,focus,98375,on,1701963388034
debugPwSsj:debugbbq8S,initialized,0,,1701961210212
debugPwSsj:debugbbq8S,window_resize,0,"[1024, 767]",1701961210212
debugPwSsj:debugbbq8S,focus,82634,off,1701961292846
debugPwSsj:debugbbq8S,focus,2506,on,1701961295352
debugPwSsj:debugbbq8S,window_resize,11708,"[1449, 847]",1701961307060
debugPwSsj:debugbbq8S,focus,4639,off,1701961311699
debugPwSsj:debugbbq8S,focus,1748,on,1701961313447
debugPwSsj:debugbbq8S,focus,4314,off,1701961317761
debugPwSsj:debugbbq8S,focus,2605,on,1701961320366
debugPwSsj:debugbbq8S,focus,6517,off,1701961326883
debugPwSsj:debugbbq8S,focus,6468,on,1701961333351
debugPwSsj:debugbbq8S,focus,5907,off,1701961339258
debugPwSsj:debugbbq8S,focus,11172,on,1701961350430
debugPwSsj:debugbbq8S,focus,175073,off,1701961525503
debugPwSsj:debugbbq8S,focus,87932,on,1701961613435
debugPwSsj:debugbbq8S,focus,4139,off,1701961617574
debugPwSsj:debugbbq8S,focus,34734,on,1701961652308
debugPwSsj:debugbbq8S,focus,91020,off,1701961743328
debugPwSsj:debugbbq8S,focus,37398,on,1701961780726
debugqzJdH:debugpHqmG,initialized,0,,1701963952735
debugqzJdH:debugpHqmG,window_resize,0,"[938, 553]",1701963952735
debug7lEmc:debugobh36,initialized,0,,1703168027976
debug7lEmc:debugobh36,window_resize,1,"[1024, 647]",1703168027977
debug7lEmc:debugobh36,focus,242,on,1703168028219
debug7lEmc:debugobh36,window_resize,7071,"[1376, 662]",1703168035290
debug7lEmc:debugobh36,focus,4212,off,1703168039502
debug7lEmc:debugobh36,focus,5416,on,1703168044918
debugXdvNu:debugSGBce,initialized,0,,1703178348317
debugXdvNu:debugSGBce,window_resize,0,"[1024, 767]",1703178348317
debugbWep1:debugmSXeS,initialized,0,,1702480078479
debugbWep1:debugmSXeS,window_resize,0,"[1920, 984]",1702480078479
debugbWep1:debugmSXeS,focus,126,on,1702480078605
debugbWep1:debugmSXeS,focus,30552,off,1702480109157
debugbWep1:debugmSXeS,focus,1337,on,1702480110494
debugbWep1:debugmSXeS,focus,283929,off,1702480394423
debugbWep1:debugmSXeS,focus,24810,on,1702480419233
debugbWep1:debugmSXeS,focus,7789,off,1702480427022
debugbWep1:debugmSXeS,focus,643,on,1702480427665
debugjzs05:debug2aXOs,initialized,0,,1701963940912
debugjzs05:debug2aXOs,window_resize,0,"[1536, 766]",1701963940912
debugjzs05:debug2aXOs,focus,116354,off,1701964057266
debugjzs05:debug2aXOs,focus,37012,on,1701964094278
debugxluKu:debug4uFiQ,initialized,0,,1702480055835
debugxluKu:debug4uFiQ,window_resize,0,"[1025, 612]",1702480055835
debugxluKu:debug4uFiQ,window_resize,13125,"[1280, 626]",1702480068960
debugxluKu:debug4uFiQ,focus,8051,off,1702480077011
debugxluKu:debug4uFiQ,focus,3973,on,1702480080984
debugxluKu:debug4uFiQ,focus,2809,off,1702480083793
debugxluKu:debug4uFiQ,focus,3803,on,1702480087596
debugxluKu:debug4uFiQ,focus,35155,off,1702480122751
debugxluKu:debug4uFiQ,focus,13398,on,1702480136149
debugxluKu:debug4uFiQ,focus,390914,off,1702480527063
debugxluKu:debug4uFiQ,focus,5465,on,1702480532528
debugvu5SD:debugp9ZRc,initialized,0,,1701961200667
debugvu5SD:debugp9ZRc,window_resize,0,"[1028, 744]",1701961200667
debugqPbeY:debug9yFxh,initialized,0,,1701963941343
debugqPbeY:debug9yFxh,window_resize,0,"[1024, 719]",1701963941343
debugqPbeY:debug9yFxh,window_resize,12785,"[1440, 865]",1701963954128
debugSbKpl:debugTH4NK,initialized,0,,1698255987423
debugSbKpl:debugTH4NK,window_resize,0,"[1024, 694]",1698255987423
debugSbKpl:debugTH4NK,window_resize,32239,"[1366, 708]",1698256019662
debugSbKpl:debugTH4NK,window_resize,3254,"[1024, 694]",1698256022916
debugSbKpl:debugTH4NK,window_resize,4745,"[1366, 708]",1698256027661
debugSbKpl:debugTH4NK,window_resize,2534,"[1024, 694]",1698256030195
debugSbKpl:debugTH4NK,window_resize,9672,"[1366, 708]",1698256039867
debugSbKpl:debugTH4NK,window_resize,10192,"[1024, 694]",1698256050059
debugSbKpl:debugTH4NK,focus,8163,off,1698256058222
debugSbKpl:debugTH4NK,focus,6671,on,1698256064893
debugSbKpl:debugTH4NK,window_resize,9214,"[1366, 708]",1698256074107
debugGriCm:debugehWEe,initialized,0,,1698331606083
debugGriCm:debugehWEe,window_resize,1,"[1024, 752]",1698331606084
debugGriCm:debugehWEe,window_resize,28353,"[1536, 766]",1698331634437
debugGriCm:debugehWEe,focus,9582,off,1698331644019
debugGriCm:debugehWEe,focus,11274,on,1698331655293
debugGriCm:debugehWEe,focus,5,off,1698331655298
debugGriCm:debugehWEe,focus,1622,on,1698331656920
debugGriCm:debugehWEe,focus,25917,off,1698331682837
debugGriCm:debugehWEe,focus,10527,on,1698331693364
debugw6gPJ:debug6D3fR,initialized,0,,1701961211256
debugw6gPJ:debug6D3fR,window_resize,0,"[1024, 767]",1701961211256
debugw6gPJ:debug6D3fR,focus,79284,off,1701961290540
debugw6gPJ:debug6D3fR,focus,15378,on,1701961305918
debugw6gPJ:debug6D3fR,focus,449407,off,1701961755325
debugw6gPJ:debug6D3fR,focus,5619,on,1701961760944
debugw6gPJ:debug6D3fR,window_resize,2143,"[1920, 1102]",1701961763087
debugw6gPJ:debug6D3fR,focus,61951,off,1701961825038
debugw6gPJ:debug6D3fR,focus,45512,on,1701961870550
debugw6gPJ:debug6D3fR,focus,243526,off,1701962114076
debugw6gPJ:debug6D3fR,focus,27549,on,1701962141625
debugLTjRT:debugUwM6o,initialized,0,,1698255108355
debugLTjRT:debugUwM6o,window_resize,0,"[1024, 660]",1698255108355
debugLTjRT:debugUwM6o,window_resize,17450,"[1366, 676]",1698255125805
debugLTjRT:debugUwM6o,focus,3306,off,1698255129111
debugLTjRT:debugUwM6o,focus,4486,on,1698255133597
debugLTjRT:debugUwM6o,window_resize,233156,"[1366, 676]",1698255366753
debugLTjRT:debugUwM6o,focus,747,off,1698255367500
debugLTjRT:debugUwM6o,focus,4358,on,1698255371858
debugVNiuL:debugm8dTk,initialized,0,,1698331765811
debugVNiuL:debugm8dTk,window_resize,0,"[1024, 767]",1698331765811
debugVNiuL:debugm8dTk,window_resize,13889,"[2560, 1342]",1698331779700
debugVNiuL:debugm8dTk,focus,9290,off,1698331788990
debugVNiuL:debugm8dTk,focus,1098,on,1698331790088
debugVNiuL:debugm8dTk,window_resize,246,"[1024, 767]",1698331790334
debugVNiuL:debugm8dTk,focus,856,off,1698331791190
debugVNiuL:debugm8dTk,focus,1145,on,1698331792335
debugVNiuL:debugm8dTk,window_resize,4459,"[2560, 1342]",1698331796794
debugVNiuL:debugm8dTk,window_resize,18860,"[1024, 767]",1698331815654
debugVNiuL:debugm8dTk,window_resize,283,"[1341, 1333]",1698331815937
debugVNiuL:debugm8dTk,focus,990,off,1698331816927
debugVNiuL:debugm8dTk,focus,10994,on,1698331827921
debugVNiuL:debugm8dTk,window_resize,14523,"[1215, 1333]",1698331842444
debugVNiuL:debugm8dTk,focus,874,off,1698331843318
debugVNiuL:debugm8dTk,focus,3625,on,1698331846943
debugVNiuL:debugm8dTk,window_resize,303,"[1024, 767]",1698331847246
debugVNiuL:debugm8dTk,window_resize,348,"[1341, 1333]",1698331847594
debugVNiuL:debugm8dTk,focus,2173,off,1698331849767
debugVNiuL:debugm8dTk,focus,5194,on,1698331854961
debugVNiuL:debugm8dTk,window_resize,273,"[2560, 1342]",1698331855234
debugVNiuL:debugm8dTk,window_resize,41545,"[1024, 767]",1698331896779
debugVNiuL:debugm8dTk,window_resize,444,"[1341, 1333]",1698331897223
debugVNiuL:debugm8dTk,focus,309,off,1698331897532
debugVNiuL:debugm8dTk,focus,100561,on,1698331998093
debugVNiuL:debugm8dTk,focus,16430,off,1698332014523
debugVNiuL:debugm8dTk,focus,27642,on,1698332042165
debugVNiuL:debugm8dTk,focus,2837,off,1698332045002
debugVNiuL:debugm8dTk,focus,730,on,1698332045732
debugVNiuL:debugm8dTk,focus,122985,off,1698332168717
debugVNiuL:debugm8dTk,focus,3898,on,1698332172615
debugVNiuL:debugm8dTk,focus,4247,off,1698332176862
debugVNiuL:debugm8dTk,focus,50,on,1698332176912
debugVNiuL:debugm8dTk,focus,996,off,1698332177908
debugVNiuL:debugm8dTk,focus,1739,on,1698332179647
debugVNiuL:debugm8dTk,window_resize,36003,"[1024, 767]",1698332215650
debugVNiuL:debugm8dTk,focus,2776,off,1698332218426
debugVNiuL:debugm8dTk,focus,3457,on,1698332221883
debugVNiuL:debugm8dTk,window_resize,1082,"[1341, 1333]",1698332222965
debugVNiuL:debugm8dTk,focus,2205,off,1698332225170
debugVNiuL:debugm8dTk,focus,90239,on,1698332315409
debugVNiuL:debugm8dTk,focus,2526,off,1698332317935
debugVNiuL:debugm8dTk,focus,91261,on,1698332409196
debugVNiuL:debugm8dTk,focus,894,off,1698332410090
debugVNiuL:debugm8dTk,focus,5315,on,1698332415405
debugVNiuL:debugm8dTk,focus,238210,off,1698332653615
debugVNiuL:debugm8dTk,focus,42727,on,1698332696342
debugVNiuL:debugm8dTk,focus,87910,off,1698332784252
debugVNiuL:debugm8dTk,window_resize,490,"[1215, 1333]",1698332784742
debugVNiuL:debugm8dTk,window_resize,4665,"[1024, 767]",1698332789407
debugVNiuL:debugm8dTk,window_resize,209,"[2560, 1342]",1698332789616
debugVNiuL:debugm8dTk,focus,1433,on,1698332791049
debugtVELO:debugFuZwr,initialized,0,,1701963949876
debugtVELO:debugFuZwr,window_resize,0,"[1024, 669]",1701963949876
debugtVELO:debugFuZwr,window_resize,11226,"[1280, 669]",1701963961102
debugkIlik:debugMQy0j,initialized,0,,1702354950088
debugkIlik:debugMQy0j,window_resize,0,"[1028, 778]",1702354950088
debugx16i0:debugGqSkM,initialized,0,,1702355319166
debugx16i0:debugGqSkM,window_resize,0,"[1028, 778]",1702355319166
debugYHCeY:debugkmomr,initialized,0,,1701962054149
debugYHCeY:debugkmomr,window_resize,0,"[1024, 767]",1701962054149
debugYHCeY:debugkmomr,window_resize,14377,"[1920, 982]",1701962068526
debugYHCeY:debugkmomr,focus,33483,off,1701962102009
debugYHCeY:debugkmomr,focus,18970,on,1701962120979
debugYHCeY:debugkmomr,focus,416124,off,1701962537103
debugYHCeY:debugkmomr,focus,36486,on,1701962573589
debugMrgvK:debugIprJS,initialized,0,,1698331424728
debugMrgvK:debugIprJS,window_resize,0,"[1024, 768]",1698331424728
debugMrgvK:debugIprJS,focus,82066,off,1698331506794
debugMrgvK:debugIprJS,focus,3368,on,1698331510162
debugMrgvK:debugIprJS,focus,6707,off,1698331516869
debugMrgvK:debugIprJS,focus,2870,on,1698331519739
debugMrgvK:debugIprJS,focus,18211,off,1698331537950
debugMrgvK:debugIprJS,focus,3583,on,1698331541533
debugMrgvK:debugIprJS,focus,71162,off,1698331612695
debugMrgvK:debugIprJS,focus,4379,on,1698331617074
debugMrgvK:debugIprJS,focus,47765,off,1698331664839
debugMrgvK:debugIprJS,focus,4407,on,1698331669246
debugMrgvK:debugIprJS,focus,341314,off,1698332010560
debugMrgvK:debugIprJS,focus,2245,on,1698332012805
debugqc2Wn:debugRdakI,initialized,0,,1701961359645
debugqc2Wn:debugRdakI,window_resize,0,"[1032, 600]",1701961359645
debugqc2Wn:debugRdakI,window_resize,41739,"[1280, 614]",1701961401384
debugCjLnW:debugjmCJx,initialized,0,,1698331510996
debugCjLnW:debugjmCJx,window_resize,1,"[1030, 784]",1698331510997
debugCjLnW:debugjmCJx,focus,25199,off,1698331536196
debugCjLnW:debugjmCJx,focus,6717,on,1698331542913
debug0bUKJ:debugVPtCC,initialized,0,,1701961489572
debug0bUKJ:debugVPtCC,window_resize,0,"[1280, 614]",1701961489572
debugMYUXi:debugfXb3j,initialized,0,,1698331454832
debugMYUXi:debugfXb3j,window_resize,0,"[1536, 766]",1698331454832
debugMYUXi:debugfXb3j,focus,44268,off,1698331499100
debugMYUXi:debugfXb3j,focus,1827,on,1698331500927
debugMYUXi:debugfXb3j,focus,832,off,1698331501759
debugMYUXi:debugfXb3j,focus,7152,on,1698331508911
debugMYUXi:debugfXb3j,focus,893,off,1698331509804
debugMYUXi:debugfXb3j,focus,6468,on,1698331516272
debugMYUXi:debugfXb3j,focus,13690,off,1698331529962
debugMYUXi:debugfXb3j,focus,4486,on,1698331534448
debugMYUXi:debugfXb3j,focus,177425,off,1698331711873
debugMYUXi:debugfXb3j,focus,13627,on,1698331725500
debugMYUXi:debugfXb3j,window_resize,598039,"[1028, 752]",1698332323539
debugMYUXi:debugfXb3j,window_resize,2070,"[1536, 766]",1698332325609
debugr1t4j:debugLUDCs,initialized,0,,1701961645274
debugr1t4j:debugLUDCs,window_resize,0,"[1024, 767]",1701961645274
debugr1t4j:debugLUDCs,focus,55689,off,1701961700963
debugr1t4j:debugLUDCs,focus,2222,on,1701961703185
debugb5XqK:debugPe7KX,initialized,0,,1701964306324
debugb5XqK:debugPe7KX,window_resize,0,"[1024, 767]",1701964306324
debugb5XqK:debugPe7KX,focus,534984,off,1701964841308
debugb5XqK:debugPe7KX,focus,30797,on,1701964872105
debugb5XqK:debugPe7KX,focus,9607,off,1701964881712
debugb5XqK:debugPe7KX,focus,3675,on,1701964885387
debugb5XqK:debugPe7KX,window_resize,56715,"[2560, 1342]",1701964942102
debugb5XqK:debugPe7KX,focus,60817,off,1701965002919
debugb5XqK:debugPe7KX,focus,1430,on,1701965004349
debugb5XqK:debugPe7KX,focus,5059,off,1701965009408
debugb5XqK:debugPe7KX,focus,14882,on,1701965024290
debugb5XqK:debugPe7KX,focus,5362,off,1701965029652
debugb5XqK:debugPe7KX,focus,5444,on,1701965035096
debugb5XqK:debugPe7KX,focus,161238,off,1701965196334
debugb5XqK:debugPe7KX,focus,6339,on,1701965202673
debug5JKAK:debugZ8ttg,initialized,0,,1701963972450
debug5JKAK:debugZ8ttg,window_resize,1,"[1280, 622]",1701963972451
debug5JKAK:debugZ8ttg,focus,24905,off,1701963997356
debug5JKAK:debugZ8ttg,focus,1870,on,1701963999226
debug5JKAK:debugZ8ttg,window_resize,532,"[1280, 720]",1701963999758
debug5JKAK:debugZ8ttg,focus,7028,off,1701964006786
debug5JKAK:debugZ8ttg,focus,3238,on,1701964010024
debugQIzt7:debuguypV7,initialized,0,,1703347110536
debugQIzt7:debuguypV7,window_resize,0,"[1024, 767]",1703347110536
debugFT709:debug85Ph6,initialized,0,,1703167998867
debugFT709:debug85Ph6,window_resize,0,"[1024, 767]",1703167998867
debugFT709:debug85Ph6,focus,135,on,1703167999002
debugFT709:debug85Ph6,focus,9098,off,1703168008100
debugFT709:debug85Ph6,focus,13434,on,1703168021534
debugFT709:debug85Ph6,window_resize,10757,"[2048, 1152]",1703168032291
debugFT709:debug85Ph6,window_resize,3898,"[1024, 767]",1703168036189
debugFT709:debug85Ph6,focus,276,off,1703168036465
debugFT709:debug85Ph6,focus,4099,on,1703168040564
debugFT709:debug85Ph6,window_resize,3705,"[2048, 1152]",1703168044269
debugFT709:debug85Ph6,window_resize,87059,"[1024, 767]",1703168131328
debugFT709:debug85Ph6,focus,877,off,1703168132205
debugFT709:debug85Ph6,focus,27448,on,1703168159653
debugFT709:debug85Ph6,window_resize,2278,"[2048, 1152]",1703168161931
debugFT709:debug85Ph6,window_resize,34136,"[1024, 767]",1703168196067
debugFT709:debug85Ph6,focus,788,off,1703168196855
debugFT709:debug85Ph6,focus,9137,on,1703168205992
debugFT709:debug85Ph6,window_resize,2748,"[2048, 1152]",1703168208740
debugFT709:debug85Ph6,window_resize,561180,"[1024, 767]",1703168769920
debugFT709:debug85Ph6,focus,908,off,1703168770828
debugFT709:debug85Ph6,focus,22361,on,1703168793189
debugELSEF:debugbzuMu,initialized,0,,1703181677628
debugELSEF:debugbzuMu,window_resize,0,"[1147, 764]",1703181677628
debugELSEF:debugbzuMu,focus,17658,off,1703181695286
debugELSEF:debugbzuMu,focus,5073,on,1703181700359
debugdmWdO:debugxUiC5,initialized,0,,1703607111849
debugdmWdO:debugxUiC5,window_resize,0,"[1032, 600]",1703607111849
debugdmWdO:debugxUiC5,window_resize,3461,"[1280, 614]",1703607115310
debugdmWdO:debugxUiC5,focus,6444,off,1703607121754
debugdmWdO:debugxUiC5,focus,1994,on,1703607123748
debugdmWdO:debugxUiC5,focus,126426,off,1703607250174
debugdmWdO:debugxUiC5,focus,1708,on,1703607251882
debugdmWdO:debugxUiC5,focus,292,off,1703607252174
debugdmWdO:debugxUiC5,focus,1091,on,1703607253265
debugdmWdO:debugxUiC5,focus,586731,off,1703607839996
debugdmWdO:debugxUiC5,focus,68,on,1703607840064
debugknuVp:debugLdyx2,initialized,0,,1701961346122
debugknuVp:debugLdyx2,window_resize,1,"[1024, 654]",1701961346123
debugknuVp:debugLdyx2,focus,1328,on,1701961347451
debugknuVp:debugLdyx2,window_resize,38765,"[1366, 670]",1701961386216
debugq4Gth:debugUDhmv,initialized,0,,1702355508318
debugq4Gth:debugUDhmv,window_resize,0,"[1028, 778]",1702355508318
debugxeiWg:debugbCR4H,initialized,0,,1703168025499
debugxeiWg:debugbCR4H,window_resize,0,"[1138, 821]",1703168025499
debugxeiWg:debugbCR4H,focus,15776,off,1703168041275
debugxeiWg:debugbCR4H,focus,65,on,1703168041340
debugxeiWg:debugbCR4H,window_resize,216,"[1707, 830]",1703168041556
debugH3Kdf:debugoKKAW,initialized,0,,1701961894533
debugH3Kdf:debugoKKAW,window_resize,0,"[1024, 650]",1701961894533
debugH3Kdf:debugoKKAW,focus,39053,off,1701961933586
debugH3Kdf:debugoKKAW,focus,11515,on,1701961945101
debug3VExu:debugeBMtO,initialized,0,,1701963998222
debug3VExu:debugeBMtO,window_resize,0,"[1024, 646]",1701963998222
debug3VExu:debugeBMtO,window_resize,2676,"[1366, 662]",1701964000898
debug3VExu:debugeBMtO,focus,27992,off,1701964028890
debug3VExu:debugeBMtO,focus,5166,on,1701964034056
debug3VExu:debugeBMtO,focus,5670,off,1701964039726
debug3VExu:debugeBMtO,focus,3570,on,1701964043296
debug3VExu:debugeBMtO,focus,1327,off,1701964044623
debug3VExu:debugeBMtO,focus,2593,on,1701964047216
debug8q9Mq:debuggl7Ai,initialized,0,,1702394864974
debug8q9Mq:debuggl7Ai,window_resize,0,"[1536, 758]",1702394864974
debug8q9Mq:debuggl7Ai,window_resize,22536,"[1536, 864]",1702394887510
debugmEOnf:debugCIH3W,initialized,0,,1703168023006
debugmEOnf:debugCIH3W,window_resize,0,"[1028, 752]",1703168023006
debugaFw67:debugoPEp1,initialized,0,,1702395617001
debugaFw67:debugoPEp1,window_resize,0,"[1024, 748]",1702395617001
debugaFw67:debugoPEp1,focus,19876,off,1702395636877
debugaFw67:debugoPEp1,focus,3251,on,1702395640128
debugaFw67:debugoPEp1,window_resize,8981,"[1536, 762]",1702395649109
debugaFw67:debugoPEp1,focus,553937,off,1702396203046
debugaFw67:debugoPEp1,focus,5188,on,1702396208234
debugeIXxN:debugf7YGZ,initialized,0,,1703172687459
debugeIXxN:debugf7YGZ,window_resize,0,"[1024, 767]",1703172687459
debugeIXxN:debugf7YGZ,focus,22752,off,1703172710211
debugeIXxN:debugf7YGZ,focus,6809,on,1703172717020
debugeIXxN:debugf7YGZ,focus,411840,off,1703173128860
debugeIXxN:debugf7YGZ,focus,5373,on,1703173134233
debugeIXxN:debugf7YGZ,focus,136586,off,1703173270819
debugeIXxN:debugf7YGZ,focus,5613,on,1703173276432
debugeIXxN:debugf7YGZ,window_resize,8615,"[1920, 982]",1703173285047
debugrneJO:debug9kW6G,initialized,0,,1703607105467
debugrneJO:debug9kW6G,window_resize,0,"[1028, 752]",1703607105467
debugrneJO:debug9kW6G,window_resize,4467,"[1478, 752]",1703607109934
debugrneJO:debug9kW6G,window_resize,34000,"[1478, 810]",1703607143934
debugrneJO:debug9kW6G,window_resize,1222,"[1478, 759]",1703607145156
debugmk39O:debug2lp1G,initialized,0,,1701961305327
debugmk39O:debug2lp1G,window_resize,0,"[1024, 661]",1701961305327
debugmk39O:debug2lp1G,focus,2826,off,1701961308153
debugmk39O:debug2lp1G,focus,6708,on,1701961314861
debugmk39O:debug2lp1G,window_resize,111403,"[1366, 677]",1701961426264
debugmk39O:debug2lp1G,focus,5474,off,1701961431738
debugmk39O:debug2lp1G,focus,8363,on,1701961440101
debugmk39O:debug2lp1G,window_resize,84227,"[1242, 615]",1701961524328
debugOWOYq:debugnLUJ1,initialized,0,,1701963940336
debugOWOYq:debugnLUJ1,window_resize,0,"[1920, 955]",1701963940336
debugOWOYq:debugnLUJ1,window_resize,22352,"[1920, 1080]",1701963962688
debugOWOYq:debugnLUJ1,window_resize,3441,"[1920, 955]",1701963966129
debugOWOYq:debugnLUJ1,focus,767,off,1701963966896
debugOWOYq:debugnLUJ1,focus,1599,on,1701963968495
debug1DkEI:debugof6WA,initialized,0,,1701964013812
debug1DkEI:debugof6WA,window_resize,0,"[1024, 646]",1701964013812
debug1DkEI:debugof6WA,window_resize,244841,"[1366, 662]",1701964258653
debug9ULmc:debugxRvtn,initialized,0,,1703350388871
debug9ULmc:debugxRvtn,window_resize,0,"[1517, 735]",1703350388871
debugbVTny:debugePjCu,initialized,0,,1701963969204
debugbVTny:debugePjCu,window_resize,0,"[1032, 728]",1701963969204
debugrmitk:debugdLgpi,initialized,0,,1702355715645
debugrmitk:debugdLgpi,window_resize,0,"[1028, 778]",1702355715645
debugrmitk:debugdLgpi,focus,158459,off,1702355874104
debugrmitk:debugdLgpi,focus,5121,on,1702355879225
debugrmitk:debugdLgpi,window_resize,1855,"[1536, 854]",1702355881080
debugTtmDs:debugJ21ML,initialized,0,,1703264006205
debugTtmDs:debugJ21ML,window_resize,1,"[1024, 768]",1703264006206
debugTtmDs:debugJ21ML,focus,168,on,1703264006374
debugTtmDs:debugJ21ML,focus,5543,off,1703264011917
debugTtmDs:debugJ21ML,window_resize,240,"[1280, 920]",1703264012157
debugTtmDs:debugJ21ML,focus,916,on,1703264013073
debugTtmDs:debugJ21ML,window_resize,886842,"[1280, 1024]",1703264899915
debugTtmDs:debugJ21ML,window_resize,355,"[1280, 920]",1703264900270
debugTtmDs:debugJ21ML,focus,3312,off,1703264903582
debugTtmDs:debugJ21ML,focus,9651,on,1703264913233
debug7pINd:debugVFvI9,initialized,0,,1701961236353
debug7pINd:debugVFvI9,window_resize,0,"[1032, 618]",1701961236353
debug7pINd:debugVFvI9,window_resize,3178,"[1280, 632]",1701961239531
debug7pINd:debugVFvI9,focus,607,off,1701961240138
debug7pINd:debugVFvI9,focus,5553,on,1701961245691
debug7pINd:debugVFvI9,focus,31161,off,1701961276852
debug7pINd:debugVFvI9,focus,1627,on,1701961278479
debug7pINd:debugVFvI9,window_resize,7600,"[1280, 720]",1701961286079
debug7pINd:debugVFvI9,window_resize,5177,"[1280, 632]",1701961291256
debug7pINd:debugVFvI9,focus,1905,off,1701961293161
debug7pINd:debugVFvI9,focus,5234,on,1701961298395
debug7pINd:debugVFvI9,window_resize,9381,"[1280, 720]",1701961307776
debugs6PXZ:debugkQF3y,initialized,0,,1702356166669
debugs6PXZ:debugkQF3y,window_resize,0,"[1028, 778]",1702356166669
debugcQLYl:debugrx3ic,initialized,0,,1701964005388
debugcQLYl:debugrx3ic,window_resize,0,"[1024, 767]",1701964005388
debugcQLYl:debugrx3ic,window_resize,8299,"[1920, 974]",1701964013687
debugcQLYl:debugrx3ic,window_resize,4445,"[1920, 1080]",1701964018132
debugcQLYl:debugrx3ic,focus,2571,off,1701964020703
debugcQLYl:debugrx3ic,window_resize,842,"[1920, 1079]",1701964021545
debugcQLYl:debugrx3ic,focus,2616,on,1701964024161
debugcQLYl:debugrx3ic,window_resize,228,"[1920, 1080]",1701964024389
debugcQLYl:debugrx3ic,focus,25625,off,1701964050014
debugcQLYl:debugrx3ic,focus,3295,on,1701964053309
debugcQLYl:debugrx3ic,focus,22597,off,1701964075906
debugcQLYl:debugrx3ic,focus,7801,on,1701964083707
debugcQLYl:debugrx3ic,focus,923,off,1701964084630
debugcQLYl:debugrx3ic,window_resize,217,"[1920, 1079]",1701964084847
debugcQLYl:debugrx3ic,focus,795,on,1701964085642
debugcQLYl:debugrx3ic,window_resize,219,"[1920, 1080]",1701964085861
debugGFG7M:debug0W3nr,initialized,0,,1702360167723
debugGFG7M:debug0W3nr,window_resize,0,"[1028, 778]",1702360167723
debugGFG7M:debug0W3nr,focus,52007,off,1702360219730
debugGFG7M:debug0W3nr,focus,10040,on,1702360229770
debugGFG7M:debug0W3nr,window_resize,55275,"[1536, 854]",1702360285045
debugGFG7M:debug0W3nr,focus,33263,off,1702360318308
debugGFG7M:debug0W3nr,focus,4220,on,1702360322528
debughzluu:debugWKxyB,initialized,0,,1701963956915
debughzluu:debugWKxyB,window_resize,0,"[1028, 744]",1701963956915
debughzluu:debugWKxyB,window_resize,38669,"[1536, 758]",1701963995584
debug6agBL:debughY83F,initialized,0,,1701963964969
debug6agBL:debughY83F,window_resize,0,"[1024, 649]",1701963964969
debug6agBL:debughY83F,focus,25191,off,1701963990160
debug6agBL:debughY83F,focus,6470,on,1701963996630
debugWNopB:debugT65LT,initialized,0,,1703607782659
debugWNopB:debugT65LT,window_resize,0,"[1032, 598]",1703607782659
debugWNopB:debugT65LT,window_resize,73322,"[1280, 612]",1703607855981
debugWNopB:debugT65LT,window_resize,107919,"[720, 1172]",1703607963900
debugWNopB:debugT65LT,window_resize,2206,"[1280, 612]",1703607966106
debugWNopB:debugT65LT,focus,154193,off,1703608120299
debugWNopB:debugT65LT,focus,55614,on,1703608175913
debugWNopB:debugT65LT,focus,789385,off,1703608965298
debugWNopB:debugT65LT,focus,1874,on,1703608967172
debugWNopB:debugT65LT,focus,379258,off,1703609346430
debugWNopB:debugT65LT,focus,2171,on,1703609348601
debug8jzAp:debugxozGA,initialized,0,,1701965055991
debug8jzAp:debugxozGA,window_resize,0,"[1020, 764]",1701965055991
debug8jzAp:debugxozGA,focus,163,on,1701965056154
debug8jzAp:debugxozGA,window_resize,2124,"[1466, 732]",1701965058278
debug8jzAp:debugxozGA,focus,774,off,1701965059052
debug8jzAp:debugxozGA,focus,144,on,1701965059196
debug8jzAp:debugxozGA,focus,33452,off,1701965092648
debug8jzAp:debugxozGA,focus,2643,on,1701965095291
debug8jzAp:debugxozGA,focus,5478,off,1701965100769
debug8jzAp:debugxozGA,focus,23771,on,1701965124540
debug8jzAp:debugxozGA,focus,2293,off,1701965126833
debug8jzAp:debugxozGA,focus,24200,on,1701965151033
debug8jzAp:debugxozGA,focus,5296,off,1701965156329
debug8jzAp:debugxozGA,focus,7786,on,1701965164115
debug8jzAp:debugxozGA,focus,7603,off,1701965171718
debug8jzAp:debugxozGA,focus,2173,on,1701965173891
debug8jzAp:debugxozGA,focus,606,off,1701965174497
debug8jzAp:debugxozGA,focus,1316,on,1701965175813
debug8jzAp:debugxozGA,focus,563,off,1701965176376
debug8jzAp:debugxozGA,focus,25447,on,1701965201823
debug8jzAp:debugxozGA,focus,2001,off,1701965203824
debug8jzAp:debugxozGA,focus,33333,on,1701965237157
debug8jzAp:debugxozGA,focus,1968,off,1701965239125
debug8jzAp:debugxozGA,focus,2014,on,1701965241139
debug8jzAp:debugxozGA,focus,910,off,1701965242049
debug8jzAp:debugxozGA,focus,33862,on,1701965275911
debug8jzAp:debugxozGA,focus,4622,off,1701965280533
debug8jzAp:debugxozGA,focus,29622,on,1701965310155
debug8jzAp:debugxozGA,focus,118468,on,1701965428623
debug8jzAp:debugxozGA,focus,6664,off,1701965435287
debug8jzAp:debugxozGA,focus,5166,on,1701965440453
debug8jzAp:debugxozGA,focus,6443,off,1701965446896
debug8jzAp:debugxozGA,focus,173,on,1701965447069
debugPPOVw:debuggGv1P,initialized,0,,1701961470538
debugPPOVw:debuggGv1P,window_resize,0,"[1285, 970]",1701961470538
debugPPOVw:debuggGv1P,window_resize,5165,"[1358, 1299]",1701961475703
debugPPOVw:debuggGv1P,focus,94689,off,1701961570392
debugPPOVw:debuggGv1P,focus,13112,on,1701961583504
debugR3msS:debugwm9er,initialized,0,,1701964014938
debugR3msS:debugwm9er,window_resize,0,"[1024, 767]",1701964014938
debugR3msS:debugwm9er,focus,11067,off,1701964026005
debugR3msS:debugwm9er,focus,3574,on,1701964029579
debugR3msS:debugwm9er,window_resize,2290,"[1920, 982]",1701964031869
debugt3ZdK:debugRBE32,initialized,0,,1701964821951
debugt3ZdK:debugRBE32,window_resize,0,"[1024, 767]",1701964821951
debugt3ZdK:debugRBE32,window_resize,7362,"[1920, 982]",1701964829313
debugt3ZdK:debugRBE32,window_resize,4188,"[1920, 1080]",1701964833501
debugDVsds:debugpcoQU,initialized,0,,1701961219473
debugDVsds:debugpcoQU,window_resize,0,"[1037, 602]",1701961219473
debugDVsds:debugpcoQU,focus,151698,off,1701961371171
debugDVsds:debugpcoQU,focus,9694,on,1701961380865
debugDVsds:debugpcoQU,focus,46789,off,1701961427654
debugDVsds:debugpcoQU,focus,9461,on,1701961437115
debugPP7FG:debugNykSu,initialized,0,,1703172702224
debugPP7FG:debugNykSu,window_resize,0,"[1028, 752]",1703172702224
debugPP7FG:debugNykSu,focus,6331,off,1703172708555
debugPP7FG:debugNykSu,focus,6120,on,1703172714675
debugPP7FG:debugNykSu,window_resize,13061,"[1536, 766]",1703172727736
debug6oT3E:debug1BL3K,initialized,0,,1702393856692
debug6oT3E:debug1BL3K,window_resize,0,"[1024, 767]",1702393856692
debug6oT3E:debug1BL3K,window_resize,11497,"[1920, 982]",1702393868189
debug6oT3E:debug1BL3K,focus,3992,off,1702393872181
debug6oT3E:debug1BL3K,focus,2507,on,1702393874688
debug6oT3E:debug1BL3K,focus,1928,off,1702393876616
debug6oT3E:debug1BL3K,focus,4423,on,1702393881039
debug6oT3E:debug1BL3K,focus,91002,off,1702393972041
debug6oT3E:debug1BL3K,focus,233910,on,1702394205951
debug6oT3E:debug1BL3K,window_resize,4320,"[1024, 767]",1702394210271
debug6oT3E:debug1BL3K,focus,4033,off,1702394214304
debug6oT3E:debug1BL3K,focus,1975,on,1702394216279
debugKZma4:debugyliaf,initialized,0,,1701965606668
debugKZma4:debugyliaf,window_resize,0,"[1028, 752]",1701965606668
debugKZma4:debugyliaf,window_resize,19105,"[1536, 766]",1701965625773
debugKZma4:debugyliaf,focus,38289,off,1701965664062
debugKZma4:debugyliaf,focus,5118,on,1701965669180
debugYYPNK:debug9dGJr,initialized,0,,1702394115524
debugYYPNK:debug9dGJr,window_resize,0,"[1028, 778]",1702394115524
debugYYPNK:debug9dGJr,focus,2398,off,1702394117922
debugYYPNK:debug9dGJr,focus,4242,on,1702394122164
debugYYPNK:debug9dGJr,window_resize,313766,"[1536, 864]",1702394435930
debugqqX5c:debugwitkk,initialized,0,,1701961476331
debugqqX5c:debugwitkk,window_resize,0,"[1024, 716]",1701961476331
debugqqX5c:debugwitkk,focus,136,on,1701961476467
debugqqX5c:debugwitkk,focus,15851,off,1701961492318
debugqqX5c:debugwitkk,focus,4409,on,1701961496727
debugqqX5c:debugwitkk,focus,94612,off,1701961591339
debugqqX5c:debugwitkk,focus,9991,on,1701961601330
debugqqX5c:debugwitkk,window_resize,93516,"[1440, 716]",1701961694846
debugbQj34:debugvfSrh,initialized,0,,1701961679498
debugbQj34:debugvfSrh,window_resize,0,"[1536, 758]",1701961679498
debugbQj34:debugvfSrh,focus,15479,off,1701961694977
debugbQj34:debugvfSrh,focus,5650,on,1701961700627
debugbQj34:debugvfSrh,focus,56797,off,1701961757424
debugbQj34:debugvfSrh,focus,620,on,1701961758044
debugbQj34:debugvfSrh,focus,452,off,1701961758496
debugbQj34:debugvfSrh,focus,564,on,1701961759060
debugbQj34:debugvfSrh,focus,1024,off,1701961760084
debugbQj34:debugvfSrh,focus,4402,on,1701961764486
debugbQj34:debugvfSrh,focus,246,off,1701961764732
debugbQj34:debugvfSrh,focus,1072,on,1701961765804
debugbQj34:debugvfSrh,focus,1464,off,1701961767268
debugbQj34:debugvfSrh,focus,2573,on,1701961769841
debugbQj34:debugvfSrh,focus,542,off,1701961770383
debugbQj34:debugvfSrh,focus,1046,on,1701961771429
debugbQj34:debugvfSrh,focus,4530,off,1701961775959
debugbQj34:debugvfSrh,focus,11286,on,1701961787245
debugbQj34:debugvfSrh,focus,460989,off,1701962248234
debugbQj34:debugvfSrh,focus,18008,on,1701962266242
debugbQj34:debugvfSrh,focus,19120,off,1701962285362
debugbQj34:debugvfSrh,focus,6290,on,1701962291652
debugV77uA:debugTBQBh,initialized,0,,1702393864445
debugV77uA:debugTBQBh,window_resize,0,"[1024, 767]",1702393864445
debugV77uA:debugTBQBh,window_resize,25651,"[2560, 1334]",1702393890096
debugV77uA:debugTBQBh,focus,291020,off,1702394181116
debugV77uA:debugTBQBh,focus,11269,on,1702394192385
debugV77uA:debugTBQBh,focus,10771,off,1702394203156
debugV77uA:debugTBQBh,focus,8140,on,1702394211296
debugL0ULD:debugJSnGW,initialized,0,,1702393867576
debugL0ULD:debugJSnGW,window_resize,0,"[1024, 767]",1702393867576
debugnSWrv:debug83LVz,initialized,0,,1701963989357
debugnSWrv:debug83LVz,window_resize,0,"[1600, 802]",1701963989357
debugnSWrv:debug83LVz,focus,807976,off,1701964797333
debugnSWrv:debug83LVz,focus,21388,on,1701964818721
debugnSWrv:debug83LVz,focus,1911,off,1701964820632
debugnSWrv:debug83LVz,focus,1581,on,1701964822213
debugnSWrv:debug83LVz,focus,1011,off,1701964823224
debugnSWrv:debug83LVz,focus,95002,on,1701964918226
debugnSWrv:debug83LVz,focus,12192,off,1701964930418
debugnSWrv:debug83LVz,focus,3257,on,1701964933675
debugnSWrv:debug83LVz,window_resize,342,"[1024, 767]",1701964934017
debugnSWrv:debug83LVz,focus,2037,off,1701964936054
debugnSWrv:debug83LVz,focus,11881,on,1701964947935
debugnSWrv:debug83LVz,window_resize,7242,"[1024, 540]",1701964955177
debugnSWrv:debug83LVz,window_resize,65447,"[1600, 802]",1701965020624
debuguWjEj:debugNldvu,initialized,0,,1701964439154
debuguWjEj:debugNldvu,window_resize,0,"[1028, 752]",1701964439154
debuguWjEj:debugNldvu,focus,40270,off,1701964479424
debuguWjEj:debugNldvu,focus,7694,on,1701964487118
debuguWjEj:debugNldvu,focus,78529,off,1701964565647
debuguWjEj:debugNldvu,focus,13889,on,1701964579536
debuguWjEj:debugNldvu,focus,276063,off,1701964855599
debuguWjEj:debugNldvu,focus,2410,on,1701964858009
debuguWjEj:debugNldvu,focus,98148,off,1701964956157
debuguWjEj:debugNldvu,focus,1942,on,1701964958099
debuguWjEj:debugNldvu,focus,912860,off,1701965870959
debuguWjEj:debugNldvu,focus,5025,on,1701965875984
debugOL1K9:debugL90ag,initialized,0,,1703610213565
debugOL1K9:debugL90ag,window_resize,0,"[1024, 767]",1703610213565
debugOL1K9:debugL90ag,window_resize,43207,"[1024, 765]",1703610256772
debugOL1K9:debugL90ag,focus,4159,off,1703610260931
debugOL1K9:debugL90ag,focus,12095,on,1703610273026
debugOL1K9:debugL90ag,focus,262628,off,1703610535654
debugOL1K9:debugL90ag,window_resize,2124,"[1920, 982]",1703610537778
debugOL1K9:debugL90ag,focus,8154,on,1703610545932
debugOL1K9:debugL90ag,focus,621074,off,1703611167006
debugOL1K9:debugL90ag,focus,2672,on,1703611169678
debug8qzNk:debugKtc2X,initialized,0,,1701965666124
debug8qzNk:debugKtc2X,window_resize,0,"[1024, 739]",1701965666124
debugSCjlp:debugaTXQC,initialized,0,,1702480048382
debugSCjlp:debugaTXQC,window_resize,0,"[1024, 654]",1702480048382
debugSCjlp:debugaTXQC,window_resize,20991,"[1366, 670]",1702480069373
debugSCjlp:debugaTXQC,window_resize,3066,"[1366, 768]",1702480072439
debugvu2Os:debugaeXdr,initialized,0,,1703168147335
debugvu2Os:debugaeXdr,window_resize,0,"[1024, 748]",1703168147335
debugvu2Os:debugaeXdr,focus,23262,off,1703168170597
debugvu2Os:debugaeXdr,focus,5649,on,1703168176246
debugPFRxv:debugFMWGH,initialized,0,,1702358655343
debugPFRxv:debugFMWGH,window_resize,0,"[1028, 778]",1702358655343
debugPFRxv:debugFMWGH,focus,508011,off,1702359163354
debugPFRxv:debugFMWGH,focus,4465,on,1702359167819
debugXVN5B:debugrBsPH,initialized,0,,1701962228594
debugXVN5B:debugrBsPH,window_resize,0,"[1024, 767]",1701962228594
debugXVN5B:debugrBsPH,window_resize,11607,"[1680, 958]",1701962240201
debugXVN5B:debugrBsPH,focus,340111,off,1701962580312
debugXVN5B:debugrBsPH,focus,43855,on,1701962624167
debugz583D:debugb872i,initialized,0,,1702393853752
debugz583D:debugb872i,window_resize,0,"[1000, 1211]",1702393853752
debugz583D:debugb872i,window_resize,3471,"[1143, 1244]",1702393857223
debugz583D:debugb872i,window_resize,28004,"[2358, 1279]",1702393885227
debugz583D:debugb872i,window_resize,506,"[2353, 1279]",1702393885733
debugz583D:debugb872i,window_resize,1971,"[2474, 1279]",1702393887704
debugz583D:debugb872i,focus,9041,off,1702393896745
debugz583D:debugb872i,focus,1664,on,1702393898409
debugz583D:debugb872i,focus,380885,off,1702394279294
debugz583D:debugb872i,focus,2803,on,1702394282097
debugz583D:debugb872i,focus,1348,off,1702394283445
debugz583D:debugb872i,focus,1262,on,1702394284707
debugcilMg:debug6E6Xk,initialized,0,,1701964623360
debugcilMg:debug6E6Xk,window_resize,0,"[1024, 654]",1701964623360
debugcilMg:debug6E6Xk,window_resize,487243,"[1366, 670]",1701965110603
debugcilMg:debug6E6Xk,focus,361526,off,1701965472129
debugcilMg:debug6E6Xk,focus,5885,on,1701965478014
debugbyB0g:debugRUbbj,initialized,0,,1701964016549
debugbyB0g:debugRUbbj,window_resize,0,"[1024, 767]",1701964016549
debugbyB0g:debugRUbbj,focus,98738,off,1701964115287
debugbyB0g:debugRUbbj,focus,6318,on,1701964121605
debugbyB0g:debugRUbbj,window_resize,70210,"[1920, 976]",1701964191815
debugbyB0g:debugRUbbj,focus,24935,off,1701964216750
debugbyB0g:debugRUbbj,focus,15455,on,1701964232205
debugOykkH:debugDiFIO,initialized,0,,1703353684913
debugOykkH:debugDiFIO,window_resize,0,"[1024, 767]",1703353684913
debugOykkH:debugDiFIO,window_resize,78919,"[1440, 812]",1703353763832
debugWAXqc:debugR211G,initialized,0,,1703613053391
debugWAXqc:debugR211G,window_resize,0,"[1024, 650]",1703613053391
debugWAXqc:debugR211G,focus,19380,off,1703613072771
debugWAXqc:debugR211G,focus,8333,on,1703613081104
debugWAXqc:debugR211G,focus,20395,off,1703613101499
debugWAXqc:debugR211G,focus,2611,on,1703613104110
debugWAXqc:debugR211G,window_resize,21031,"[1366, 666]",1703613125141
debugWAXqc:debugR211G,focus,262085,off,1703613387226
debugWAXqc:debugR211G,focus,2504,on,1703613389730
debugesPKW:debug9eyGC,initialized,0,,1703168175404
debugesPKW:debug9eyGC,window_resize,0,"[1024, 654]",1703168175404
debugesPKW:debug9eyGC,focus,17369,off,1703168192773
debugesPKW:debug9eyGC,focus,5278,on,1703168198051
debugesPKW:debug9eyGC,focus,0,off,1703168198051
debugesPKW:debug9eyGC,focus,1214,on,1703168199265
debugesPKW:debug9eyGC,focus,13784,off,1703168213049
debugesPKW:debug9eyGC,focus,5321,on,1703168218370
debugiW7Y6:debugabDvi,initialized,0,,1702393952515
debugiW7Y6:debugabDvi,window_resize,1,"[1024, 767]",1702393952516
debugiW7Y6:debugabDvi,focus,7133,off,1702393959649
debugiW7Y6:debugabDvi,focus,72854,on,1702394032503
debugiW7Y6:debugabDvi,focus,29376,off,1702394061879
debugiW7Y6:debugabDvi,focus,4295,on,1702394066174
debugiW7Y6:debugabDvi,focus,798704,off,1702394864878
debugiW7Y6:debugabDvi,focus,146,on,1702394865024
debugiW7Y6:debugabDvi,focus,354,off,1702394865378
debugiW7Y6:debugabDvi,focus,10536,on,1702394875914
debugiW7Y6:debugabDvi,focus,189826,off,1702395065740
debugiW7Y6:debugabDvi,focus,47985,on,1702395113725
debugOoq7C:debugw98wl,initialized,0,,1702394465435
debugOoq7C:debugw98wl,window_resize,0,"[1024, 767]",1702394465435
debugOoq7C:debugw98wl,window_resize,33263,"[1440, 900]",1702394498698
debugOoq7C:debugw98wl,window_resize,7463,"[1024, 767]",1702394506161
debugOoq7C:debugw98wl,focus,1080,off,1702394507241
debugOoq7C:debugw98wl,focus,14161,on,1702394521402
debugOoq7C:debugw98wl,window_resize,2927,"[1440, 900]",1702394524329
debugzGwP7:debugfJGhC,initialized,0,,1702480056609
debugzGwP7:debugfJGhC,window_resize,0,"[1028, 778]",1702480056609
debugzGwP7:debugfJGhC,window_resize,19565,"[2048, 1152]",1702480076174
debuggA2gl:debug6HQhD,initialized,0,,1702480070954
debuggA2gl:debug6HQhD,window_resize,0,"[1032, 600]",1702480070954
debuggA2gl:debug6HQhD,window_resize,156443,"[1280, 614]",1702480227397
debug8nUzK:debuglBs1x,initialized,0,,1702480048100
debug8nUzK:debuglBs1x,window_resize,0,"[1024, 488]",1702480048100
debug8nUzK:debuglBs1x,focus,167,on,1702480048267
debug8nUzK:debuglBs1x,focus,11492,off,1702480059759
debug8nUzK:debuglBs1x,focus,1475,on,1702480061234
debug8nUzK:debuglBs1x,window_resize,11510,"[1093, 502]",1702480072744
debug8nUzK:debuglBs1x,focus,345014,off,1702480417758
debug8nUzK:debuglBs1x,focus,761,on,1702480418519
debugB2vA0:debug5lQ0k,initialized,0,,1702480078901
debugB2vA0:debug5lQ0k,window_resize,0,"[1024, 688]",1702480078901
debugB2vA0:debug5lQ0k,focus,407,on,1702480079308
debugB2vA0:debug5lQ0k,window_resize,16984,"[1366, 704]",1702480096292
debugnZVwk:debugc8Hq4,initialized,0,,1703353686681
debugnZVwk:debugc8Hq4,window_resize,0,"[1366, 676]",1703353686681
debugnZVwk:debugc8Hq4,focus,3642,off,1703353690323
debugnZVwk:debugc8Hq4,focus,5479,on,1703353695802
debugnZVwk:debugc8Hq4,focus,15626,off,1703353711428
debugnZVwk:debugc8Hq4,focus,3685,on,1703353715113
debugnZVwk:debugc8Hq4,focus,486449,off,1703354201562
debugnZVwk:debugc8Hq4,focus,9535,on,1703354211097
debug8beZt:debugMN7fL,initialized,0,,1703168918470
debug8beZt:debugMN7fL,window_resize,0,"[1028, 744]",1703168918470
debug8beZt:debugMN7fL,window_resize,11704,"[1536, 758]",1703168930174
debug8beZt:debugMN7fL,window_resize,5559,"[1028, 744]",1703168935733
debug8beZt:debugMN7fL,focus,963,off,1703168936696
debug8beZt:debugMN7fL,focus,7300,on,1703168943996
debug8beZt:debugMN7fL,window_resize,1508,"[1536, 758]",1703168945504
debug8beZt:debugMN7fL,focus,37943,off,1703168983447
debug8beZt:debugMN7fL,focus,3954,on,1703168987401
debug5WDao:debugVRZOg,initialized,0,,1703168059978
debug5WDao:debugVRZOg,window_resize,0,"[1920, 982]",1703168059978
debug5WDao:debugVRZOg,window_resize,24581,"[1920, 1080]",1703168084559
debugPexsZ:debug1sEmS,initialized,0,,1702748984791
debugPexsZ:debug1sEmS,window_resize,0,"[1536, 762]",1702748984791
debugPexsZ:debug1sEmS,focus,427305,off,1702749412096
debugPexsZ:debug1sEmS,focus,306,on,1702749412402
debugPexsZ:debug1sEmS,focus,58910,off,1702749471312
debugPexsZ:debug1sEmS,focus,280,on,1702749471592
debugPexsZ:debug1sEmS,focus,23797,off,1702749495389
debugPexsZ:debug1sEmS,focus,319,on,1702749495708
debugPexsZ:debug1sEmS,focus,2084,off,1702749497792
debugPexsZ:debug1sEmS,focus,307,on,1702749498099
debugPexsZ:debug1sEmS,focus,1295,off,1702749499394
debugPexsZ:debug1sEmS,focus,297,on,1702749499691
debugPexsZ:debug1sEmS,focus,181536,off,1702749681227
debugPexsZ:debug1sEmS,focus,326,on,1702749681553
debugPexsZ:debug1sEmS,focus,503738,off,1702750185291
debugPexsZ:debug1sEmS,focus,277,on,1702750185568
debughKc06:debugEnO4x,initialized,0,,1702748961859
debughKc06:debugEnO4x,window_resize,0,"[1024, 650]",1702748961859
debughKc06:debugEnO4x,window_resize,11137,"[1366, 666]",1702748972996
debughKc06:debugEnO4x,focus,120058,off,1702749093054
debughKc06:debugEnO4x,focus,292,on,1702749093346
debugrwQCw:debug3Nc6a,initialized,0,,1703172698941
debugrwQCw:debug3Nc6a,window_resize,0,"[1024, 767]",1703172698941
debugrwQCw:debug3Nc6a,window_resize,17139,"[1920, 982]",1703172716080
debugrwQCw:debug3Nc6a,focus,10139,off,1703172726219
debugrwQCw:debug3Nc6a,focus,6704,on,1703172732923
debugwe0Ew:debugV82tL,initialized,0,,1703168085806
debugwe0Ew:debugV82tL,window_resize,0,"[1037, 803]",1703168085806
debugwe0Ew:debugV82tL,focus,30545,off,1703168116351
debugwe0Ew:debugV82tL,focus,158,on,1703168116509
debugwe0Ew:debugV82tL,focus,121332,off,1703168237841
debugwe0Ew:debugV82tL,focus,1994,on,1703168239835
debugwe0Ew:debugV82tL,focus,690,off,1703168240525
debugwe0Ew:debugV82tL,focus,2852,on,1703168243377
debugwe0Ew:debugV82tL,focus,8,off,1703168243385
debugwe0Ew:debugV82tL,focus,31,on,1703168243416
debugwe0Ew:debugV82tL,focus,6,off,1703168243422
debugwe0Ew:debugV82tL,focus,3368,on,1703168246790
debugwe0Ew:debugV82tL,window_resize,20335,"[1920, 982]",1703168267125
debugwe0Ew:debugV82tL,focus,4312,off,1703168271437
debugwe0Ew:debugV82tL,focus,4162,on,1703168275599
debugrfbxD:debugEYRQZ,initialized,0,,1703353519677
debugrfbxD:debugEYRQZ,window_resize,0,"[1024, 767]",1703353519677
debugrfbxD:debugEYRQZ,focus,967454,off,1703354487131
debugrfbxD:debugEYRQZ,focus,10120,on,1703354497251
debug4IxKM:debugyynv4,initialized,0,,1702749035978
debug4IxKM:debugyynv4,window_resize,0,"[1032, 600]",1702749035978
debug4IxKM:debugyynv4,window_resize,14999,"[1280, 614]",1702749050977
debugRQmyR:debugVCwKy,initialized,0,,1703613015638
debugRQmyR:debugVCwKy,window_resize,0,"[1024, 664]",1703613015638
debugRQmyR:debugVCwKy,window_resize,7272,"[1366, 680]",1703613022910
debugspJAx:debugcmBVg,initialized,0,,1703173500948
debugspJAx:debugcmBVg,window_resize,0,"[1278, 1325]",1703173500948
debugspJAx:debugcmBVg,focus,38149,off,1703173539097
debugspJAx:debugcmBVg,focus,51601,on,1703173590698
debugspJAx:debugcmBVg,window_resize,2479,"[1024, 767]",1703173593177
debugspJAx:debugcmBVg,focus,841,off,1703173594018
debugspJAx:debugcmBVg,focus,2052,on,1703173596070
debugspJAx:debugcmBVg,window_resize,610,"[1278, 1325]",1703173596680
debugspJAx:debugcmBVg,focus,4523,off,1703173601203
debugspJAx:debugcmBVg,focus,5321,on,1703173606524
debugspJAx:debugcmBVg,focus,9488,off,1703173616012
debugspJAx:debugcmBVg,focus,34768,on,1703173650780
debugspJAx:debugcmBVg,focus,12239,off,1703173663019
debugspJAx:debugcmBVg,focus,3818,on,1703173666837
debugspJAx:debugcmBVg,focus,17892,off,1703173684729
debugspJAx:debugcmBVg,focus,103073,on,1703173787802
debugspJAx:debugcmBVg,focus,18827,off,1703173806629
debugspJAx:debugcmBVg,focus,16003,on,1703173822632
debugspJAx:debugcmBVg,focus,1039,off,1703173823671
debugspJAx:debugcmBVg,focus,705,on,1703173824376
debugspJAx:debugcmBVg,focus,713,off,1703173825089
debugspJAx:debugcmBVg,focus,26387,on,1703173851476
debugspJAx:debugcmBVg,focus,65951,off,1703173917427
debugspJAx:debugcmBVg,focus,10198,on,1703173927625
debugspJAx:debugcmBVg,focus,82834,off,1703174010459
debugspJAx:debugcmBVg,focus,36659,on,1703174047118
debugspJAx:debugcmBVg,focus,57389,off,1703174104507
debugspJAx:debugcmBVg,focus,712,on,1703174105219
debugspJAx:debugcmBVg,focus,2549,off,1703174107768
debugspJAx:debugcmBVg,focus,954,on,1703174108722
debugspJAx:debugcmBVg,focus,12228,off,1703174120950
debugspJAx:debugcmBVg,focus,39465,on,1703174160415
debugspJAx:debugcmBVg,focus,52119,off,1703174212534
debugspJAx:debugcmBVg,focus,2188,on,1703174214722
debugspJAx:debugcmBVg,focus,110178,off,1703174324900
debugspJAx:debugcmBVg,focus,1436,on,1703174326336
debugFYvVl:debugoqokC,initialized,0,,1702749086372
debugFYvVl:debugoqokC,window_resize,0,"[1024, 654]",1702749086372
debugFYvVl:debugoqokC,window_resize,35643,"[1280, 670]",1702749122015
debugFYvVl:debugoqokC,focus,10587,off,1702749132602
debugFYvVl:debugoqokC,focus,6499,on,1702749139101
debugFYvVl:debugoqokC,focus,249107,off,1702749388208
debugFYvVl:debugoqokC,focus,51779,on,1702749439987
debugFYvVl:debugoqokC,focus,4592,off,1702749444579
debugFYvVl:debugoqokC,focus,34176,on,1702749478755
debugdmEiT:debug3n7zP,initialized,0,,1703168012216
debugdmEiT:debug3n7zP,window_resize,0,"[1032, 608]",1703168012216
debugdmEiT:debug3n7zP,focus,13973,off,1703168026189
debugdmEiT:debug3n7zP,focus,7041,on,1703168033230
debugdmEiT:debug3n7zP,focus,183866,off,1703168217096
debugdmEiT:debug3n7zP,focus,4547,on,1703168221643
debug7v4dI:debug45jMp,initialized,0,,1703613710497
debug7v4dI:debug45jMp,window_resize,0,"[1920, 992]",1703613710497
debug7v4dI:debug45jMp,focus,42693,off,1703613753190
debug7v4dI:debug45jMp,focus,7277,on,1703613760467
debug7v4dI:debug45jMp,focus,714834,off,1703614475301
debug7v4dI:debug45jMp,focus,56316,on,1703614531617
debugas5bO:debugKRNnw,initialized,0,,1703172711710
debugas5bO:debugKRNnw,window_resize,0,"[1024, 767]",1703172711710
debugas5bO:debugKRNnw,window_resize,1205167,"[1440, 900]",1703173916877
debugas5bO:debugKRNnw,focus,5875,off,1703173922752
debugas5bO:debugKRNnw,focus,19886,on,1703173942638
debugP1WbH:debugOrPO9,initialized,0,,1703345854960
debugP1WbH:debugOrPO9,window_resize,0,"[1024, 654]",1703345854960
debugP1WbH:debugOrPO9,window_resize,23874,"[1366, 670]",1703345878834
debugP1WbH:debugOrPO9,focus,482344,off,1703346361178
debugP1WbH:debugOrPO9,focus,16233,on,1703346377411
debug2MW6b:debugEadnd,initialized,0,,1702748981514
debug2MW6b:debugEadnd,window_resize,1,"[1024, 767]",1702748981515
debug2MW6b:debugEadnd,window_resize,16482,"[1920, 982]",1702748997997
debug2MW6b:debugEadnd,window_resize,4825,"[1024, 767]",1702749002822
debug2MW6b:debugEadnd,focus,667,off,1702749003489
debug2MW6b:debugEadnd,focus,4942,on,1702749008431
debug2MW6b:debugEadnd,window_resize,1272,"[1920, 982]",1702749009703
debug2MW6b:debugEadnd,focus,267391,off,1702749277094
debug2MW6b:debugEadnd,focus,9179,on,1702749286273
debug2MW6b:debugEadnd,window_resize,1446,"[1024, 767]",1702749287719
debug2MW6b:debugEadnd,window_resize,1495,"[1920, 982]",1702749289214
debug2MW6b:debugEadnd,focus,784,off,1702749289998
debug2MW6b:debugEadnd,focus,13877,on,1702749303875
debugKeAJA:debugNYy79,initialized,0,,1702748986621
debugKeAJA:debugNYy79,window_resize,0,"[1024, 767]",1702748986621
debugKeAJA:debugNYy79,window_resize,55718,"[1600, 802]",1702749042339
debugKeAJA:debugNYy79,focus,224836,off,1702749267175
debugKeAJA:debugNYy79,focus,5459,on,1702749272634
debugKeAJA:debugNYy79,focus,656100,off,1702749928734
debugKeAJA:debugNYy79,focus,70215,on,1702749998949
debugjU8c1:debug3OtZ6,initialized,0,,1702748975741
debugjU8c1:debug3OtZ6,window_resize,0,"[1024, 654]",1702748975741
debugnAKux:debugi4Ilp,initialized,0,,1703168015083
debugnAKux:debugi4Ilp,window_resize,0,"[1028, 744]",1703168015083
debuggRMkE:debugZVxjj,initialized,0,,1703258977841
debuggRMkE:debugZVxjj,window_resize,0,"[1024, 658]",1703258977841
debuggRMkE:debugZVxjj,window_resize,15648,"[1366, 674]",1703258993489
debugDFl1K:debugGXChQ,initialized,0,,1703173092922
debugDFl1K:debugGXChQ,window_resize,0,"[1024, 482]",1703173092922
debugDFl1K:debugGXChQ,focus,452,on,1703173093374
debugDFl1K:debugGXChQ,focus,11073,off,1703173104447
debugDFl1K:debugGXChQ,focus,726962,on,1703173831409
debugDFl1K:debugGXChQ,focus,14194,off,1703173845603
debugDFl1K:debugGXChQ,focus,9321,on,1703173854924
debugDFl1K:debugGXChQ,window_resize,125846,"[1126, 530]",1703173980770
debugDFl1K:debugGXChQ,window_resize,312,"[1297, 611]",1703173981082
debugDFl1K:debugGXChQ,focus,33608,off,1703174014690
debugDFl1K:debugGXChQ,focus,2570,on,1703174017260
debugDFl1K:debugGXChQ,focus,48073,off,1703174065333
debugDFl1K:debugGXChQ,focus,2447,on,1703174067780
debugDFl1K:debugGXChQ,focus,1067,off,1703174068847
debugDFl1K:debugGXChQ,focus,2787,on,1703174071634
debugq4Lfq:debugS5xJD,initialized,0,,1703615774661
debugq4Lfq:debugS5xJD,window_resize,0,"[1024, 646]",1703615774661
debugq4Lfq:debugS5xJD,window_resize,6621,"[1366, 662]",1703615781282
debugq4Lfq:debugS5xJD,focus,1807,off,1703615783089
debugq4Lfq:debugS5xJD,focus,6618,on,1703615789707
debugq4Lfq:debugS5xJD,focus,1995831,off,1703617785538
debugq4Lfq:debugS5xJD,focus,212,on,1703617785750
debugq4Lfq:debugS5xJD,focus,410303,off,1703618196053
debugq4Lfq:debugS5xJD,focus,114,on,1703618196167
debughsFgX:debug0gkPt,initialized,0,,1703955309779
debughsFgX:debug0gkPt,window_resize,1,"[1024, 654]",1703955309780
debughsFgX:debug0gkPt,window_resize,53309,"[1366, 670]",1703955363089
debugqqhUE:debugC1KQG,initialized,0,,1702748970963
debugqqhUE:debugC1KQG,window_resize,0,"[1024, 767]",1702748970963
debugqqhUE:debugC1KQG,window_resize,38442,"[1920, 982]",1702749009405
debugo65pe:debugbLtZC,initialized,0,,1702748962326
debugo65pe:debugbLtZC,window_resize,0,"[1366, 651]",1702748962326
debugo65pe:debugbLtZC,focus,345387,off,1702749307713
debugo65pe:debugbLtZC,focus,71,on,1702749307784
debugo65pe:debugbLtZC,window_resize,219,"[1024, 643]",1702749308003
debugo65pe:debugbLtZC,focus,2726,off,1702749310729
debugo65pe:debugbLtZC,focus,559,on,1702749311288
debugo65pe:debugbLtZC,focus,842,off,1702749312130
debugo65pe:debugbLtZC,focus,46,on,1702749312176
debugo65pe:debugbLtZC,focus,13272,off,1702749325448
debugo65pe:debugbLtZC,focus,15935,on,1702749341383
debugo65pe:debugbLtZC,focus,8441,off,1702749349824
debugo65pe:debugbLtZC,focus,21,on,1702749349845
debugo65pe:debugbLtZC,window_resize,223,"[1366, 651]",1702749350068
debugu7q5x:debugeQFNV,initialized,0,,1703175928785
debugu7q5x:debugeQFNV,window_resize,0,"[1024, 767]",1703175928785
debugu7q5x:debugeQFNV,focus,16567,off,1703175945352
debugu7q5x:debugeQFNV,focus,7420,on,1703175952772
debugu7q5x:debugeQFNV,focus,319204,off,1703176271976
debugu7q5x:debugeQFNV,focus,4239,on,1703176276215
debugu7q5x:debugeQFNV,focus,5153,off,1703176281368
debugu7q5x:debugeQFNV,focus,8683,on,1703176290051
debugh8M7Q:debugIVABw,initialized,0,,1703615628764
debugh8M7Q:debugIVABw,window_resize,0,"[1024, 767]",1703615628764
debugh8M7Q:debugIVABw,focus,16967,off,1703615645731
debugh8M7Q:debugIVABw,focus,2834,on,1703615648565
debugh8M7Q:debugIVABw,focus,24049,off,1703615672614
debugh8M7Q:debugIVABw,focus,7353,on,1703615679967
debugh8M7Q:debugIVABw,window_resize,12010,"[1920, 1020]",1703615691977
debugh8M7Q:debugIVABw,window_resize,52154,"[1024, 767]",1703615744131
debugh8M7Q:debugIVABw,window_resize,518,"[1920, 1020]",1703615744649
debugh8M7Q:debugIVABw,window_resize,195317,"[1024, 767]",1703615939966
debugh8M7Q:debugIVABw,window_resize,292,"[1920, 1020]",1703615940258
debugh8M7Q:debugIVABw,focus,501,off,1703615940759
debugh8M7Q:debugIVABw,focus,27607,on,1703615968366
debugh8M7Q:debugIVABw,window_resize,249,"[1024, 767]",1703615968615
debugh8M7Q:debugIVABw,window_resize,302,"[1920, 1020]",1703615968917
debugh8M7Q:debugIVABw,focus,4964,off,1703615973881
debugh8M7Q:debugIVABw,focus,27520,on,1703616001401
debugh8M7Q:debugIVABw,window_resize,62758,"[1024, 767]",1703616064159
debugh8M7Q:debugIVABw,window_resize,238,"[1920, 1020]",1703616064397
debugh8M7Q:debugIVABw,focus,1306,off,1703616065703
debugh8M7Q:debugIVABw,focus,1336,on,1703616067039
debugh8M7Q:debugIVABw,focus,7777,off,1703616074816
debugh8M7Q:debugIVABw,focus,8584,on,1703616083400
debugh8M7Q:debugIVABw,focus,55923,off,1703616139323
debugh8M7Q:debugIVABw,focus,338253,on,1703616477576
debugh8M7Q:debugIVABw,window_resize,256,"[1024, 767]",1703616477832
debugh8M7Q:debugIVABw,focus,5855,off,1703616483687
debugh8M7Q:debugIVABw,focus,23012,on,1703616506699
debugvedNt:debugLhN6F,initialized,0,,1703258918078
debugvedNt:debugLhN6F,window_resize,0,"[1024, 634]",1703258918078
debugvedNt:debugLhN6F,window_resize,24989,"[1280, 765]",1703258943067
debugvedNt:debugLhN6F,window_resize,11519,"[1024, 634]",1703258954586
debugvedNt:debugLhN6F,focus,1699,off,1703258956285
debugvedNt:debugLhN6F,focus,8870,on,1703258965155
debugvedNt:debugLhN6F,window_resize,10239,"[1280, 765]",1703258975394
debugvedNt:debugLhN6F,window_resize,41141,"[1024, 634]",1703259016535
debugvedNt:debugLhN6F,focus,2785,off,1703259019320
debugvedNt:debugLhN6F,focus,18972,on,1703259038292
debugvedNt:debugLhN6F,window_resize,2972,"[1280, 765]",1703259041264
debugWevWe:debugmQnOa,initialized,0,,1703258961386
debugWevWe:debugmQnOa,window_resize,0,"[1024, 768]",1703258961386
debugWevWe:debugmQnOa,focus,255,on,1703258961641
debugWevWe:debugmQnOa,focus,315970,on,1703259277611
debugxF4mZ:debugtuf7P,initialized,0,,1703954952242
debugxF4mZ:debugtuf7P,window_resize,0,"[1024, 657]",1703954952242
debugxF4mZ:debugtuf7P,window_resize,504103,"[1280, 765]",1703955456345
